date,open,high,low,close,volume,tr,plus_dm,minus_dm,smooth_tr,smooth_plus_dm,smooth_minus_dm,plus_di,minus_di,dx,adx,ma,position,signal,daily_return,strategy_return,cumulative_return,benchmark_return,cum_max,drawdown
2021-04-05 09:16:19.477867,4038.730775980713,4046.8641060275986,4020.6685661204488,4020.6685661204488,135695500,,0.0,0.0,,,,,,,,,0,,,,,,,
2021-05-12 09:16:19.477867,3951.4004714487673,3984.3432738393117,3947.187975780508,3947.187975780508,68824260,56.40399286149568,48.915942588672806,0.0,68.19296691864263,10.84175096058623,29.977054397805368,15.898635079950315,43.95915847681094,46.87864642095722,38.868215417431095,4064.9700761507456,-1,-1.0,0.004900456301834888,0.0,1.0,0.9817242856177917,1.0,0.0
2021-06-21 09:16:19.477867,3850.296889679416,3850.296889679416,3850.0021749163475,3850.0021749163475,115667174,37.690891875270154,20.030661000492728,0.0,58.89752866397573,9.709730846673503,20.48583731245799,16.485803508106095,34.782167906117955,35.68770890149872,30.90936759790344,3825.19886777509,0,1.0,0.00980856063640978,-0.00980856063640978,1.0228398233571574,0.9575527332339213,1.051291858273479,-0.027063878305923383
2021-06-23 09:16:19.477867,3807.0642593810567,3809.341871903345,3796.1020618180632,3809.341871903345,74744604,23.376086972307803,0.0,12.313130849775916,55.02998420807574,9.709730846673503,20.545517766149,17.644436912719637,37.335132949454696,35.814569095569006,31.85269533534136,3815.6091844149914,-1,-1.0,-0.0026538381664092947,-0.0,1.0228398233571574,0.9474399118599786,1.051291858273479,-0.027063878305923383
2021-06-24 09:16:19.477867,3842.135130287386,3844.6496941876067,3820.217412961197,3823.5323275255273,84482503,35.307822284261874,35.307822284261874,0.0,53.17118518787178,12.231718152692208,19.25057416379429,23.004411335713908,36.20489950670744,22.294615463647414,31.335944942602897,3815.5093495200113,0,1.0,0.003725172509941199,-0.003725172509941199,1.0190295685651143,0.9509692889744604,1.051291858273479,-0.03068823320038694
2021-06-28 09:16:19.477867,3848.2270409561315,3848.2270409561315,3837.812673768781,3845.179167897637,87178374,24.4971346165039,0.0,1.3894853799383782,49.577509791152316,15.219140946419397,11.952767213200527,30.6976712031943,24.109252892192735,12.021142254827062,26.829425298803706,3815.650054184054,1,1.0,-0.004435335676712615,-0.0,1.0190295685651143,0.9563531797419097,1.051291858273479,-0.03068823320038694
2021-06-29 09:16:19.477867,3839.8312221507476,3861.6528567298783,3819.870923501286,3839.3070695928855,113181086,41.78193322859215,0.0,17.94175026749508,47.09357966100077,12.180054656604332,13.234320803735889,25.8635141866077,28.10217634548499,4.148306334644213,24.695094040985854,3813.710325109975,0,-1.0,-0.0015271325595894725,-0.0015271325595894725,1.0174733753317742,0.9548927016626589,1.051291858273479,-0.032168500759859775
2021-06-30 09:16:19.477867,3815.709965722998,3815.709965722998,3743.0187804269194,3797.987266598576,120537892,96.28828916596603,0.0,76.85214307436672,51.39587799096762,12.180054656604332,18.478868887082463,23.698504885440173,35.95399010467331,20.544799041958434,23.21445608453006,3809.7690110540925,-1,-1.0,-0.010762307428223261,-0.0,1.0174733753317742,0.9446158528463987,1.051291858273479,-0.032168500759859775
2021-07-05 09:16:19.477867,3840.505822122711,3840.505822122711,3784.9035956139505,3837.187689662142,108316532,55.602226508760396,38.73837037962903,0.0,52.59377067476846,14.74166352774351,15.965021225411451,28.029295748547145,30.355346309236147,3.984010997938308,20.362703126647467,3804.975615754818,0,1.0,0.01378201297011361,-0.01378201297011361,1.0066795219760103,0.9543655803901915,1.051291858273479,-0.04243572890475422
2021-07-21 09:16:19.477867,3874.174273963564,3916.4188871224505,3874.174273963564,3916.4188871224505,115176488,54.41608691973488,0.0,54.41608691973488,66.42281171418959,26.330265176458948,13.117571128051136,39.640395365609216,19.74859357730093,33.49409064267791,20.170371724877267,3871.1493879995833,1,1.0,-0.003098178390406603,-0.0,1.0066795219760103,0.9740715561893257,1.051291858273479,-0.04243572890475422
2021-07-23 09:16:19.477867,3826.7181228732397,3864.4946953535837,3826.7181228732397,3840.969953003995,105575996,92.76180160867034,0.0,63.32260927636344,69.85770559714418,23.053974044874685,17.64061464779138,33.00133299227215,25.252210184974267,13.30240597334971,21.98904152767031,3874.879775078338,0,-1.0,-0.020030711469530615,-0.020030711469530615,0.9872860660865735,0.9553062854693727,1.051291858273479,-0.060882990468528075
2021-07-28 09:16:19.477867,3870.0834278801763,3900.5370895732613,3870.0834278801763,3900.5370895732613,117157976,55.870019905669324,55.870019905669324,0.0,57.34691570028109,22.847372752406304,16.78184122767977,39.84063043916121,29.26372067747928,15.305707369756322,22.0299829726744,3879.606882182042,1,1.0,0.014531822624240798,0.0,0.9872860660865735,0.9701215172124712,1.051291858273479,-0.060882990468528075
2021-07-29 09:16:19.477867,3878.671674425386,3879.292441693254,3815.540997106691,3879.292441693254,111071390,84.99609246657019,0.0,54.542430773485194,59.62620756686676,22.847372752406304,16.885871544759375,38.31766883175409,28.31954644410851,15.003811828353983,23.089726542004268,3885.8917533522363,0,-1.0,-0.005446595530855802,-0.005446595530855802,0.9819087182113502,0.9648376576924347,1.051291858273479,-0.06599798097559284
2021-09-27 09:16:19.477867,3828.092110246037,3833.985073700816,3826.134648712455,3833.985073700816,133497193,78.47169623849231,3.8473503702684866,0.0,69.48695747091922,26.34606206423843,9.211600994612777,37.91511820799528,13.2565899125284,48.187815496385525,21.461949021026474,3738.007894725767,1,1.0,0.020895065028770476,0.0,0.9819087182113502,0.9535690422252927,1.051291858273479,-0.06599798097559284
2021-10-04 09:16:19.477867,3677.380296918474,3697.8611862421,3677.380296918474,3682.5834181182786,112275417,66.94894798150563,0.0,32.03551641870445,67.62271283616188,16.55356962984823,19.844094970558608,24.479304268603748,29.345310382086286,9.040484813615207,22.539585995307768,3744.0942709714136,-1,-2.0,-0.016490490750994402,-0.016490490750994402,0.9431337614208621,0.9159132013886964,1.051291858273479,-0.1028811323910025
2021-10-26 09:16:19.477867,3538.1426494900975,3575.474038338231,3538.1426494900975,3568.514543419885,127264579,78.47668059657462,0.0,51.35564358121064,52.4179483417156,19.288838064859323,16.76370875347428,36.79815535532655,31.980856336060132,7.004024775583824,23.825296682233,3645.2778113451554,0,1.0,-0.013301036762869534,0.013301036762869534,0.9718708720193779,0.8875425777417787,1.051291858273479,-0.07554608706333266
2021-10-27 09:16:19.477867,3513.8717076416797,3518.106684492037,3513.8717076416797,3518.106684492037,93927478,54.64283577820515,0.0,24.270941848417806,53.896940157007165,16.977866227676518,18.497347456932694,31.500612424783853,34.31984710643698,4.283219384568215,22.282611121618704,3632.8308361820973,-1,-1.0,-0.014125726072994893,-0.0,0.9718708720193779,0.8750053944104785,1.051291858273479,-0.07554608706333266
2021-10-28 09:16:19.477867,3487.2297520698444,3533.190968479179,3487.2297520698444,3533.190968479179,90222277,45.96121640933461,0.0,26.641955571835297,53.50645453052987,16.977866227676518,17.36732102247067,31.73050125754312,32.458366331413664,1.1339428489867405,19.368202232628562,3621.1383865379275,0,1.0,0.004287614145879637,-0.004287614145879637,0.9677038647205393,0.8787570799172739,1.051291858273479,-0.07950978873765369
2022-01-26 09:16:19.477867,3955.5078131127634,3968.0231900771887,3896.6493642232886,3968.0231900771887,102141149,71.37382585390014,6.933771950960363,0.0,63.16649986591811,30.492603657920522,12.898584778601064,48.273378646349535,20.419977054262233,40.547446413131404,20.642308664419197,3715.2428388681938,1,1.0,0.010216844905128086,0.0,0.9677038647205393,0.98690631292346,1.051291858273479,-0.07950978873765369
2022-02-17 09:16:19.477867,3948.542253907061,4033.175193498318,3933.3336580986497,3945.6303277023244,106399303,99.84153539966837,0.0,21.33637209788185,78.70381798754904,28.01292912406734,17.92078531883934,35.592846497610815,22.76990592968998,21.97110320301232,32.58306121949652,3975.9007775390696,0,-1.0,-0.006090209806195568,-0.006090209806195568,0.962242792941397,0.9813368754016617,1.051291858273479,-0.08470441831284214
2022-02-28 09:16:19.477867,4070.7218759266166,4070.7218759266166,4070.1619253320355,4070.1619253320355,127989728,31.045762802846184,0.0,0.0,66.83330689178842,27.966648662933494,9.651314655805143,41.84537615086896,14.440875522487376,48.68773424000053,20.501095890864722,3990.2801562355853,1,1.0,0.007546598131772386,0.0,0.962242792941397,1.0123097336668414,1.051291858273479,-0.08470441831284214
2022-03-01 09:16:19.477867,3957.22727895498,3992.606797816504,3947.5789668652624,3992.606797816504,87426913,122.5829584667731,0.0,122.5829584667731,68.86006454133705,21.23748070771262,18.40724026057465,30.8415056668494,26.73137236100714,7.13900962855041,18.178091937989343,3990.2952544667414,0,-1.0,-0.019054555798588946,-0.019054555798588946,0.9439076839515051,0.9930206213612318,1.051291858273479,-0.10214496904630199
2022-03-04 09:16:19.477867,4034.584771680638,4034.584771680638,3982.6436950628104,4022.472863326771,95930777,51.94107661782755,42.030524786972364,0.0,64.6296646164552,23.34272658666438,13.730211763484801,36.11766628403816,21.244442230927167,25.928656456606163,20.311263560928648,3994.2000138347257,1,1.0,0.009796210760008695,0.0,0.9439076839515051,1.0004487555183041,1.051291858273479,-0.10214496904630199
2022-03-07 09:16:19.477867,3986.329386475481,3995.6947807171487,3986.329386475481,3995.6947807171487,99268200,36.14347685128996,0.0,0.0,57.06753395047791,17.413057028639678,13.730211763484801,30.513070783381647,24.05958486904237,11.825493623476655,19.854748430477223,3990.368142906898,0,-1.0,-0.0066571195181353016,-0.0066571195181353016,0.9376239776853537,0.9937886485810491,1.051291858273479,-0.10812209729731981
2022-03-08 09:16:19.477867,4016.2077398682536,4029.560886355819,3975.216939276419,3996.2587073450395,113192999,54.343947079400095,33.86610563867043,0.0,55.25748072195016,19.832064574258993,13.730211763484801,35.89028004018471,24.84769769467737,18.180688191021506,20.263459314309134,3990.183996885963,1,1.0,0.00014113355970346575,0.0,0.9376239776853537,0.9939289055106162,1.051291858273479,-0.10812209729731981
2022-03-15 09:16:19.477867,4000.6855662276184,4000.6855662276184,3977.438696004269,3996.6155378545664,105870750,32.85086583502607,0.0,32.336400082068394,50.784623672709586,18.69502837782027,16.33642418277564,36.8123794680525,32.16805206248764,6.732818717593332,22.857931295110273,3997.2616323514885,0,-1.0,-0.003409734826843036,-0.003409734826843036,0.9377076992024534,0.9940176545591036,1.051291858273479,-0.1080424604995639
2022-03-17 09:16:19.477867,4068.3282601551214,4099.374891391356,4051.5774113336047,4051.5774113336047,93466535,123.48849299563744,106.03469787206905,0.0,48.90207503569919,17.386152095156927,14.927938861914104,35.55299459678305,30.52618697880714,7.607248604048733,20.60855160494799,4002.862942104331,1,1.0,0.01903751902177775,0.0,0.9377076992024534,1.0076874889598213,1.051291858273479,-0.1080424604995639
2022-03-18 09:16:19.477867,4078.168504955318,4081.4627154608975,4073.55563312587,4073.55563312587,102495041,29.885304127292784,0.0,0.0,48.81918513030252,17.386152095156927,14.927938861914104,35.613359888641774,30.578017273475943,7.607248604048731,17.674231202380007,4007.7023222530383,0,-1.0,0.0054246086304028385,0.0054246086304028385,0.9427943964803422,1.0131537992091817,1.051291858273479,-0.10320393993283694
2022-03-23 09:16:19.477867,4179.1744873909865,4179.1744873909865,4162.458492171025,4162.458492171025,92532631,108.84934166419771,89.15398865659063,0.0,53.92871738676714,27.318804440467733,11.728238118592637,50.657248613094474,21.747667452351603,39.92764957369993,20.07654517307712,4026.291527426936,1,1.0,0.022635377554778735,0.0,0.9427943964803422,1.035265260918381,1.051291858273479,-0.10320393993283694
2022-04-06 09:16:19.477867,4065.0798872597215,4075.593680335281,4063.0823791370553,4075.593680335281,101655458,143.102198735995,0.0,141.69332212773543,65.04089039806756,26.47350592577241,22.33418387658318,40.702865172582214,34.33868100496784,8.480880914362514,32.917985096125044,4112.027140578635,0,-1.0,-0.03104735303932038,-0.03104735303932038,0.9231195677693552,1.0136606918256443,1.051291858273479,-0.12191884631791894
2022-04-07 09:16:19.477867,4071.0674448159702,4071.0674448159702,3966.2551168589075,4039.5078634366027,100735656,109.33856347637357,0.0,96.82726227814783,70.7161232087162,26.47350592577241,29.25041689645088,37.43630833330155,41.36315110221651,4.983337191707919,32.73056285238642,4110.912213725582,-1,-1.0,-0.008854125246290478,-0.0,0.9231195677693552,1.0046856131029787,1.051291858273479,-0.12191884631791894
2022-04-08 09:16:19.477867,4045.618232001637,4045.618232001637,4034.9447404123393,4034.9447404123393,52313864,10.673491589297555,0.0,0.0,65.92229060364654,26.47350592577241,23.69419203500284,40.158656022653446,35.94261033413208,5.5400466908859105,31.738180946968594,4111.740451584388,0,1.0,-0.0011296235032901558,0.0011296235032901558,0.9241623453294544,1.0035506966210002,1.051291858273479,-0.12092694520892366
2022-04-11 09:16:19.477867,3974.321413496061,3990.1676596853476,3974.321413496061,3990.1676596853476,114903017,60.62332691627853,0.0,60.62332691627853,65.80402407581839,22.02500176106722,28.02442967187988,33.470600119667985,42.58771414889546,11.987005124824039,30.578585455972238,4110.734356476691,-1,-1.0,-0.011097321923277614,-0.0,0.9241623453294544,0.9924139714742675,1.051291858273479,-0.12092694520892366
2022-05-02 09:16:19.477867,4052.2639401837873,4072.100029152195,4052.2639401837873,4066.3560109453592,114062850,19.836088968407694,0.0,0.0,44.78750280918559,10.31408075792524,20.827295213179177,23.028925729277088,46.502470347392645,33.75963369444234,26.83953361742513,4054.2354015459723,0,1.0,0.0023984290141156883,-0.0023984290141156883,0.905718528253327,1.0113631462214723,1.051291858273479,-0.13847090023052677
2022-05-04 09:16:19.477867,4176.159684722968,4200.53268263155,4168.509888839478,4168.509888839478,103308073,102.14801857883594,102.14801857883594,0.0,49.18838748068314,18.417847977007405,16.655812518587386,37.44348802700701,33.86126964444264,5.023813977561107,24.6480205185753,4053.491216280165,1,1.0,0.017110454614433168,0.0,0.905718528253327,1.0367703331641867,1.051291858273479,-0.13847090023052677
2022-05-05 09:16:19.477867,4138.996553794328,4138.996553794328,4121.940166933064,4121.940166933064,72359648,46.56972190641409,0.0,46.56972190641409,51.748951005401686,18.417847977007405,19.98222122618839,35.59076584003588,38.61377059431136,4.073881327929457,23.38293065628588,4057.6128314549887,0,-1.0,-0.01117179115517919,-0.01117179115517919,0.8956000300103045,1.025187751526191,1.051291858273479,-0.14809572340726085
2022-05-06 09:16:19.477867,4213.096093771077,4236.334611541681,4190.836831308544,4214.91153800398,90327657,114.39444460861705,97.33805774735265,0.0,55.346965279799534,20.797548904172086,19.98222122618839,37.576674347062614,36.10355351042431,1.9993434866781727,21.847820293609487,4066.61117133457,1,1.0,0.022555245177198202,0.0,0.8956000300103045,1.0483111126145246,1.051291858273479,-0.14809572340726085
2022-07-20 09:16:19.477867,4643.274642697878,4643.274642697878,4631.701017352034,4641.426394420798,120977282,25.095163270601006,0.0,0.0,62.544021917496856,14.400110604704357,19.050914609983984,23.023960025627787,30.460008848030988,13.903322769424292,43.32876496525105,4650.610808401678,-1,-2.0,-0.0033005065297451175,-0.0033005065297451175,0.9862274879682096,1.1543916933445009,1.051291858273479,-0.06188992123664272
2022-07-21 09:16:19.477867,4649.515016392835,4660.055404562761,4649.515016392835,4660.055404562761,99415671,18.62901014196359,16.78076186488306,0.0,59.19305253756381,15.598736452196006,19.050914609983984,26.35230957602174,32.18437602604513,9.963096458296002,37.90389122839145,4654.360778751476,0,1.0,0.004013639032250271,-0.004013639032250271,0.9822691268278222,1.1590250049034139,1.051291858273479,-0.06565515646531472
2022-07-22 09:16:19.477867,4657.748375655962,4657.748375655962,4622.30280013326,4633.137300241997,115502302,37.752604429501844,0.0,27.212216259575143,56.2838782651379,15.598736452196006,17.676118958279535,27.714395192731107,31.405296690843144,6.24310002389832,33.67247769494739,4656.97009692115,-1,-1.0,-0.005776348558948152,-0.0,0.9822691268278222,1.152330072486555,1.051291858273479,-0.06565515646531472
2022-08-18 09:16:19.477867,4456.832264839093,4456.832264839093,4443.328501045001,4443.328501045001,73036459,25.13648749256936,0.0,0.0,55.70128317319469,18.460282657371472,15.666927883405217,33.14157521285825,28.12669114765504,8.185124801303738,21.71780344735444,4505.560384413436,0,1.0,0.002624892204455831,-0.002624892204455831,1.0231640886335789,1.1051218044894393,1.051291858273479,-0.0267554337252206
2022-08-19 09:16:19.477867,4375.286380351467,4415.738104374383,4375.286380351467,4403.84519636942,100313644,68.04212069353343,0.0,68.04212069353343,51.58783828566435,12.08818261741648,20.527079361514748,23.43223329203861,39.79053987074892,25.874073154922435,21.323201566568347,4494.095779219806,-1,-1.0,-0.008885974707090738,-0.0,1.0231640886335789,1.0953017200864916,1.051291858273479,-0.0267554337252206
2022-08-23 09:16:19.477867,4511.1287579908885,4511.1287579908885,4488.700913774693,4488.700913774693,120461131,87.25338866943912,86.74756138169778,0.0,46.87254210052119,18.90180073288119,11.898523003296045,40.32595606260283,25.384846799601558,22.73767571267207,20.12382836626989,4479.781482653086,1,2.0,0.014653564813962294,-0.014653564813962294,1.0035855852798157,1.1164065975489854,1.051291858273479,-0.045378714405731824
2022-08-24 09:16:19.477867,4492.079611726701,4492.079611726701,4480.770708320031,4480.770708320031,132870830,11.308903406669742,0.0,7.930205454661518,44.102761080423534,17.721420246466614,12.464966250057582,40.18211062602348,28.263460029922182,17.413326358271746,17.96243445516575,4473.07781583203,0,-1.0,-0.001766703909883094,-0.001766703909883094,1.0018125467023995,1.1144342376480763,1.051291858273479,-0.047065247563448764
2022-09-19 09:16:19.477867,4663.095170197013,4762.085220460891,4663.095170197013,4690.951904644065,96235951,98.99005026387749,0.0,14.893380830994829,77.50240854997959,26.26464216036707,16.31273533260563,33.88880765354483,21.048036619514743,23.373696112222923,20.642412855937486,4571.928901567329,1,1.0,-0.009328379950081955,-0.0,1.0018125467023995,1.1667094234455566,1.051291858273479,-0.047065247563448764
2022-09-21 09:16:19.477867,4550.542664186214,4558.405568770585,4549.3725480588055,4555.124200269135,95722496,109.03956759373068,0.0,109.03956759373068,78.37164564424054,25.08469309602216,20.49698700518411,32.00735787773471,26.153574850562567,10.06480252735713,23.07905141847311,4584.132136258677,0,-1.0,-0.022172343884378054,-0.022172343884378054,0.9728048098509782,1.1329270556275621,1.051291858273479,-0.07465771546200206
2022-09-26 09:16:19.477867,4477.253273406669,4493.905003508192,4477.253273406669,4490.425798315952,104411670,16.651730101522844,0.0,10.824403868472473,71.97129576005545,20.50886657772266,23.45885743892976,28.495897372887395,32.594740988322705,6.709446365906528,23.214955546509827,4583.349953904196,-1,-1.0,0.000523190820136632,0.0,0.9728048098509782,1.1168356019578032,1.051291858273479,-0.07465771546200206
2022-09-29 09:16:19.477867,4651.258486540053,4651.258486540053,4587.665711725058,4620.165243852018,117973383,70.02864084639259,70.02864084639259,0.0,64.17127027122635,21.141277566509807,23.45885743892976,32.94508193020656,36.5566356093288,5.196351697449551,17.906771251228438,4592.440523619456,0,1.0,0.008498896468806638,-0.008498896468806638,0.9451156283621008,1.1491037293606174,1.051291858273479,-0.10099595947194884
2022-11-23 09:16:19.477867,4755.4075808358875,4763.05134502472,4662.30324654701,4754.945884960371,131363648,100.7480984777103,0.0,54.13734475163437,61.19528679919261,29.277882677250414,14.599399266346998,47.84336214212611,23.85706486555696,33.45349292550084,20.905426047277285,4538.171029914327,1,1.0,0.0062294138127605425,0.0,0.9451156283621008,1.18262567698994,1.051291858273479,-0.10099595947194884
2022-11-29 09:16:19.477867,4583.447631131462,4583.447631131462,4559.426692395642,4559.426692395642,101659748,97.37752732325225,0.0,96.10559669778286,68.79064359261383,27.41458377749632,21.38969808051388,39.85219841792536,31.093906036387963,12.34499406119953,27.628867478540627,4585.318517481512,0,-1.0,-0.02091080550711455,-0.02091080550711455,0.906253305002725,1.1339971493335592,1.051291858273479,-0.13796221489715377
2022-12-02 09:16:19.477867,4602.104539125125,4674.977019769701,4602.104539125125,4641.806218072972,82483151,99.75992959174346,89.501542343648,0.0,67.68438439003187,26.589847501446652,22.432296052440183,39.28505480410728,33.14249845750813,8.480966248316625,27.259551966267132,4614.646897788735,1,1.0,0.01455431001033114,0.0,0.906253305002725,1.1544861611291322,1.051291858273479,-0.13796221489715377
2022-12-05 09:16:19.477867,4645.654783749839,4645.654783749839,4643.229875090125,4643.229875090125,83884006,3.8485656768671106,0.0,0.0,61.571669351859065,20.202234914926198,22.432296052440183,32.810926076208816,36.43282095251957,5.230645410925082,24.931767254223093,4627.834880750559,0,-1.0,0.0003067032422874316,0.0003067032422874316,0.9065312558297031,1.1548402457779265,1.051291858273479,-0.1376978251134885
2022-12-06 09:16:19.477867,4720.892475737792,4771.583381414547,4714.670666038063,4716.910890614356,120205491,128.3535063244226,125.92859766470792,0.0,67.56569027211228,29.19713474811962,19.692489001758922,43.21296005492115,29.14569350575701,19.441028621915525,24.130623095069968,4641.496031400469,1,1.0,0.015868483255484067,0.0,0.9065312558297031,1.1731658088808126,1.051291858273479,-0.1376978251134885
2022-12-07 09:16:19.477867,4648.422929266041,4650.05166015295,4648.422929266041,4650.05166015295,99112770,68.48796134831446,0.0,66.24773677202211,69.47257675991308,27.716554695929776,24.4244701997605,39.89567681031046,35.15699480122617,6.313808565817785,22.547727016567187,4651.738870330251,0,-1.0,-0.01417436793102056,-0.01417436793102056,0.8936817482686027,1.1565369250616426,1.051291858273479,-0.14992041340804918
2022-12-08 09:16:19.477867,4542.6940577517635,4588.680203495646,4542.6940577517635,4569.238553425091,127569347,107.35760240118634,0.0,105.72887151427767,73.84812399829414,25.590167113204384,31.976532450780333,34.652426802061356,43.30039914286648,11.093853540235669,21.506746869473123,4655.500393409401,-1,-1.0,-0.017378969661855592,-0.0,0.8936817482686027,1.1364375049281805,1.051291858273479,-0.14992041340804918
2022-12-12 09:16:19.477867,4575.900723852793,4581.360995653166,4548.564280949383,4581.360995653166,98904432,32.79671470378344,0.0,0.0,71.35365187465634,22.113280524744237,31.029922675864004,30.99109848447507,43.48750464849765,16.778518444702467,17.52510466076981,4659.023127625657,0,1.0,0.0035388001903675637,-0.0035388001903675637,0.8913051785458045,1.1394525363909138,1.051291858273479,-0.15218103181205855
2022-12-23 09:16:19.477867,4340.039527493253,4351.161151952404,4340.039527493253,4351.161151952404,126677714,57.86813411748426,0.0,5.291998981756478,70.73826035303611,12.103313851607579,31.983469919779118,17.109996473200095,45.21382030058133,45.09323286375497,20.825834187132813,4537.153966392244,-1,-1.0,-0.010629261288585767,-0.0,0.8913051785458045,1.0821984156109752,1.051291858273479,-0.15218103181205855
2023-01-16 09:16:19.477867,4250.1463412256,4328.360268990954,4244.393504426364,4251.073127165863,70119244,83.96676456458954,69.77271158109306,0.0,71.75342433611624,25.13697129070923,23.79539484917385,35.03243437269214,33.16273065618238,2.7416954203690285,44.61205492968366,4316.706696927186,0,1.0,-0.0017645358097481134,0.0017645358097481134,0.9113569237896055,1.0573050370246575,1.051291858273479,-0.1331075984110507
2023-01-18 09:16:19.477867,4327.2271320770415,4337.654244489526,4313.797216659018,4313.797216659018,90046549,58.4438273749156,25.27329272534371,0.0,73.81805154946427,25.3521757852264,19.345075125352455,34.34414110515816,26.206428806089033,13.439530480055078,36.270169144603685,4302.14545486574,1,1.0,0.008082519010067513,0.0,0.9113569237896055,1.0729054498569137,1.051291858273479,-0.1331075984110507
2023-01-19 09:16:19.477867,4289.033304022293,4303.257921175403,4284.71377847002,4293.210758124472,74637263,29.083438188998116,0.0,29.083438188998116,72.23432066281417,25.3521757852264,20.277202638156723,35.09713326379708,28.071424292628965,11.122161472331106,31.776613800250892,4296.910609691427,0,-1.0,-0.004772236037207667,-0.004772236037207667,0.9070077134351381,1.06778529180459,1.051291858273479,-0.13724461357029494
2023-01-24 09:16:19.477867,4178.9305661934395,4178.9305661934395,4166.186844501429,4166.186844501429,65070665,95.49367829851326,0.0,95.49367829851326,69.57812036522026,23.081561461520973,23.08606889973115,33.17359155488003,33.18006979572144,0.009763200265880317,20.7661542027976,4277.370993454711,-1,-1.0,-0.022407516890959656,-0.0,0.9070077134351381,1.0361925575281588,1.051291858273479,-0.13724461357029494
2023-01-25 09:16:19.477867,4106.500295273957,4106.500295273957,4105.739977982466,4105.739977982466,106632953,60.44686651896245,0.0,60.44686651896245,71.05838011515223,23.081561461520973,25.492904699694723,32.48253256564055,35.87600035123614,4.96421974082155,17.566514554508718,4265.309855431364,0,1.0,-0.014508918772747958,0.014508918772747958,0.9201674146756242,1.0211585238780567,1.051291858273479,-0.1247269657478356
2023-02-08 09:16:19.477867,4369.941889884433,4369.941889884433,4353.5690655851295,4353.5690655851295,101167405,67.02209798702006,0.0,67.02209798702006,62.36352923208032,29.40738415854412,19.674740088876206,47.154778635293646,31.548471247767928,19.829304902546966,20.478242058455944,4286.165652824258,1,1.0,-0.015161342794899335,-0.0,0.9201674146756242,1.0827972995013344,1.051291858273479,-0.1247269657478356
2023-02-13 09:16:19.477867,4320.336726640259,4334.969839488386,4259.348434894648,4280.2061033928,58284151,78.32334961646029,0.0,37.42827825099448,65.54810831326274,27.544005760822852,18.59717804148139,42.021053649918535,28.371799766673828,19.390113087854214,21.75813590761837,4296.822346639634,0,-1.0,-0.013248047333480839,-0.013248047333480839,0.9046614685802479,1.06455084098682,1.051291858273479,-0.13947638663733208
2023-02-16 09:16:19.477867,4276.341911151077,4290.744655375924,4275.787328901587,4290.744655375924,84530883,75.61076357583624,51.01358988591346,0.0,65.0347083646536,20.879449807408037,17.719086937157694,32.10508716412732,27.24558529240369,8.187778959510148,21.816327876771417,4290.646605531673,1,1.0,0.017937926888378586,0.0,0.9046614685802479,1.0671719354167182,1.051291858273479,-0.13947638663733208
2023-02-22 09:16:19.477867,4432.6665739439395,4487.920060134557,4415.093929304228,4415.093929304228,117134748,81.23158239885834,43.529909752176536,0.0,66.22565461013404,24.02440246112831,19.69920814212414,36.276579827799885,29.745584634975746,9.892125236982228,18.656574391627945,4325.05113697553,0,-1.0,0.0019074304006279075,0.0019074304006279075,0.9308792945764705,1.0980994470689132,1.051291858273479,-0.11453771162535231
2023-03-10 09:16:19.477867,4416.474415429924,4453.584203980862,4416.474415429924,4436.327832348696,91040773,43.03143301090677,0.0,43.03143301090677,64.370394293925,27.702621630682902,18.13188816366093,43.03627767788484,28.168055147942656,20.881064311509327,20.398415203566806,4384.948931714544,1,1.0,-0.005197440451891966,-0.0,0.9308792945764705,1.1033806341887349,1.051291858273479,-0.11453771162535231
2023-03-13 09:16:19.477867,4431.257922888199,4431.697464917618,4360.032125515759,4420.58087066602,75703877,76.29570683293696,0.0,56.442289914165485,62.19258040410672,21.240023670695077,22.163480300387032,34.15202188538321,35.63685596638072,2.1276084767423704,19.45366993557019,4391.967670078206,0,-1.0,-0.0035495486983293523,-0.0035495486983293523,0.9275750931881048,1.0994641308948885,1.051291858273479,-0.11768070313847223
2023-03-17 09:16:19.477867,4351.58424552037,4417.6892558621275,4345.749410995515,4345.749410995515,98949898,71.93984486661248,0.0,0.0,61.27283447772106,16.94481155878449,24.096467789683306,27.65468857972559,39.32651067161718,17.42551973143061,20.71091115876519,4411.689605371716,-1,-1.0,-0.006955138112422099,-0.0,0.9275750931881048,1.0808524352428117,1.051291858273479,-0.11768070313847223
2023-03-21 09:16:19.477867,4414.283962829056,4414.283962829056,4351.994185977178,4367.295890037333,100860817,62.28977685187783,31.363782130621075,0.0,63.622877508542125,17.683603159007102,24.096467789683306,27.79440957638684,37.87390437731785,15.349099427216789,19.78257673712256,4411.013558439828,0,1.0,0.0008752634994906305,-0.0008752634994906305,0.9229827453973232,1.086211364656536,1.051291858273479,-0.12204899321381213
2023-04-26 09:16:19.477867,4072.2743782811717,4072.2743782811717,4014.442456389536,4061.1321564418345,93371372,57.83192189163583,0.0,57.033943586528494,51.44929497845055,7.226467476939043,32.163136094741176,14.04580467033773,62.514240687287646,63.30774203508549,21.216058483700316,4224.575531320161,-1,-1.0,-0.002540661548299905,-0.0,0.9229827453973232,1.0100638960053416,1.051291858273479,-0.12204899321381213
2023-05-04 09:16:19.477867,4157.732680889598,4177.984567000439,4157.732680889598,4177.984567000439,71903661,64.42451166790761,46.609200385162694,0.0,55.279637920056466,18.91596234772016,27.27500490370741,34.21867989634046,49.3400570806046,18.096703865253883,28.55798989978621,4154.556592288075,0,1.0,0.015661497778400424,-0.015661497778400424,0.8966017401283207,1.0391268263705162,1.051291858273479,-0.14714288608608028
2023-05-05 09:16:19.477867,4070.9807552064526,4079.6948684362164,4052.6851737071875,4079.6948684362164,102144159,125.29939329325134,0.0,105.0475071824103,59.352306596903254,14.954968335968747,34.778398273879574,25.1969454827372,58.596540333436955,39.85941690499864,30.72109850274299,4141.906085765752,-1,-1.0,-0.02352562509219347,-0.0,0.8966017401283207,1.0146807182300825,1.051291858273479,-0.14714288608608028
2023-05-17 09:16:19.477867,4139.9087091374295,4139.9087091374295,4117.4693130456035,4134.739323354529,113951739,57.284247070665515,38.671390875038014,0.0,66.50196533683827,21.348849819603238,21.71169419893392,32.10258480553085,32.64819932608351,0.8426377037282231,22.46811146784987,4095.487196767088,0,1.0,0.012765039197698558,-0.012765039197698558,0.8843913400404831,1.0283710918615068,1.051291858273479,-0.15875754855278157
2023-06-05 09:16:19.477867,4331.746452926153,4331.746452926153,4307.929961576028,4307.929961576028,111822722,23.816491350125034,0.7108256007968521,0.0,49.525110254294795,22.628191773163184,7.587422759513337,45.69034103503258,15.32035510987148,49.7781337440087,22.050458931815108,4160.247154184947,1,1.0,-0.0032917923280897377,-0.0,0.8843913400404831,1.0714461763588623,1.051291858273479,-0.15875754855278157
2023-06-08 09:16:19.477867,4092.591005180709,4148.679362930371,4085.871019304217,4108.6076011266105,65055566,98.04852533195753,0.0,98.04852533195753,59.783567141065795,17.8618437832877,23.448775778928425,29.877514235878145,39.22277793092959,13.524202868045807,23.71382312071774,4173.365763237534,-1,-2.0,-0.018000332632140292,-0.018000332632140292,0.8434716939389476,1.0218717443529572,1.051291858273479,-0.19768075125763007
2023-06-13 09:16:19.477867,4183.6136321120475,4193.670321997611,4154.336010614362,4171.887124353023,49868568,93.18318820739933,53.06311538953105,0.0,63.136523801491684,23.257816201872174,18.840004358709297,36.8373404196236,29.84010399106607,10.494158092591414,22.191048094925517,4179.655981308371,0,1.0,0.01741256300365812,-0.01741256300365812,0.830418759660142,1.0376103018057221,1.051291858273479,-0.21009684121027394
2023-06-14 09:16:19.477867,4192.478135182645,4192.478135182645,4188.096927749408,4188.096927749408,105949241,20.591010829622064,0.0,0.0,60.407354368349516,19.690961119063104,18.840004358709297,32.596959964497636,31.18826268044696,2.2085010064040644,21.4796378696014,4182.323861528116,1,1.0,0.003885484653158855,0.0,0.830418759660142,1.0416419207093477,1.051291858273479,-0.21009684121027394
2023-06-15 09:16:19.477867,4216.57825066765,4216.57825066765,4144.5386365319955,4181.382753549553,102789955,72.03961413565412,0.0,43.55829121741226,62.0852578240832,19.690961119063104,20.0948941932864,31.716001204113347,32.36661149128946,1.015268042001646,20.167245404846458,4183.910990124115,-1,-2.0,-0.0016031563537529658,-0.0016031563537529658,0.8290874685493171,1.039972005845827,1.051291858273479,-0.21136317947813732
2023-06-16 09:16:19.477867,4235.42486797598,4235.42486797598,4218.371423129338,4218.427346345437,94303261,54.04211442642736,18.84661730833068,0.0,61.96007450969689,17.450713762473633,20.0948941932864,28.16444928539032,32.43200456471612,7.042582541021584,18.766436398018584,4186.434047935355,0,1.0,0.008859412060385319,-0.008859412060385319,0.821742241031337,1.0491855463768807,1.051291858273479,-0.2183500380371326
2023-06-20 09:16:19.477867,4105.774097885548,4139.2102830674385,4105.774097885548,4139.2102830674385,161965988,33.43618518189032,0.0,1.6955663084127082,61.11884958786037,10.599002492549257,28.13756028212853,17.341626296995074,46.03745075679125,45.276494694682306,20.117269436435436,4185.068074724475,-1,-1.0,0.0028659980058625134,0.0,0.821742241031337,1.0294830859588524,1.051291858273479,-0.2183500380371326
2023-06-23 09:16:19.477867,4162.671717501127,4238.273226111979,4126.465193467949,4162.122197565216,87012703,124.96900783953606,88.23909863312474,0.0,70.79124134991837,18.131242939888775,32.4103481468203,25.612268684859956,45.782991693304545,28.252187752527053,19.098752881500236,4187.403474617316,0,1.0,0.011868312359662125,-0.011868312359662125,0.8168808196689291,1.035181619454212,1.051291858273479,-0.22297427375640444
2023-06-28 09:16:19.477867,4180.987833027398,4285.469922962889,4144.75308472986,4189.871639746004,91789630,140.71683823302828,93.7324407271526,0.0,71.24221700824442,25.81606694184893,17.881970016435098,36.23703476109032,25.10024360186001,18.156643816718947,20.0841721306093,4180.782569607925,1,1.0,0.006674926990709373,0.0,0.8168808196689291,1.0420833179465014,1.051291858273479,-0.22297427375640444
2023-07-18 09:16:19.477867,4289.245527793724,4289.245527793724,4236.801645532954,4282.098288465022,83704879,57.049221908368054,0.0,42.0861305364906,43.769261250636774,9.646297726091039,12.746832699870017,22.03897769910544,29.1227960802847,13.845920221071154,25.876603858044877,4243.203498299612,0,-1.0,-0.0027370719988007997,-0.0027370719988007997,0.8348618431652667,1.0650214555229618,1.051291858273479,-0.20587053291143342
2023-07-19 09:16:19.477867,4215.045349580023,4275.114521808723,4215.045349580023,4239.915093869492,103523009,67.0529388849991,0.0,21.756295952931396,40.94154832896051,8.857537970978033,14.300853839365118,21.634594519505615,34.9299291869947,23.50472309547831,25.9338640587487,4246.54309057418,-1,-1.0,-0.009851057064514834,-0.0,0.8348618431652667,1.0545298683896724,1.051291858273479,-0.20587053291143342
2023-07-24 09:16:19.477867,4257.9857423477515,4318.045043206786,4257.9857423477515,4267.538989533598,100674381,81.94188099530584,62.82751097495566,0.0,48.828914178201885,11.68246827757964,14.454939461856545,23.925308342807476,29.60323755941617,10.607292092298035,26.96338231559556,4260.094201738057,0,1.0,0.007420930538836634,-0.007420930538836634,0.829383964495739,1.0614003415982514,1.051291858273479,-0.21108114937956046
2023-07-25 09:16:19.477867,4260.66667050903,4260.66667050903,4227.462569835447,4227.462569835447,105371871,40.07641969815177,0.0,30.523172512304882,49.15208696671243,11.68246827757964,14.105573676408767,23.76800050319619,28.697812334930095,9.396236453905596,26.410169198657407,4263.362830584103,-1,-1.0,-0.009390990872360283,-0.0,0.829383964495739,1.051432740678382,1.051291858273479,-0.21108114937956046
2023-07-26 09:16:19.477867,4287.387915353345,4334.448701471464,4248.7005015465165,4263.368789055977,77703556,106.98613163601749,73.78203096243396,0.0,54.04886107803317,14.87034030236516,14.105573676408767,27.512772713001425,26.097818520253018,2.6393183887715024,25.264819613570115,4267.0376880496015,0,1.0,0.00849356289437897,-0.00849356289437897,0.8223395396297051,1.060363150790543,1.051291858273479,-0.2177818812558664
2023-07-27 09:16:19.477867,4345.970332241106,4385.987132255239,4305.131482932114,4320.180474736382,123938218,122.6183431992622,51.53843078377486,0.0,60.231668425361285,18.551656786920507,12.795166309854917,30.800502911370632,21.243253996376687,18.36387202394921,23.553379179635414,4268.728845000015,1,1.0,0.013325538674074044,0.0,0.8223395396297051,1.0744930609649654,1.051291858273479,-0.2177818812558664
2023-08-03 09:16:19.477867,4236.614493335531,4247.25055320191,4159.11734183888,4247.25055320191,103211788,166.55437316282496,0.0,145.08173367677227,80.63990582429558,22.507572685294367,25.2335919182557,27.911209041260037,31.29169318877503,5.709997348407007,20.5744205440295,4282.515730838417,-1,-2.0,-0.01812924488185841,-0.01812924488185841,0.808457444089808,1.0563543060949407,1.051291858273479,-0.23098667822128316
2023-08-04 09:16:19.477867,4347.961110338602,4347.961110338602,4258.302354343912,4309.1559173753085,127242648,100.71055713669193,100.71055713669193,0.0,85.18914806057533,29.70118390934379,22.589222930486034,34.86498525401875,26.516549871379798,13.600890504911014,19.738220244845472,4285.328732200597,0,1.0,0.014575397283009162,-0.014575397283009162,0.7966738556557929,1.071751089777892,1.051291858273479,-0.24219535290213456
2023-08-07 09:16:19.477867,4347.374055908581,4347.374055908581,4285.9978621948,4335.609946289992,95271023,61.376193713780594,0.0,0.0,85.49821747524766,29.70118390934379,19.58307074930813,34.73895104063718,22.90465383676282,20.530112974447526,20.215662584372353,4289.285596969885,1,1.0,0.0061390280189250745,0.0,0.7966738556557929,1.0783305997473518,1.051291858273479,-0.24219535290213456
2023-08-10 09:16:19.477867,4294.265991890585,4320.487537240231,4290.658753155585,4290.658753155585,116411070,50.878338026775964,0.0,17.715057535774577,87.56739280561916,33.53442464601936,19.140325239876933,38.29556136318754,21.857822445809653,27.326374472252514,20.790320187357022,4299.201441867244,0,-1.0,-0.01171896887167212,-0.01171896887167212,0.7884140166033061,1.06715057025843,1.051291858273479,-0.2500521996830578
2023-08-11 09:16:19.477867,4403.772960372303,4405.868865337612,4393.402540654934,4393.402540654934,103686181,115.21011218202693,85.3813280973809,0.0,89.9436950332421,35.145411583335445,19.140325239876933,39.074902993863134,21.28034125438465,29.48304155027107,22.138588005783667,4303.07612180508,1,1.0,0.02394592378706073,0.0,0.7884140166033061,1.0927044764831568,1.051291858273479,-0.2500521996830578
2023-09-08 09:16:19.477867,4499.398060644254,4501.603467161193,4499.398060644254,4501.603467161193,72368165,52.153632412785555,0.0,27.44356948490622,79.74795023601708,33.45071292280792,19.05273728190702,41.94554571472905,23.891193724126733,27.42291332238566,42.11140840267693,4516.963723151994,0,-1.0,-0.010973889623628219,-0.010973889623628219,0.8078311144625618,1.1196156542454818,1.051291858273479,-0.23158244962607155
2023-09-12 09:16:19.477867,4464.405508273786,4475.343439828008,4418.281492100146,4455.680204429014,55528516,57.06194772786148,17.957462212195423,0.0,82.32555493046941,28.69388362593749,28.894148696452508,34.85416363141651,35.09742354103286,0.3477546678342664,35.27783276952816,4521.107792798162,-1,-1.0,0.0073335628797712715,0.0,0.8078311144625618,1.1081938566073612,1.051291858273479,-0.23158244962607155
2023-10-06 09:16:19.477867,4299.299812043711,4332.744261915146,4299.299812043711,4304.104029593038,125421306,132.37715030588151,83.11705747812084,0.0,82.01610143158382,20.977077238474067,30.32029948288732,25.57677928153257,36.96871584194953,18.213840242092783,41.629043850770486,4289.0054142119025,0,1.0,0.024697107473548696,-0.024697107473548696,0.8338174536908968,1.070494610239926,1.051291858273479,-0.20686396729043177
2023-10-16 09:16:19.477867,4256.216892399116,4258.124120697123,4256.216892399116,4258.124120697123,51926627,30.73695604965087,0.0,18.827702530907118,63.24151715132906,21.412664580441223,13.249002460375257,33.85855612730382,20.949849176881774,23.55242207610123,32.23989044445648,4257.14581272232,1,1.0,-0.006724991397347613,-0.0,0.8338174536908968,1.0590587238593976,1.051291858273479,-0.20686396729043177
2023-10-17 09:16:19.477867,4234.820277798934,4234.820277798934,4230.64593287257,4230.64593287257,127849118,27.47818782455306,0.0,25.570959526546176,63.86485931675985,20.525892151209973,15.075499569414271,32.139571543412806,23.60531242172181,15.309493023662423,28.289546317742456,4249.585650272428,0,-1.0,-0.006453120445924054,-0.006453120445924054,0.8284367292323157,1.0522244903550262,1.051291858273479,-0.211982169639509
2023-10-31 09:16:19.477867,4067.881181935238,4092.102750591961,4049.0852909007417,4090.874200558792,114309861,132.1936952404949,0.0,82.30631435469513,66.4250776516172,11.952530381202646,30.16059616855614,17.99400287326822,45.40543607151032,43.23608166646033,22.006772794416634,4216.583939530861,-1,-1.0,-0.0216213234950573,-0.0,0.8284367292323157,1.0174611841995418,1.051291858273479,-0.211982169639509
2023-11-24 09:16:19.477867,4006.457110371325,4059.1560453024495,4006.457110371325,4013.509814522648,81972486,61.00069948434157,61.00069948434157,0.0,66.12878303170318,26.49875223653271,21.557679181201202,40.0714348906569,32.599540159186226,10.2818143369425,18.968380357513556,4021.3937265113796,0,1.0,0.00384038822318411,-0.00384038822318411,0.8431351772745049,0.9982195121333475,1.051291858273479,-0.1980008494889579
2024-01-17 09:16:19.477867,3877.4720449237443,3886.729413691731,3877.4720449237443,3886.729413691731,123318330,15.323966137414118,0.0,0.0,49.90621065713952,10.349492425589167,14.93939901243935,20.73788470275008,29.934949609928236,18.14989240670332,20.048962906233676,3901.1682711757667,-1,-1.0,0.003958243677911533,0.0,0.8431351772745049,0.9666873431057358,1.051291858273479,-0.1980008494889579
2024-01-31 09:16:19.477867,3894.9309165915765,3946.541306937055,3882.9811081572598,3884.7511515546125,112051605,102.52951719259681,94.6630846053863,0.0,58.609660813059236,20.24960383373439,14.478197942472272,34.549942028025576,24.70274992488317,16.618978443997936,30.338607125643847,3863.5790144695106,1,2.0,0.010598136540278968,-0.010598136540278968,0.8429480427922825,0.9661953199248678,1.051291858273479,-0.1981788537993211
2024-02-05 09:16:19.477867,3903.684161803545,3925.6882463762604,3841.092464570439,3925.6882463762604,83749084,154.82861087048286,0.0,126.71969833727599,71.9028434394621,20.560516416318347,20.887578632334225,28.594858607544598,29.0497254811909,0.7890886556594824,27.41945231566708,3865.445199008972,0,-1.0,-0.017576130193440287,-0.017576130193440287,0.851830939691277,0.9763769835334024,1.051291858273479,-0.1897293477662556
2024-02-22 09:16:19.477867,3706.6245825793844,3711.4970605834524,3706.6245825793844,3711.4970605834524,56925388,42.86108704977596,42.86108704977596,0.0,50.485150600612215,6.286904878180751,35.45927137294344,12.452978357767861,70.23703198087209,69.88033183991816,20.895659397025007,3837.341786057156,-1,-1.0,0.01168311256799126,0.0,0.851830939691277,0.9231044537860721,1.051291858273479,-0.1897293477662556
2024-03-01 09:16:19.477867,3814.6908684914665,3824.765343769438,3788.330650492058,3819.758969562984,109726199,36.43469327738012,21.088298155783377,0.0,49.16518054761741,20.196871455098908,21.76895472098152,41.07962429943251,44.2771784391148,3.746103458767753,29.024001344090212,3805.989559722064,0,1.0,0.0082497402527959,-0.0082497402527959,0.8268632415658559,0.950030798795403,1.051291858273479,-0.21347888784775604
2024-03-05 09:16:19.477867,3858.4902090673427,3858.4902090673427,3785.597878499902,3812.006277482435,132465133,72.8923305674407,44.87175865213658,0.0,51.8025353502699,21.413879503506678,19.957808430472728,41.33751245709079,38.526702014728215,3.5194867450357257,29.444938090970933,3796.490522103046,1,1.0,0.0024898204935939194,0.0,0.8268632415658559,0.9481025891076222,1.051291858273479,-0.21347888784775604
2024-04-30 09:16:19.477867,4370.9348101277155,4370.9348101277155,4247.414081344529,4351.340273757444,107984563,123.52072878318631,0.0,85.06602353674043,69.9318193150121,20.19419342940312,21.641376187135457,28.87697421174924,30.94639378628285,3.45921609529187,27.59728888846745,4274.698254839464,0,-1.0,-0.0038959154123714423,-0.0038959154123714423,0.9438503145098027,1.0822429658647672,1.051291858273479,-0.10219953946958726
2024-05-01 09:16:19.477867,4347.0750084609335,4447.8466713479165,4309.34975424022,4360.995128850311,149843679,138.4969171076964,76.91186122020099,0.0,71.03480599566514,23.059797644246437,21.641376187135457,32.46267420742115,30.465876388057016,3.1731190381296015,25.68066135197659,4285.902822483065,1,1.0,0.0022188232786790607,0.0,0.9438503145098027,1.0846442717506146,1.051291858273479,-0.10219953946958726
2024-05-07 09:16:19.477867,4342.837634382189,4375.787631952536,4316.828217236433,4339.305593542646,121430318,58.9594147161024,39.509874435552774,0.0,65.75467658670154,21.500893512702728,16.468994962660354,32.69865297619173,25.0461196337039,13.252339556665651,18.288873149000178,4307.855491270437,0,-1.0,0.0034207266046195617,0.0034207266046195617,0.9391560476929748,1.0792497621184534,1.051291858273479,-0.10666477600679147
2024-05-09 09:16:19.477867,4404.978788507524,4404.978788507524,4383.015771384654,4383.015771384654,60688882,81.34337769911781,72.35875490664239,0.0,62.22570257981163,26.669376006034327,8.836263186032218,42.859099858017316,14.200342976760597,50.22614217289399,22.007728330088433,4311.477291459365,1,1.0,0.013733896347459362,0.0,0.9391560476929748,1.0901211326686955,1.051291858273479,-0.10666477600679147
2024-05-16 09:16:19.477867,4468.633140463445,4468.633140463445,4341.836393442458,4412.1066930346515,82185022,126.79674702098691,0.0,56.896525633994315,63.88742991840211,20.07759691994527,18.168094200362507,31.426521532621756,28.437666413513647,4.992726405639079,19.937678239656712,4333.779172091875,0,-1.0,0.003040369625580075,0.003040369625580075,0.9453894076500453,1.0973564770328461,1.051291858273479,-0.10073553770059218
2024-06-06 09:16:19.477867,4745.573307750213,4759.657470564452,4739.915701682146,4759.657470564452,73099710,36.30022276396721,0.0,20.231570013131204,84.21516732611606,36.89483775735899,15.273599578787655,43.81020536892942,18.1363999665784,41.44505621139305,21.79008175422888,4533.959212522604,1,1.0,-0.0034668562191484398,-0.0,0.9453894076500453,1.183797518320951,1.051291858273479,-0.10073553770059218
2024-06-13 09:16:19.477867,4601.026028041949,4645.338805575726,4572.695729873456,4572.695729873456,117088040,72.64307570226993,33.584436940082014,0.0,81.2000471759732,26.713084585048495,19.472874948820586,32.897868306846014,23.981359156873175,15.676213527443384,31.35847441710367,4605.415194210622,0,-1.0,-0.007071480020479526,-0.007071480020479526,0.9082540359603425,1.1372973560677377,1.051291858273479,-0.1360590983250316
2024-06-18 09:16:19.477867,4659.434315443062,4660.62015668805,4659.434315443062,4660.62015668805,101490191,73.57899934950092,73.57899934950092,0.0,69.45151818009695,19.1036647947732,18.55279356772248,27.506475445554514,26.713301672704453,1.4628864503077286,30.24257254943306,4632.501678819724,1,1.0,0.01604062331810252,0.0,0.9082540359603425,1.1591654671464464,1.051291858273479,-0.1360590983250316
2024-06-19 09:16:19.477867,4612.4233036152855,4616.424397057416,4612.4233036152855,4616.424397057416,120512642,48.1968530727645,0.0,47.0110118277762,70.77586370988463,19.1036647947732,21.654096645580662,26.991779108596255,30.595312456153646,6.25753662781466,28.791239524150424,4640.297435110175,-1,-2.0,-0.00948280661044909,-0.00948280661044909,0.8996412385841707,1.148173325191986,1.051291858273479,-0.14425168281847234
2024-06-20 09:16:19.477867,4658.389896113407,4664.078981027004,4658.389896113407,4664.078981027004,152840238,47.6545839695882,47.6545839695882,0.0,64.3063266614446,16.17039121649181,21.654096645580662,25.14587919416474,33.67335341603886,14.497765175526661,27.391816971804822,4650.075801055812,0,1.0,0.010322834269735681,-0.010322834269735681,0.8903543911760465,1.1600257281408741,1.051291858273479,-0.15308543087334248
2024-06-21 09:16:19.477867,4661.390460593416,4661.390460593416,4656.1940954927595,4656.1940954927595,111961983,7.884885534244859,0.0,2.1958006206477876,56.775286832763676,15.620620874944962,21.810939547055504,27.5130637753655,38.41625602227504,16.537698675452955,25.801393773673777,4656.865591052446,-1,-1.0,-0.0016905557488026135,-0.0,0.8903543911760465,1.1580646399774066,1.051291858273479,-0.15308543087334248
2024-06-25 09:16:19.477867,4726.658986401689,4726.658986401689,4689.124793712552,4689.124793712552,114448939,70.80023984034233,70.80023984034233,0.0,54.095231718475524,16.115590007108104,23.331906589530913,29.791147010844643,43.13117043468029,18.293471588860335,23.883693854247724,4670.618481799722,0,1.0,0.007144986341300452,-0.007144986341300452,0.8840564882419206,1.1662549938148945,1.051291858273479,-0.1590760631459721
2024-06-26 09:16:19.477867,4657.409943194983,4657.409943194983,4578.783792240072,4638.196284086421,92694382,110.34100147247955,0.0,110.34100147247955,59.383858769083545,16.115590007108104,29.768294550912938,27.13799732983706,50.128595830506924,29.754901258503363,23.048682786184177,4668.634914562516,-1,-1.0,-0.010860984057071588,-0.0,0.8840564882419206,1.1535883169205907,1.051291858273479,-0.1590760631459721
2024-06-28 09:16:19.477867,4705.069561810286,4705.069561810286,4633.0387137707285,4666.727985755817,103601420,72.0308480395579,45.14912277304484,0.0,55.31437078449043,19.519848479629804,25.019205647273402,35.28892799970702,45.23093238238285,12.347269773566627,18.113687951212736,4669.202468767088,0,1.0,0.0019778998876489595,-0.0019778998876489595,0.8786328125526407,1.160684574968273,1.051291858273479,-0.1642351211626366
2024-07-29 09:16:19.477867,4782.989554555608,4806.718751228729,4782.989554555608,4806.718751228729,93339247,43.66959326729557,0.0,32.41482869637002,58.91935939476473,25.63481862301439,14.83571901296916,43.508311845787254,25.179701825283907,26.683855072988777,20.122760651638366,4764.639385050419,1,1.0,-0.004131304072542363,-0.0,0.8786328125526407,1.1955023579242032,1.051291858273479,-0.1642351211626366
2024-08-08 09:16:19.477867,4751.908822033609,4800.480230280027,4751.908822033609,4800.480230280027,82576139,86.10245638811466,0.0,81.63357136671584,77.71944871926085,30.2316120026913,18.277485996505156,38.898387084414736,23.517261506225186,24.64305975424272,32.78285197738346,4815.012593961527,0,-1.0,-0.007757536306103874,-0.007757536306103874,0.8774924568357758,1.1939507450901414,1.051291858273479,-0.16531983965245511
2024-08-12 09:16:19.477867,4884.865336744982,4884.865336744982,4880.2281674873,4880.2281674873,114764744,88.26055677521799,88.26055677521799,0.0,74.69415109107922,34.157334750093206,15.727673167279656,45.72959763401427,21.056097348374607,36.94428918070848,35.13086390564873,4819.505463424579,1,1.0,0.017433870696777154,0.0,0.8774924568357758,1.213785241740588,1.051291858273479,-0.16531983965245511
2024-10-21 09:16:19.477867,5668.224748195158,5738.956024125794,5648.887762970657,5648.887762970657,95597725,92.9424471799457,0.0,64.01758447271641,92.84722422290335,42.1149467526621,25.602341864752816,45.3594031541045,27.574698198072017,24.38462204415952,35.73934630951734,5675.693163323788,0,-1.0,-0.016186902743247078,-0.016186902743247078,1.0157017728273203,1.4049623016853818,1.051291858273479,-0.033853667909697016
2024-10-24 09:16:19.477867,5684.838707153357,5710.323806305032,5684.838707153357,5710.323806305032,70447751,82.65876165741156,27.223339711093104,0.0,93.01454315700578,33.94839517802893,27.55234531538404,36.49794325251381,29.62154559946234,10.399955856352552,33.1279617978213,5697.506094103567,1,1.0,0.014687932028937478,0.0,1.0157017728273203,1.4202423583038402,1.051291858273479,-0.033853667909697016
2024-10-28 09:16:19.477867,5643.589203971305,5683.025849372032,5634.209509581512,5664.285486941335,137843835,66.99598446089203,0.0,0.4988028303041574,97.32837452249454,31.27874512892991,28.34327425431723,32.13733434097449,29.12128594911089,4.9234677137378196,28.675400246234727,5701.8779744831645,0,-1.0,-0.006475824654917139,-0.006475824654917139,1.0075128847393864,1.4087919443722785,1.051291858273479,-0.04164302537830944
2024-10-29 09:16:19.477867,5765.100825846897,5849.169949737054,5765.100825846897,5765.512283586574,82325617,184.88446279571872,166.1441003650216,0.0,99.61016166910895,35.61757688597494,28.34327425431723,35.756971265935256,28.454199631228015,11.373054770178415,26.28721928789594,5708.442319162227,1,1.0,0.017871061915684106,0.0,1.0075128847393864,1.4339685524364725,1.051291858273479,-0.04164302537830944
2024-10-30 09:16:19.477867,5703.960605314583,5726.807071831983,5676.883590134805,5676.883590134805,84539405,88.62869345176932,0.0,88.21723571209259,101.15866309396162,35.61757688597494,32.28047968132387,35.209616059171736,31.910741694302562,4.914864096799928,23.998215092680145,5710.155697396211,0,-1.0,-0.015372214834071252,-0.015372214834071252,0.9920251802270776,1.4119252797831168,1.051291858273479,-0.05637509467992463
2024-10-31 09:16:19.477867,5558.3990515879705,5558.3990515879705,5547.109676237888,5547.109676237888,82585444,129.77391389691638,0.0,129.77391389691638,108.71514210321116,34.27517964463823,41.55004495967504,31.52751215842437,38.21918838153067,9.594254884176081,21.978709194792483,5701.218405772599,-1,-1.0,-0.022860062538966885,-0.0,0.9920251802270776,1.3796485795869264,1.051291858273479,-0.05637509467992463
2024-11-01 09:16:19.477867,5547.488722096187,5643.214920202618,5539.906929143023,5566.590992799624,114491835,103.30799105959431,84.81586861464712,0.0,105.9206625652577,31.489354172988506,41.55004495967504,29.72918919723328,39.2275160987367,13.774333998028949,18.358303180254428,5693.815379491111,0,1.0,0.0035119760918351783,-0.0035119760918351783,0.9885412115116217,1.38449387241357,1.051291858273479,-0.05968908278706897
2024-11-20 09:16:19.477867,5414.2427276811495,5414.2427276811495,5375.240634992755,5375.240634992755,96920046,41.017464281862885,0.0,0.09343863080812298,104.51355981666536,26.01322198941502,42.975194083048336,24.889805719991408,41.11925204579594,24.586695940108225,20.373154486970403,5540.395123984102,-1,-1.0,-0.007573026161245222,-0.0,0.9885412115116217,1.336902195890105,1.051291858273479,-0.05968908278706897
2024-11-28 09:16:19.477867,5452.422358006925,5452.422358006925,5374.429999564197,5382.338554779844,73590131,143.89043476951792,132.72229770034482,0.0,82.08569621091381,27.230992946747847,27.211024617269295,33.173858788721965,33.14953259012673,0.03667815847395117,23.235095628388695,5446.180218631789,0,1.0,0.013903397890357994,-0.013903397890357994,0.9868566392682863,1.3386675539817658,1.051291858273479,-0.06129146582663891
2024-12-12 09:16:19.477867,5690.848498511554,5690.848498511554,5676.5385173596,5676.5385173596,139058347,52.79474147039582,34.7086697973964,0.0,76.8248864882178,32.457564897908796,14.007186081412717,42.24876388575807,18.232615395482455,39.708334657183805,20.075714559922897,5464.756894574988,1,1.0,0.006825894533265098,0.0,0.9868566392682863,1.411839455057817,1.051291858273479,-0.06129146582663891
2024-12-30 09:16:19.477867,5620.682000370955,5620.682000370955,5572.595883012289,5572.595883012289,97010886,106.77313715176024,0.0,70.6541817396037,92.4878139733926,29.791792603080857,30.8326952474392,32.21158693582218,33.337035359392665,1.7169673200784294,31.212498935634756,5652.420030983069,-1,-2.0,-0.018800176000656532,-0.018800176000656532,0.9687863877417642,1.3859873778129612,1.051291858273479,-0.0784800813231944
2025-01-21 09:16:19.477867,5351.0495193862125,5362.267334950577,5351.0495193862125,5362.267334950577,102517730,119.81253013263449,0.0,69.02948887858383,80.39547286234698,22.078444095678865,18.992164222282423,27.46229770111751,23.623424984141558,7.514570637724716,21.749612530438075,5466.3188953141025,0,1.0,-0.019849653232952735,0.019849653232952735,1.0048406060502675,1.3336755434493903,1.051291858273479,-0.04418492529705087
2025-01-31 09:16:19.477867,5349.267083086127,5403.181854932524,5349.267083086127,5403.181854932524,127402037,53.91477184639734,35.03717562459951,0.0,74.3756297977858,32.57632642198808,13.7503542382963,43.7997318618442,18.48771469321481,40.637429479878946,20.24766176860067,5384.302478635518,1,1.0,0.006526868726108193,0.0,1.0048406060502675,1.3438515923599392,1.051291858273479,-0.04418492529705087
2025-03-26 09:16:19.477867,6229.5855241319005,6258.234176262168,6195.618605110104,6244.9486864242435,73095806,133.2625045260993,0.0,53.953217900691016,86.19305577238167,25.980529734907186,31.698063908521622,30.14225392300336,36.77565857768143,9.91274892893617,30.658800765925466,6232.564255052743,0,-1.0,-0.013261810698918963,-0.013261810698918963,1.1613856781612477,1.553211507918446,1.189937035854851,-0.0239940071056719
2025-03-31 09:16:19.477867,6422.670783451083,6484.450838534566,6422.670783451083,6458.098384226212,128328235,142.19814811468132,73.91292347993112,0.0,99.53180244751982,33.47641688232209,31.698063908521622,33.63388993178659,31.847171586423418,2.728603208221196,21.48025273400004,6283.91037822458,1,1.0,0.018265701393656908,0.0,1.1613856781612477,1.6062250041310018,1.189937035854851,-0.0239940071056719
2025-04-01 09:16:19.477867,6452.926001973983,6472.971056765285,6437.513389302217,6437.513389302217,115464799,35.45766746306799,0.0,0.0,97.48065410056908,29.05438579654791,31.698063908521622,29.80528399673335,32.51728684116059,4.351558043844786,18.004217534458025,6304.6138935455665,0,-1.0,-0.003187470010409532,-0.003187470010409532,1.1576837961415896,1.6011052101003642,1.189937035854851,-0.0271049969380025
2025-04-11 09:16:19.477867,6710.272204770325,6900.554487664696,6710.272204770325,6751.182479773362,109879547,250.4892752010228,205.07080241691892,0.0,110.81601047718439,54.389461048766144,20.72825700334988,49.080869104166354,18.70511031221212,44.81127078708969,20.27579391251053,6431.627787573615,1,1.0,0.015205454996166434,0.0,1.1576837961415896,1.6791193724996805,1.189937035854851,-0.0271049969380025
2025-05-01 09:16:19.477867,6770.450318755217,6788.083416151982,6706.631746737109,6732.863286703033,120378464,136.83306691270082,0.0,128.90665204027027,111.6594343582783,34.42693537106009,37.64376391134153,30.832088277104653,33.71301684240591,4.463434616717995,47.80893471449219,6751.314124925256,-1,-2.0,-0.01616162718133274,-0.01616162718133274,1.1545424452686945,1.6745631170488602,1.1911566652908,-0.03073837479905872
2025-05-23 09:16:19.477867,6736.193512636669,6737.2983283484755,6736.193512636669,6737.2983283484755,88284145,63.23668483291567,0.0,0.0,99.60781592859368,27.947500819537904,36.23619827655726,28.05753801445939,36.378870411669375,12.914022678265399,26.741233982217015,6693.844246216087,0,1.0,0.00947499262227458,-0.00947499262227458,1.1522560403241666,1.675666177789259,1.1911566652908,-0.03265785777820973
2025-05-26 09:16:19.477867,6745.640095662257,6755.996631097347,6720.154068116597,6720.154068116597,95568006,35.84256298074979,18.698302748871356,0.0,92.42297130783825,29.283093873028715,26.491170585748282,31.68378321823685,28.662972214464617,5.005755457956698,24.8766649053656,6682.532757793435,1,1.0,-0.002544678800957989,-0.0,1.1522560403241666,1.6714021455891563,1.1911566652908,-0.03265785777820973
2025-05-27 09:16:19.477867,6710.5857183335,6759.132427214413,6655.179111486906,6702.863995075053,71180367,103.95331572750729,0.0,64.9749566296914,93.83342789984805,24.5551423756585,31.132238916440524,26.168864257913643,33.17819631365182,11.8107484822871,23.531880029111413,6679.816281121914,0,-1.0,-0.0025728685482935276,-0.0025728685482935276,1.1492914369984353,1.6671018475772197,1.1911566652908,-0.03514670195137104
2025-06-04 09:16:19.477867,7050.502122263302,7050.502122263302,6998.137534505643,6998.137534505643,117139510,74.48498709146679,42.06356865131329,0.0,125.21029144477345,33.80658777734626,32.702462752456086,26.999847526317232,26.118031014152038,1.6601124449903606,21.679079719364967,6734.157888389518,1,1.0,0.003170921014840955,0.0,1.1492914369984353,1.7405407631642107,1.1911566652908,-0.03514670195137104
2025-06-05 09:16:19.477867,7008.000674951543,7050.479394781116,6985.297621736123,6985.297621736123,98631070,65.18177304499295,0.0,12.839912769520197,115.50212020540486,33.80658777734626,28.298237114903195,29.269235679159678,24.50018845072161,8.869440775334185,19.177918236505807,6751.798887108574,0,-1.0,-0.0018347614213368724,-0.0018347614213368724,1.1471827614079577,1.7373472861196928,1.1911566652908,-0.036916977559880326
2025-07-08 09:16:19.477867,7131.033531738181,7272.540509413116,7131.033531738181,7150.75087903787,72836501,141.5069776749342,67.28668937909242,0.0,126.45297737310251,61.085012027922595,22.922555702392206,48.30650356906174,18.12733569313964,45.42740297879041,22.253920939435826,7076.115931423383,1,1.0,0.002316172793452864,0.0,1.1471827614079577,1.778497969042407,1.1911566652908,-0.036916977559880326
2025-08-27 09:16:19.477867,7855.0611698558805,8012.776068969833,7852.42360790227,7852.42360790227,53970565,160.35246106756313,0.0,37.045466679724996,92.65415174749803,30.136841373103575,24.826975333583636,32.52616402471934,26.795318790724394,9.66065742460332,37.5376172422426,7929.988170997528,0,-1.0,-0.01511551847870618,-0.01511551847870618,1.259750919957991,1.9530144001595955,1.2999806263527613,-0.03094638918399817
2025-08-28 09:16:19.477867,8000.182817937875,8000.182817937875,7971.653863525119,7971.653863525119,83582421,147.75921003560507,0.0,0.0,98.69119065852121,28.485453230233684,24.826975333583636,28.863217720004464,25.156222321287824,6.862335847767071,37.06567907824162,7945.18952104946,1,1.0,0.015183879726363925,0.0,1.259750919957991,1.9826687359154755,1.2999806263527613,-0.03094638918399817
2025-08-29 09:16:19.477867,7871.182659087162,7898.117295169216,7839.382805669445,7898.117295169216,91463916,132.27105785567437,0.0,132.27105785567437,102.99180302860285,27.855323273572917,34.27490803756037,27.046155572047752,33.279258183334804,10.332465578374753,36.9394986805331,7955.583497692368,-1,-2.0,-0.009224756821463953,-0.009224756821463953,1.2481300240657631,1.9643790989691359,1.2999806263527613,-0.03988567309073732
2025-09-22 09:16:19.477867,7728.574240975197,7806.900910413269,7728.574240975197,7770.26083749544,125359209,214.35513252831515,206.40900874281306,0.0,154.8853171541907,58.31959263197599,57.247779128541424,37.6534029845566,36.961398394884895,0.9274360808824335,39.30615077824655,7720.287847962421,1,2.0,0.023406518025629985,-0.023406518025629985,1.2634509336164803,1.9325792986197265,1.3171274495904035,-0.04075271226836508
2025-10-01 09:16:19.477867,8014.903315676756,8073.568311878195,8014.903315676756,8073.568311878195,68197163,58.66499620143895,0.0,58.33199796058125,128.20546263081192,44.45326370493941,48.00488759076669,34.67345524343972,37.44371464810702,3.841331279129989,19.986972744727694,7780.365606785851,0,-1.0,4.124718627918078e-05,4.124718627918078e-05,1.312768983511607,2.008016373174573,1.3171274495904035,-0.0033090693540339666
2025-10-15 09:16:19.477867,7794.893284046626,7813.167642020872,7793.123807828575,7793.123807828575,92686458,83.26338702428893,68.30097273905085,0.0,101.95121564800768,14.411147155159986,44.76847754059963,14.135336262115091,43.91166623766933,51.29692954544005,20.218506690936742,7847.64094897366,-1,-1.0,0.008178568679052756,0.0,1.312768983511607,1.9382656589742675,1.3171274495904035,-0.0033090693540339666
2025-12-05 09:16:19.477867,7218.765026111743,7287.066796910846,7218.765026111743,7252.190426249452,110556786,184.36558967221754,100.41939674430432,0.0,101.87327874772271,29.10917803630738,40.601777788684366,28.57390907029984,39.85517918710551,16.48607398416538,25.956452084593728,7240.5515297186885,0,1.0,0.021046812282976557,-0.021046812282976557,1.4061562503484453,1.803727491332892,1.44137444786474,-0.024433760129761617
2025-12-08 09:16:19.477867,7146.174043570713,7163.462626772809,7146.174043570713,7163.462626772809,62006594,106.01638267873841,0.0,72.59098254102992,103.94901113454846,29.10917803630738,41.56026891570328,28.003323666667058,39.981399016782305,17.618775038456203,25.683231368599746,7229.459528422778,-1,-1.0,-0.012234620750648073,-0.0,1.4061562503484453,1.7816595695389161,1.44137444786474,-0.024433760129761617
2025-12-10 09:16:19.477867,7204.562399492584,7301.362160617916,7173.812538246414,7226.489396377878,72333184,127.54962237150175,118.14128563820123,0.0,102.65687565822653,38.95914473952929,31.55404118088862,37.950838158405666,30.737387026993552,10.501728807145607,23.274106812687005,7215.0012743279,1,2.0,0.0060235543569144845,-0.0060235543569144845,1.3938310964977305,1.7973352634113617,1.44137444786474,-0.03298473303549976
2025-12-11 09:16:19.477867,7179.736793566667,7254.331032577621,7179.736793566667,7254.331032577621,118034573,74.59423901095397,0.0,0.0,99.0374599465594,30.663916315415204,31.55404118088862,30.961937363863584,31.860713307787965,1.4306558770051225,21.964894990602154,7208.445750187049,0,-1.0,0.0038527194426796196,0.0038527194426796196,1.3992011366630188,1.8042598919257204,1.44137444786474,-0.029259094515097672
2025-12-12 09:16:19.477867,7279.976888115964,7279.976888115964,7239.044131659426,7239.044131659426,115682928,40.9327564565383,25.645855538343312,0.0,94.33349673009168,32.495763139582586,27.51240971280036,34.447745780652994,29.1650481180818,8.304457859500278,21.90020510948071,7201.217388707922,1,1.0,-0.0021072792032159615,-0.0,1.3992011366630188,1.8004578125782686,1.44137444786474,-0.029259094515097672
2025-12-17 09:16:19.477867,7197.842869558399,7245.30223235328,7143.26661045834,7217.89101826122,90774658,102.03562189493914,0.0,47.69187993138348,97.92555984130948,39.01085297715709,25.96556537987629,39.837252950480995,26.515615965794893,20.07695703631949,19.00515393437396,7186.167030072344,0,-1.0,-0.0016388973521702654,-0.0016388973521702654,1.395112549858956,1.7951967190436138,1.44137444786474,-0.03209568344597513
2025-12-22 09:16:19.477867,7415.452596590264,7415.452596590264,7395.384492996331,7404.527589533426,94543109,51.251731386739266,0.0,0.0,95.32802322789004,44.55310451315394,15.381118923983454,46.73662896234176,16.134939552049175,48.67333539370509,20.59037808062408,7211.086417669896,1,1.0,-0.0056547189335990344,-0.0,1.395112549858956,1.841616006831936,1.44137444786474,-0.03209568344597513
2026-01-12 09:16:19.477867,7565.4654920310395,7565.4654920310395,7485.451951015111,7505.943982536561,116182255,110.6423818683179,0.0,31.322340310574873,141.34033348597404,46.03627568841681,34.66760114306557,32.571223339433566,24.527748228714785,14.086900148663432,38.43839386704338,7521.468841442409,0,-1.0,-0.011867987204504327,-0.011867987204504327,1.4142207618183653,1.8668397703268196,1.4703254672194694,-0.03815801783478845
2026-01-14 09:16:19.477867,7387.182285866893,7501.037229479293,7387.182285866893,7456.940667384341,90340321,124.35068521501944,0.0,124.35068521501944,131.39439083046332,30.923103996708182,43.54979294413839,23.534569323136413,33.14433186141879,16.954743894895767,34.471444521988936,7547.5109814672305,-1,-1.0,-0.007267797919245256,-0.0,1.4142207618183653,1.8546519178972165,1.4703254672194694,-0.03815801783478845
2026-01-30 09:16:19.477867,7508.997614703017,7549.996798363976,7434.439925127101,7475.531665779696,105894385,115.55687323687562,65.6421641094721,0.0,106.69135221124309,44.65543328806513,39.71598206140483,41.854782381659014,37.22511828584695,5.854413140043809,26.339249440617355,7504.00626987457,0,1.0,0.00021836831528321277,-0.00021836831528321277,1.4087467802794322,1.859275775370078,1.4703254672194694,-0.041880990510549054
2026-02-02 09:16:19.477867,7538.648081261286,7538.648081261286,7387.769830311307,7523.29676265084,113864352,150.8782509499797,0.0,46.67009481579407,112.02590166796186,43.46450121224812,43.04956026253298,38.79861760994732,38.428220279029155,0.47962255226694656,25.640427435030425,7491.37814027914,1,1.0,0.006389525054090184,0.0,1.4087467802794322,1.871155664519268,1.4703254672194694,-0.041880990510549054
2026-02-09 09:16:19.477867,7437.61125179279,7527.699311440835,7422.767381298896,7439.033520424098,149968609,115.9146369675318,0.0,114.73123004640001,96.58499568323565,36.89523343817804,36.228412830384514,38.19975678125125,37.509359061526276,0.9119083112246379,21.138893277321554,7460.791675340006,0,-1.0,-0.013218291685586192,-0.013218291685586192,1.3929683822010608,1.8501981444349782,1.4703254672194694,-0.05261221868427435
2026-03-03 09:16:19.477867,7904.9787133524405,7904.9787133524405,7772.333510642784,7853.177302725901,75796789,132.6452027096566,0.0,83.0504195609119,93.40218702291233,48.59931106544017,15.244713678965907,52.03230525374995,16.321581073070863,52.24388268127903,22.794928140360778,7595.517827846248,1,1.0,-0.0002809063818396407,-0.0,1.3929683822010608,1.9532018552584762,1.4703254672194694,-0.05261221868427435
2026-03-12 09:16:19.477867,7694.0035728114735,7729.279440713619,7636.917598368771,7696.236356217071,75535595,134.80344301681816,0.0,123.18813264882192,107.33900454820657,32.89055283161925,34.90525394259573,30.641753172629727,32.51870472389147,2.9717193538033557,36.14586838904597,7730.328448003289,-1,-2.0,-0.009712737341774136,-0.009712737341774136,1.36513076082409,1.9141683104815532,1.4703254672194694,-0.07154518420626499
2026-03-17 09:16:19.477867,7803.33674891078,7803.33674891078,7689.504407631499,7779.736905541837,117645729,223.10977813281715,137.9501224837004,0.0,136.98532093411242,31.988867963913176,54.60680858340129,23.35204074843849,39.86325557441751,26.119018317421467,38.22903185387885,7749.419818181389,0,1.0,0.026319783765445415,-0.026319783765445415,1.348954878669239,1.934936137511209,1.4703254672194694,-0.082546749856516
2026-03-24 09:16:19.477867,7945.325196313394,8075.657976044667,7945.325196313394,7970.0207617666665,133846931,189.18793947037375,115.19105602911623,0.0,150.0560498336627,51.451781472076036,48.7035356005071,34.28837526318358,32.45689570963318,2.743983995954268,23.273494311027356,7821.891312166712,1,1.0,0.010594185333222539,0.0,1.348954878669239,1.9822625592481884,1.4703254672194694,-0.082546749856516
2026-03-25 09:16:19.477867,7983.270558815155,7983.270558815155,7957.989522648359,7957.989522648359,102886529,25.281036166796184,0.0,0.0,143.4369733748293,43.60097061377083,48.7035356005071,30.397302444351524,33.95465928665065,5.527969539093845,18.856279840311686,7828.510131754575,0,-1.0,-0.0015095618290009716,-0.0015095618290009716,1.3469185478753551,1.9792702113536895,1.4703254672194694,-0.08393170226282554
2026-04-02 09:16:19.477867,7987.010376907855,8022.996170218144,7987.010376907855,8022.996170218144,116140928,85.71085731613675,0.0,85.71085731613675,110.22636048023158,60.64267966445329,9.990643675686442,55.016494602785315,9.063751748818925,71.71124561823095,22.405123976466395,7871.346942924948,1,1.0,-0.006159640914520925,-0.0,1.3469185478753551,1.9954383302873304,1.4703254672194694,-0.08393170226282554
