日期,开盘,最高,最低,收盘,成交量,成交额
2021-03-05,0.998,1.029,0.985,1.024,322299027,328027078
2021-03-08,1.033,1.055,1.015,1.017,141853239,147353652
2021-03-09,1.014,1.022,0.982,1.0,89376267,90112162
2021-03-10,1.003,1.019,0.967,0.969,50412153,49656738
2021-03-11,0.966,1.001,0.962,0.995,51129697,50445108
2021-03-12,0.991,0.991,0.97,0.973,34002659,33182609
2021-03-15,0.972,0.972,0.928,0.929,55878097,52482538
2021-03-16,0.925,0.942,0.925,0.939,27699084,25880226
2021-03-17,0.939,0.946,0.93,0.944,27756087,26053058
2021-03-18,0.944,0.949,0.937,0.941,27671044,26083059
2021-03-19,0.931,0.942,0.918,0.922,34241927,31719869
2021-03-22,0.92,0.931,0.917,0.93,13541165,12552795
2021-03-23,0.931,0.94,0.922,0.933,28244522,26314174
2021-03-24,0.932,0.94,0.926,0.938,20595937,19206147
2021-03-25,0.939,0.95,0.928,0.94,22357493,20994973
2021-03-26,0.936,0.948,0.931,0.942,23149650,21729045
2021-03-29,0.94,0.94,0.932,0.933,24683773,23066677
2021-03-30,0.932,0.932,0.922,0.923,16540424,15304076
2021-03-31,0.924,0.932,0.923,0.929,28764921,26719426
2021-04-01,0.927,0.93,0.921,0.929,10822900,10015580
2021-04-02,0.93,0.937,0.926,0.937,18857640,17605156
2021-04-06,0.936,0.954,0.933,0.952,43865105,41579000
2021-04-07,0.948,0.952,0.941,0.95,37056248,35094479
2021-04-08,0.948,0.955,0.938,0.943,49622553,47024119
2021-04-09,0.939,0.946,0.936,0.942,47736101,44936530
2021-04-12,0.94,0.942,0.915,0.917,56388416,51981383
2021-04-13,0.919,0.927,0.916,0.919,31246442,28800706
2021-04-14,0.923,0.93,0.918,0.929,24850137,22994408
2021-04-15,0.93,0.93,0.92,0.924,33659597,31143586
2021-04-16,0.926,0.941,0.925,0.937,43350593,40645463
2021-04-19,0.937,0.948,0.932,0.947,38555472,36383703
2021-04-20,0.947,0.971,0.942,0.957,41284531,39680219
2021-04-21,0.955,0.957,0.951,0.951,31483069,30012236
2021-04-22,0.951,0.958,0.948,0.956,38524595,36778706
2021-04-23,0.961,0.964,0.954,0.957,35043304,33529684
2021-04-26,0.953,0.957,0.943,0.943,36216338,34494171
2021-04-27,0.941,0.951,0.934,0.937,29534957,27694035
2021-04-28,0.936,0.943,0.929,0.939,27844384,26137335
2021-04-29,0.95,0.95,0.934,0.943,31020905,29225307
2021-04-30,0.942,0.948,0.922,0.929,47605832,44152700
2021-05-06,0.928,0.928,0.912,0.917,41888888,38423288
2021-05-07,0.918,0.921,0.912,0.917,30650412,28101335
2021-05-10,0.917,0.923,0.911,0.915,31937518,29249435
2021-05-11,0.915,0.918,0.9,0.912,40534449,36828553
2021-05-12,0.908,0.935,0.904,0.934,50287237,46416567
2021-05-13,0.93,0.945,0.926,0.935,39876549,37404503
2021-05-14,0.936,0.945,0.935,0.939,26229201,24621063
2021-05-17,0.947,0.947,0.934,0.939,29991177,28192395
2021-05-18,0.937,0.944,0.933,0.941,31404631,29498346
2021-05-19,0.94,0.944,0.931,0.939,27443842,25782463
2021-05-20,0.936,0.957,0.928,0.953,46082188,43299249
2021-05-21,0.947,0.962,0.94,0.946,34063873,32457878
2021-05-24,0.945,0.953,0.939,0.953,30704347,29146509
2021-05-25,0.955,0.966,0.952,0.965,51148473,49190133
2021-05-26,0.963,0.975,0.96,0.965,52959793,51224496
2021-05-27,0.966,0.98,0.963,0.978,36667947,35786848
2021-05-28,0.978,0.986,0.967,0.974,40643174,39492366
2021-05-31,0.968,0.98,0.964,0.977,38962672,38021845
2021-06-01,0.978,0.982,0.972,0.978,37875969,37035333
2021-06-02,0.98,0.985,0.968,0.97,32184556,31368706
2021-06-03,0.973,0.995,0.973,0.98,33679831,33206477
2021-06-04,0.984,0.992,0.98,0.988,34559600,34123382
2021-06-07,0.989,1.004,0.987,1.003,44477129,44337274
2021-06-08,1.004,1.017,0.993,1.015,71197281,71973088
2021-06-09,1.016,1.02,1.012,1.018,48921019,49720645
2021-06-10,1.018,1.027,1.018,1.025,47260219,48401006
2021-06-11,1.025,1.028,1.007,1.009,40075865,40828721
2021-06-15,1.007,1.01,0.997,1.003,35234496,35401316
2021-06-16,1.003,1.003,0.982,0.985,34466330,34089578
2021-06-17,0.985,0.988,0.975,0.981,31833098,31214965
2021-06-18,0.977,0.989,0.969,0.988,32703523,32088801
2021-06-21,0.983,1.01,0.982,1.01,45983483,46123193
2021-06-22,1.01,1.015,0.994,0.999,35499270,35495281
2021-06-23,0.999,1.01,0.991,1.007,33981749,34096118
2021-06-24,1.007,1.007,0.99,0.991,28751376,28593480
2021-06-25,0.991,0.993,0.977,0.985,30439125,29966037
2021-06-28,0.985,0.994,0.981,0.99,34768296,34391968
2021-06-29,0.99,0.996,0.979,0.981,23981373,23657220
2021-06-30,0.984,0.984,0.968,0.975,21324468,20746504
2021-07-01,0.974,0.978,0.962,0.962,23981672,23291403
2021-07-02,0.962,0.977,0.961,0.968,27490376,26639525
2021-07-05,0.961,0.972,0.952,0.957,27015117,25992687
2021-07-06,0.957,0.962,0.943,0.959,28028576,26748056
2021-07-07,0.957,0.96,0.951,0.96,26848985,25673226
2021-07-08,0.958,0.959,0.939,0.944,30564300,28892007
2021-07-09,0.937,0.954,0.937,0.946,23632326,22353408
2021-07-12,0.943,0.958,0.935,0.956,26499878,25160827
2021-07-13,0.955,0.976,0.952,0.966,29491200,28545559
2021-07-14,0.966,0.972,0.957,0.961,30916750,29742248
2021-07-15,0.96,0.96,0.935,0.947,23053125,21747027
2021-07-16,0.948,0.962,0.942,0.959,26565053,25364000
2021-07-19,0.959,0.961,0.939,0.948,25211620,23827327
2021-07-20,0.941,0.945,0.937,0.944,17803788,16763169
2021-07-21,0.946,0.954,0.944,0.946,23107948,21919372
2021-07-22,0.945,0.95,0.939,0.947,20931759,19790289
2021-07-23,0.947,0.949,0.922,0.923,31068289,28833889
2021-07-26,0.921,0.921,0.869,0.874,37959803,33753162
2021-07-27,0.874,0.884,0.849,0.85,19341277,16724909
2021-07-28,0.85,0.857,0.826,0.832,23982290,20054921
2021-07-29,0.84,0.849,0.84,0.847,12722665,10747128
2021-07-30,0.847,0.853,0.836,0.85,16296779,13790912
2021-08-02,0.855,0.868,0.842,0.867,23527604,20158841
2021-08-03,0.855,0.862,0.845,0.846,28773722,24538061
2021-08-04,0.84,0.847,0.816,0.845,35493159,29893633
2021-08-05,0.845,0.845,0.824,0.826,21177849,17569907
2021-08-06,0.826,0.829,0.811,0.818,26299952,21493099
2021-08-09,0.818,0.833,0.816,0.832,20456809,16915575
2021-08-10,0.832,0.838,0.825,0.838,16047783,13356770
2021-08-11,0.836,0.847,0.832,0.836,21634039,18157627
2021-08-12,0.837,0.848,0.835,0.837,15455629,12976982
2021-08-13,0.838,0.838,0.823,0.828,13154197,10891502
2021-08-16,0.828,0.835,0.824,0.828,12931571,10737988
2021-08-17,0.828,0.832,0.811,0.814,17134995,14025616
2021-08-18,0.813,0.822,0.805,0.822,12603770,10213321
2021-08-19,0.819,0.831,0.818,0.825,13696485,11331077
2021-08-20,0.825,0.825,0.8,0.81,9775139,7911017
2021-08-23,0.805,0.825,0.805,0.823,8018180,6567637
2021-08-24,0.818,0.824,0.817,0.82,7794402,6388727
2021-08-25,0.825,0.844,0.823,0.84,14213611,11904178
2021-08-26,0.838,0.838,0.824,0.825,6729711,5571720
2021-08-27,0.82,0.825,0.818,0.821,4439330,3641970
2021-08-30,0.815,0.823,0.814,0.82,8164520,6680977
2021-08-31,0.805,0.819,0.801,0.811,18911824,15304879
2021-09-01,0.809,0.865,0.809,0.863,48655992,41250018
2021-09-02,0.859,0.869,0.851,0.855,21942523,18837600
2021-09-03,0.855,0.868,0.853,0.863,16000054,13758142
2021-09-06,0.865,0.882,0.856,0.877,15674584,13688348
2021-09-07,0.876,0.911,0.87,0.909,37843402,33945873
2021-09-08,0.909,0.984,0.909,0.98,70650431,67425891
2021-09-09,0.952,0.954,0.925,0.936,59751966,56245564
2021-09-10,0.925,0.939,0.917,0.924,27791586,25689200
2021-09-13,0.916,0.972,0.912,0.959,65277038,62203971
2021-09-14,0.947,0.962,0.93,0.935,24691634,23355613
2021-09-15,0.926,0.948,0.925,0.94,16722441,15720177
2021-09-16,0.94,0.956,0.93,0.935,21629412,20406114
2021-09-17,0.935,0.938,0.907,0.923,25100733,23126498
2021-09-22,0.911,0.918,0.899,0.906,14755754,13372960
2021-09-23,0.907,0.93,0.907,0.925,15713762,14523512
2021-09-24,0.925,0.94,0.919,0.919,12014782,11178969
2021-09-27,0.921,0.928,0.891,0.901,20105411,18269898
2021-09-28,0.901,0.903,0.885,0.887,13735923,12245521
2021-09-29,0.886,0.887,0.865,0.867,10815045,9473766
2021-09-30,0.872,0.891,0.87,0.891,5666510,5017347
2021-10-08,0.895,0.907,0.895,0.906,9224848,8329974
2021-10-11,0.907,0.94,0.9,0.931,19263716,17735528
2021-10-12,0.931,0.931,0.902,0.907,9495147,8676511
2021-10-13,0.907,0.917,0.905,0.914,6013168,5482985
2021-10-14,0.913,0.915,0.904,0.905,5297958,4807066
2021-10-15,0.912,0.915,0.901,0.904,10542706,9583884
2021-10-18,0.904,0.904,0.883,0.891,5092267,4529325
2021-10-19,0.888,0.914,0.887,0.91,9111168,8270932
2021-10-20,0.909,0.914,0.897,0.909,8964861,8107709
2021-10-21,0.907,0.91,0.896,0.9,5389729,4857984
2021-10-22,0.9,0.92,0.9,0.916,13782914,12585501
2021-10-25,0.911,0.916,0.896,0.908,8685126,7871723
2021-10-26,0.909,0.915,0.901,0.907,4555525,4134458
2021-10-27,0.907,0.907,0.892,0.904,6566979,5897036
2021-10-28,0.903,0.906,0.888,0.895,5021662,4496761
2021-10-29,0.898,0.943,0.895,0.935,28850289,26788803
2021-11-01,0.936,0.977,0.936,0.959,37656900,36246211
2021-11-02,0.958,0.965,0.933,0.941,20802274,19783806
2021-11-03,0.942,0.979,0.941,0.959,24854790,24006172
2021-11-04,0.967,0.978,0.959,0.978,26923441,26086476
2021-11-05,0.977,1.026,0.967,1.004,60434642,61046121
2021-11-08,1.008,1.03,0.996,1.017,41195397,41854284
2021-11-09,1.018,1.03,1.005,1.013,38053826,38804236
2021-11-10,1.014,1.044,1.014,1.023,45587313,46971407
2021-11-11,1.011,1.065,1.003,1.053,77079409,80111707
2021-11-12,1.046,1.06,1.039,1.052,61249532,64212624
2021-11-15,1.049,1.083,1.041,1.073,55253879,58772602
2021-11-16,1.068,1.098,1.063,1.08,36549602,39409889
2021-11-17,1.072,1.093,1.05,1.081,53309050,57827629
2021-11-18,1.079,1.081,1.033,1.037,52753847,55476165
2021-11-19,1.03,1.055,1.025,1.041,37013924,38683362
2021-11-22,1.039,1.057,1.031,1.044,39288796,41022762
2021-11-23,1.033,1.042,1.015,1.037,47462669,48815646
2021-11-24,1.028,1.055,1.028,1.045,30357505,31627720
2021-11-25,1.04,1.048,1.017,1.017,27421884,28260375
2021-11-26,1.011,1.019,1.001,1.005,18079762,18198771
2021-11-29,0.998,1.003,0.986,0.991,26694186,26517955
2021-11-30,0.995,1.002,0.983,0.995,51377451,51059617
2021-12-01,0.993,1.012,0.99,1.009,41082328,41129547
2021-12-02,1.002,1.005,0.984,0.986,31635702,31480636
2021-12-03,0.983,0.996,0.983,0.992,25269522,25012118
2021-12-06,0.985,0.995,0.98,0.982,33527911,33066260
2021-12-07,0.982,0.988,0.973,0.982,38090137,37380754
2021-12-08,0.982,1.013,0.976,1.008,68701551,68631866
2021-12-09,1.005,1.02,1.003,1.014,29841294,30162400
2021-12-10,1.01,1.032,1.004,1.03,39067851,39951168
2021-12-13,1.034,1.073,1.034,1.072,45030467,47743628
2021-12-14,1.068,1.094,1.062,1.079,51561917,55696634
2021-12-15,1.073,1.09,1.064,1.068,37789195,40633881
2021-12-16,1.064,1.087,1.057,1.073,47336004,50726833
2021-12-17,1.068,1.092,1.058,1.079,62645216,67487413
2021-12-20,1.073,1.083,1.038,1.038,34189227,36204063
2021-12-21,1.045,1.066,1.038,1.057,37713088,39712630
2021-12-22,1.057,1.104,1.051,1.093,46141153,49881506
2021-12-23,1.093,1.1,1.076,1.08,31790574,34427075
2021-12-24,1.08,1.098,1.068,1.078,38454226,41650273
2021-12-27,1.078,1.078,1.042,1.052,42679274,45131823
2021-12-28,1.05,1.073,1.05,1.054,42638304,45164427
2021-12-29,1.048,1.056,1.037,1.042,48584037,50831271
2021-12-30,1.038,1.101,1.038,1.096,65426232,70662965
2021-12-31,1.099,1.114,1.089,1.106,46461995,51278087
2022-01-04,1.108,1.147,1.108,1.143,47553113,53731287
2022-01-05,1.143,1.172,1.136,1.168,49471449,57109771
2022-01-06,1.149,1.161,1.134,1.148,55925959,64165990
2022-01-07,1.146,1.175,1.115,1.115,85170401,98419658
2022-01-10,1.102,1.119,1.081,1.108,71108432,78553341
2022-01-11,1.107,1.117,1.073,1.077,64526150,70860360
2022-01-12,1.077,1.092,1.071,1.087,48706363,52769157
2022-01-13,1.087,1.092,1.068,1.069,59084286,63731038
2022-01-14,1.06,1.093,1.054,1.085,63194571,68377385
2022-01-17,1.085,1.109,1.082,1.107,63717947,70084001
2022-01-18,1.107,1.112,1.078,1.081,67520128,73695474
2022-01-19,1.089,1.131,1.089,1.109,64107216,71484557
2022-01-20,1.102,1.102,1.07,1.077,50329635,54454162
2022-01-21,1.07,1.082,1.039,1.043,64250496,68034842
2022-01-24,1.033,1.05,1.022,1.037,65347840,67682511
2022-01-25,1.029,1.03,0.974,0.976,66852851,66844488
2022-01-26,0.975,0.989,0.956,0.968,88172106,85666787
2022-01-27,0.96,0.962,0.917,0.918,67164062,62860265
2022-01-28,0.919,0.932,0.912,0.914,65778672,60796110
2022-02-07,0.924,0.929,0.901,0.914,39157351,35819448
2022-02-08,0.915,0.928,0.903,0.927,54810921,50354704
2022-02-09,0.927,0.954,0.927,0.954,79995200,75280586
2022-02-10,0.95,0.965,0.943,0.964,49169579,47020964
2022-02-11,0.954,0.965,0.934,0.939,61537512,58621288
2022-02-14,0.93,0.944,0.923,0.934,29884015,27969466
2022-02-15,0.944,0.955,0.936,0.944,33112177,31295017
2022-02-16,0.952,0.957,0.943,0.949,35422577,33623944
2022-02-17,0.948,0.951,0.937,0.94,31747459,29989362
2022-02-18,0.937,0.949,0.932,0.948,26974974,25434607
2022-02-21,0.95,0.96,0.948,0.954,42992321,41088373
2022-02-22,0.941,0.942,0.902,0.906,65239627,59473134
2022-02-23,0.908,0.924,0.908,0.922,42140687,38747731
2022-02-24,0.918,0.918,0.857,0.876,108980604,96568580
2022-02-25,0.88,0.895,0.88,0.886,26082578,23197575
2022-02-28,0.882,0.888,0.864,0.884,73274821,64059125
2022-03-01,0.884,0.893,0.883,0.893,32735505,29058731
2022-03-02,0.888,0.896,0.885,0.896,40555770,36162470
2022-03-03,0.897,0.898,0.885,0.886,34736400,30877545
2022-03-04,0.879,0.899,0.878,0.892,38508557,34112030
2022-03-07,0.883,0.885,0.866,0.869,43658532,38149348
2022-03-08,0.867,0.874,0.839,0.84,49017927,41895556
2022-03-09,0.839,0.842,0.79,0.833,43985372,36165576
2022-03-10,0.845,0.852,0.837,0.837,37352854,31509896
2022-03-11,0.825,0.862,0.821,0.861,45862322,38739939
2022-03-14,0.851,0.862,0.839,0.84,48109097,40879440
2022-03-15,0.835,0.835,0.787,0.788,49186457,40183763
2022-03-16,0.8,0.819,0.774,0.817,66990246,53140476
2022-03-17,0.833,0.873,0.833,0.869,64446508,55648280
2022-03-18,0.859,0.87,0.852,0.868,54999651,47320943
2022-03-21,0.87,0.884,0.859,0.869,44959851,39099104
2022-03-22,0.861,0.882,0.855,0.876,45857763,39776272
2022-03-23,0.88,0.893,0.872,0.887,54597257,48311925
2022-03-24,0.883,0.883,0.864,0.868,50785622,44233048
2022-03-25,0.864,0.883,0.864,0.869,67187141,58659500
2022-03-28,0.87,0.887,0.863,0.883,45806543,40303466
2022-03-29,0.885,0.887,0.867,0.87,44061400,38519887
2022-03-30,0.869,0.885,0.868,0.883,38207603,33579309
2022-03-31,0.88,0.892,0.874,0.881,38641503,34181597
2022-04-01,0.874,0.919,0.868,0.915,146719501,132821976
2022-04-06,0.915,0.93,0.912,0.92,65721175,60575811
2022-04-07,0.91,0.924,0.898,0.899,54928127,50066153
2022-04-08,0.897,0.898,0.867,0.871,41496663,36364359
2022-04-11,0.866,0.867,0.835,0.847,91357706,77189282
2022-04-12,0.9,0.9,0.849,0.865,199450233,173311326
2022-04-13,0.849,0.852,0.824,0.825,76818407,64443815
2022-04-14,0.826,0.84,0.82,0.827,74487361,61953492
2022-04-15,0.823,0.823,0.806,0.809,75327212,61193099
2022-04-18,0.805,0.805,0.784,0.798,50460012,40029231
2022-04-19,0.798,0.809,0.794,0.806,65974416,52804196
2022-04-20,0.806,0.822,0.802,0.807,70488698,57272938
2022-04-21,0.8,0.808,0.774,0.778,121372639,95996172
2022-04-22,0.771,0.776,0.758,0.766,62058491,47673043
2022-04-25,0.748,0.75,0.699,0.701,119752708,86638752
2022-04-26,0.705,0.733,0.699,0.705,81735263,58645898
2022-04-27,0.691,0.724,0.684,0.724,77011608,53956985
2022-04-28,0.72,0.72,0.701,0.711,80248221,57071792
2022-04-29,0.714,0.779,0.714,0.758,114902376,85121461
2022-05-05,0.753,0.763,0.744,0.758,65054913,49072624
2022-05-06,0.737,0.749,0.732,0.74,71938577,53322676
2022-05-09,0.74,0.755,0.736,0.748,62640062,46794807
2022-05-10,0.734,0.751,0.728,0.751,56458200,41823621
2022-05-11,0.751,0.77,0.748,0.751,67101595,51006624
2022-05-12,0.742,0.753,0.737,0.75,67611604,50426472
2022-05-13,0.753,0.762,0.748,0.754,44701800,33697905
2022-05-16,0.752,0.767,0.752,0.765,63039085,47950405
2022-05-17,0.766,0.768,0.752,0.763,53543122,40658677
2022-05-18,0.763,0.775,0.754,0.757,57826157,44207973
2022-05-19,0.745,0.756,0.74,0.756,76073689,56879960
2022-05-20,0.759,0.767,0.756,0.767,57131758,43470314
2022-05-23,0.771,0.785,0.77,0.776,63547061,49353776
2022-05-24,0.775,0.775,0.745,0.746,66341100,50798234
2022-05-25,0.745,0.767,0.741,0.767,64183700,48245370
2022-05-26,0.768,0.773,0.756,0.772,51353922,39304512
2022-05-27,0.773,0.778,0.76,0.767,61437368,47450965
2022-05-30,0.768,0.768,0.756,0.765,52695221,40075228
2022-05-31,0.76,0.78,0.756,0.778,61377036,47191942
2022-06-01,0.779,0.787,0.772,0.778,51100664,39853885
2022-06-02,0.778,0.781,0.767,0.781,46472200,35863095
2022-06-06,0.779,0.795,0.778,0.795,59816166,47091132
2022-06-07,0.796,0.806,0.789,0.798,57186760,45675706
2022-06-08,0.82,0.82,0.789,0.803,105356912,84798848
2022-06-09,0.793,0.807,0.791,0.796,62907122,50180129
2022-06-10,0.786,0.801,0.784,0.799,50516800,40044647
2022-06-13,0.794,0.795,0.782,0.79,53457300,42154749
2022-06-14,0.78,0.785,0.759,0.783,55544200,42944978
2022-06-15,0.783,0.802,0.782,0.79,58569154,46339347
2022-06-16,0.79,0.829,0.79,0.825,106888142,87470448
2022-06-17,0.825,0.825,0.799,0.812,61898205,50172227
2022-06-20,0.809,0.82,0.806,0.82,140284754,114085303
2022-06-21,0.822,0.832,0.811,0.83,96909134,79441686
2022-06-22,0.827,0.83,0.8,0.801,64920813,52831423
2022-06-23,0.799,0.809,0.792,0.809,55395551,44326244
2022-06-24,0.806,0.817,0.806,0.811,48203812,39094587
2022-06-27,0.813,0.828,0.811,0.816,101953604,83925962
2022-06-28,0.811,0.825,0.807,0.825,50673447,41346633
2022-06-29,0.82,0.828,0.808,0.809,62802061,51465385
2022-06-30,0.809,0.824,0.808,0.82,70125142,57418750
2022-07-01,0.821,0.821,0.806,0.812,50859206,41257459
2022-07-04,0.81,0.81,0.801,0.809,50788739,40948781
2022-07-05,0.81,0.814,0.787,0.796,61220714,48766688
2022-07-06,0.793,0.795,0.776,0.783,55476606,43596414
2022-07-07,0.782,0.784,0.773,0.779,43658761,33996845
2022-07-08,0.779,0.794,0.779,0.783,62376880,49078871
2022-07-11,0.78,0.782,0.771,0.776,47998755,37230526
2022-07-12,0.782,0.782,0.765,0.765,45349119,34911214
2022-07-13,0.772,0.788,0.771,0.778,56520162,44068037
2022-07-14,0.771,0.78,0.769,0.776,43766242,33912177
2022-07-15,0.777,0.777,0.755,0.756,48933800,37399056
2022-07-18,0.756,0.778,0.756,0.777,54933892,42327156
2022-07-19,0.779,0.796,0.776,0.796,61556962,48390446
2022-07-20,0.8,0.805,0.794,0.805,66666123,53304366
2022-07-21,0.805,0.827,0.802,0.818,143081764,117099331
2022-07-22,0.815,0.819,0.797,0.806,64784482,52482756
2022-07-25,0.804,0.809,0.787,0.788,97759942,77557319
2022-07-26,0.792,0.803,0.791,0.803,50218018,40077723
2022-07-27,0.799,0.803,0.795,0.798,42794491,34166857
2022-07-28,0.799,0.804,0.793,0.795,65651974,52511088
2022-07-29,0.793,0.804,0.786,0.79,68144363,54108837
2022-08-01,0.784,0.795,0.776,0.793,66109451,52076296
2022-08-02,0.788,0.788,0.753,0.76,76491076,58542309
2022-08-03,0.762,0.774,0.751,0.755,56221071,43022492
2022-08-04,0.759,0.765,0.751,0.765,48781262,36987893
2022-08-05,0.764,0.79,0.764,0.79,60439127,47152613
2022-08-08,0.791,0.798,0.788,0.796,45436145,36026390
2022-08-09,0.792,0.797,0.781,0.79,45514906,35772366
2022-08-10,0.784,0.787,0.777,0.78,48664509,38046947
2022-08-11,0.782,0.806,0.782,0.804,68296207,54502962
2022-08-12,0.805,0.824,0.801,0.821,72045727,58679557
2022-08-15,0.822,0.822,0.809,0.811,69033645,56074852
2022-08-16,0.809,0.813,0.799,0.805,49913812,40160338
2022-08-17,0.805,0.826,0.802,0.824,79963251,65397058
2022-08-18,0.821,0.821,0.802,0.811,67202476,54247807
2022-08-19,0.808,0.837,0.807,0.819,74635324,61657885
2022-08-22,0.811,0.834,0.802,0.833,76348527,62821901
2022-08-23,0.83,0.833,0.819,0.824,51907262,42744656
2022-08-24,0.826,0.835,0.81,0.81,124263739,101679948
2022-08-25,0.811,0.814,0.788,0.805,58657300,46980147
2022-08-26,0.804,0.815,0.799,0.801,53045730,42773016
2022-08-29,0.794,0.803,0.788,0.802,47849962,37999729
2022-08-30,0.8,0.825,0.8,0.819,57509906,46839252
2022-08-31,0.815,0.833,0.81,0.814,59082618,48381630
2022-09-01,0.815,0.815,0.794,0.795,53954591,43394017
2022-09-02,0.793,0.82,0.793,0.819,69042300,56032266
2022-09-05,0.819,0.819,0.791,0.799,64217600,51284702
2022-09-06,0.802,0.802,0.788,0.8,57485449,45643858
2022-09-07,0.796,0.796,0.781,0.785,54352447,42754737
2022-09-08,0.784,0.792,0.777,0.782,56270306,44141954
2022-09-09,0.779,0.783,0.77,0.783,53046680,41200134
2022-09-13,0.78,0.79,0.78,0.784,42435000,33285252
2022-09-14,0.781,0.782,0.771,0.777,48921106,37937030
2022-09-15,0.779,0.782,0.758,0.77,63928427,49301948
2022-09-16,0.766,0.773,0.753,0.754,51519871,39442810
2022-09-19,0.748,0.75,0.723,0.729,65308024,47754950
2022-09-20,0.732,0.737,0.728,0.731,43714900,31991315
2022-09-21,0.725,0.738,0.715,0.737,69813600,50688611
2022-09-22,0.732,0.736,0.725,0.726,35214700,25711098
2022-09-23,0.724,0.724,0.701,0.706,115615047,82169855
2022-09-26,0.702,0.707,0.693,0.697,51278385,35923516
2022-09-27,0.697,0.713,0.694,0.711,55329674,38787768
2022-09-28,0.707,0.71,0.694,0.695,56370806,39552696
2022-09-29,0.698,0.704,0.683,0.69,58385685,40478508
2022-09-30,0.686,0.692,0.683,0.685,54539762,37528201
2022-10-10,0.686,0.688,0.669,0.672,78239375,52986822
2022-10-11,0.67,0.67,0.654,0.666,67484800,44566634
2022-10-12,0.666,0.682,0.658,0.68,56200827,37427501
2022-10-13,0.675,0.689,0.673,0.68,56258421,38311038
2022-10-14,0.687,0.7,0.686,0.695,49263421,34201956
2022-10-17,0.695,0.706,0.691,0.704,50424178,35354733
2022-10-18,0.708,0.708,0.698,0.702,52216906,36667536
2022-10-19,0.702,0.702,0.691,0.691,48355727,33623375
2022-10-20,0.687,0.704,0.687,0.698,53820400,37462480
2022-10-21,0.7,0.7,0.686,0.687,50075865,34597598
2022-10-24,0.687,0.7,0.666,0.671,51392130,35124909
2022-10-25,0.666,0.674,0.656,0.663,34853654,23138343
2022-10-26,0.667,0.685,0.665,0.677,47621462,32266701
2022-10-27,0.685,0.702,0.683,0.698,48184753,33455620
2022-10-28,0.699,0.699,0.664,0.668,56387073,38302142
2022-10-31,0.663,0.685,0.663,0.677,52164015,35131332
2022-11-01,0.679,0.696,0.675,0.694,47518103,32614893
2022-11-02,0.713,0.727,0.71,0.716,68817924,49446678
2022-11-03,0.7,0.711,0.697,0.703,50805141,35683050
2022-11-04,0.699,0.718,0.699,0.717,51756300,36774810
2022-11-07,0.714,0.739,0.703,0.737,68567892,49754230
2022-11-08,0.739,0.739,0.728,0.734,44989112,32897078
2022-11-09,0.731,0.738,0.728,0.728,50770900,37191222
2022-11-10,0.722,0.746,0.722,0.743,73708203,54475759
2022-11-11,0.754,0.759,0.742,0.743,70430689,52922334
2022-11-14,0.748,0.755,0.744,0.749,75372773,56499614
2022-11-15,0.746,0.759,0.746,0.756,48883383,36852999
2022-11-16,0.756,0.774,0.756,0.768,67998290,52273287
2022-11-17,0.806,0.819,0.782,0.808,127075477,101566293
2022-11-18,0.81,0.849,0.806,0.81,163151617,135436090
2022-11-21,0.799,0.811,0.777,0.783,78621125,61912589
2022-11-22,0.78,0.786,0.767,0.771,62802731,48864656
2022-11-23,0.772,0.774,0.753,0.768,63027700,48157860
2022-11-24,0.766,0.769,0.755,0.757,48401992,36838119
2022-11-25,0.756,0.762,0.75,0.758,60508116,45763176
2022-11-28,0.75,0.752,0.737,0.748,52923200,39374594
2022-11-29,0.745,0.767,0.745,0.767,95476219,72521897
2022-11-30,0.765,0.777,0.762,0.767,70699821,54544501
2022-12-01,0.773,0.782,0.772,0.774,76054600,59017939
2022-12-02,0.772,0.79,0.772,0.782,62671751,49103509
2022-12-05,0.785,0.793,0.784,0.79,64480095,50840260
2022-12-06,0.785,0.788,0.775,0.778,62752805,49103675
2022-12-07,0.762,0.788,0.762,0.783,66424617,51621347
2022-12-08,0.782,0.784,0.77,0.779,58337971,45350359
2022-12-09,0.78,0.782,0.77,0.777,41072513,31798769
2022-12-12,0.776,0.778,0.763,0.763,48177986,36988566
2022-12-13,0.763,0.78,0.76,0.77,71641537,55212600
2022-12-14,0.768,0.776,0.76,0.774,51237133,39386640
2022-12-15,0.774,0.779,0.764,0.765,46442900,35817715
2022-12-16,0.762,0.764,0.753,0.754,58595700,44381121
2022-12-19,0.757,0.758,0.737,0.74,63528641,47498594
2022-12-20,0.739,0.746,0.666,0.73,59718821,44041990
2022-12-21,0.732,0.739,0.725,0.728,55105006,40311216
2022-12-22,0.73,0.753,0.73,0.738,66224818,49191295
2022-12-23,0.734,0.755,0.73,0.748,70958100,52835944
2022-12-26,0.754,0.754,0.742,0.746,43537106,32483241
2022-12-27,0.75,0.753,0.736,0.745,46671700,34653350
2022-12-28,0.742,0.75,0.73,0.747,56331900,41668694
2022-12-29,0.756,0.766,0.743,0.744,66247312,50059608
2022-12-30,0.742,0.763,0.739,0.763,72220000,54413358
2023-01-03,0.758,0.783,0.756,0.781,71238371,54903735
2023-01-04,0.782,0.806,0.779,0.803,84586662,67121704
2023-01-05,0.802,0.827,0.801,0.809,86318059,70080797
2023-01-06,0.805,0.811,0.795,0.801,66085422,52919772
2023-01-09,0.796,0.813,0.796,0.808,70112704,56632545
2023-01-10,0.809,0.825,0.805,0.825,78610633,64155547
2023-01-11,0.827,0.827,0.803,0.805,76494931,62312535
2023-01-12,0.804,0.811,0.796,0.804,64815222,52071300
2023-01-13,0.804,0.808,0.799,0.808,53017400,42613879
2023-01-16,0.81,0.813,0.802,0.808,65478592,52939317
2023-01-17,0.811,0.812,0.8,0.803,45150242,36332282
2023-01-18,0.811,0.83,0.811,0.828,87567800,72166449
2023-01-19,0.821,0.835,0.815,0.835,108545204,89978741
2023-01-20,0.835,0.837,0.827,0.837,55993424,46633565
2023-01-30,0.85,0.85,0.829,0.831,58123927,48579166
2023-01-31,0.828,0.834,0.822,0.833,53802083,44577281
2023-02-01,0.833,0.85,0.828,0.849,83317324,69924769
2023-02-02,0.855,0.876,0.852,0.863,126593329,109480160
2023-02-03,0.86,0.879,0.859,0.877,99484853,86666630
2023-02-06,0.874,0.901,0.866,0.892,97777586,86769423
2023-02-07,0.894,0.922,0.881,0.915,105662074,95233083
2023-02-08,0.913,0.916,0.89,0.894,99447356,89418444
2023-02-09,0.886,0.919,0.878,0.919,90116836,80779878
2023-02-10,0.919,0.938,0.908,0.912,105968106,98048133
2023-02-13,0.912,0.932,0.905,0.929,124125663,114575830
2023-02-14,0.926,0.936,0.917,0.922,93565017,86530711
2023-02-15,0.918,0.945,0.915,0.94,127467295,118547110
2023-02-16,0.94,0.98,0.934,0.941,145809235,140326842
2023-02-17,0.942,0.954,0.91,0.913,200636412,186135029
2023-02-20,0.911,0.962,0.911,0.96,185191612,174187898
2023-02-21,0.958,0.96,0.928,0.941,145007494,136825200
2023-02-22,0.931,0.937,0.913,0.929,124548303,115193395
2023-02-23,0.926,0.929,0.903,0.907,104933047,96125630
2023-02-24,0.907,0.915,0.901,0.911,86131883,78325603
2023-02-27,0.902,0.916,0.892,0.894,89821315,81131959
2023-02-28,0.901,0.902,0.883,0.9,91419500,81729357
2023-03-01,0.902,0.945,0.897,0.942,148549241,137554963
2023-03-02,0.934,0.966,0.934,0.96,157634362,149893483
2023-03-03,0.952,0.964,0.938,0.951,157524883,150171347
2023-03-06,0.947,0.957,0.939,0.941,96681753,91495696
2023-03-07,0.941,0.946,0.915,0.916,110939065,103100408
2023-03-08,0.91,0.931,0.91,0.927,77527645,71460855
2023-03-09,0.926,0.926,0.908,0.92,72005042,65918843
2023-03-10,0.907,0.921,0.904,0.904,89656135,81805673
2023-03-13,0.904,0.927,0.894,0.927,127191150,115477402
2023-03-14,0.921,0.939,0.909,0.917,117779974,108554705
2023-03-15,0.92,0.93,0.909,0.911,81243288,74597453
2023-03-16,0.906,0.93,0.889,0.919,111445420,101671373
2023-03-17,0.918,0.97,0.918,0.967,136384088,129967362
2023-03-20,0.998,1.041,0.998,1.017,235126236,240794573
2023-03-21,1.012,1.062,1.006,1.052,161173332,167333099
2023-03-22,1.046,1.092,1.036,1.087,200742355,213996115
2023-03-23,1.083,1.102,1.075,1.095,163522664,178160951
2023-03-24,1.094,1.167,1.092,1.167,254204169,287431495
2023-03-27,1.161,1.201,1.135,1.175,303092382,355146366
2023-03-28,1.155,1.176,1.133,1.142,261936247,301614678
2023-03-29,1.139,1.158,1.118,1.131,186159159,212564249
2023-03-30,1.12,1.144,1.109,1.129,182194394,205730691
2023-03-31,1.128,1.23,1.112,1.214,376377516,441125433
2023-04-03,1.206,1.32,1.192,1.312,357188968,453398951
2023-04-04,1.303,1.353,1.301,1.32,400861687,534038481
2023-04-06,1.283,1.312,1.261,1.292,412648683,530862078
2023-04-07,1.29,1.368,1.262,1.364,469739182,620011377
2023-04-10,1.366,1.375,1.255,1.264,512789052,676161544
2023-04-11,1.263,1.364,1.263,1.324,568007266,745320425
2023-04-12,1.313,1.428,1.31,1.425,524010525,716381042
2023-04-13,1.42,1.442,1.378,1.389,505111470,716408148
2023-04-14,1.369,1.41,1.305,1.364,594662274,811739365
2023-04-17,1.341,1.35,1.303,1.312,507962366,671775620
2023-04-18,1.3,1.338,1.261,1.32,729721462,946616997
2023-04-19,1.308,1.362,1.308,1.326,510758980,684890482
2023-04-20,1.31,1.409,1.308,1.405,485391330,662322039
2023-04-21,1.419,1.444,1.355,1.359,545046801,761280856
2023-04-24,1.342,1.461,1.342,1.438,629711951,893385071
2023-04-25,1.429,1.506,1.408,1.491,680744532,995945274
2023-04-26,1.479,1.544,1.413,1.489,714829791,1054287456
2023-04-27,1.46,1.483,1.358,1.387,841143750,1194875452
2023-04-28,1.383,1.526,1.383,1.526,468109762,691010926
2023-05-04,1.585,1.64,1.551,1.637,536703731,852626931
2023-05-05,1.598,1.616,1.547,1.553,592879930,932640644
2023-05-08,1.538,1.584,1.499,1.546,554641634,856045918
2023-05-09,1.527,1.561,1.476,1.48,760007781,1153919402
2023-05-10,1.469,1.507,1.4,1.439,790796400,1155899136
2023-05-11,1.44,1.51,1.431,1.463,642639147,943005414
2023-05-12,1.45,1.47,1.388,1.39,482196897,686686072
2023-05-15,1.393,1.409,1.336,1.379,503812108,689507360
2023-05-16,1.395,1.418,1.322,1.327,627411098,861979256
2023-05-17,1.3,1.376,1.3,1.348,678916650,912199990
2023-05-18,1.339,1.425,1.331,1.42,613732772,855318368
2023-05-19,1.404,1.448,1.381,1.385,417853980,588577301
2023-05-22,1.359,1.392,1.317,1.354,549217511,741956187
2023-05-23,1.354,1.378,1.322,1.333,419133652,564819030
2023-05-24,1.314,1.37,1.303,1.357,501092085,671120761
2023-05-25,1.352,1.377,1.272,1.317,595448954,784248730
2023-05-26,1.308,1.355,1.294,1.343,460626280,612241847
2023-05-29,1.349,1.435,1.334,1.385,665058036,919660353
2023-05-30,1.354,1.478,1.335,1.47,834276397,1182432228
2023-05-31,1.465,1.515,1.454,1.491,607587921,902771304
2023-06-01,1.474,1.562,1.469,1.523,603219153,920620509
2023-06-02,1.534,1.555,1.512,1.521,569052536,869677657
2023-06-05,1.506,1.553,1.495,1.55,502885685,768925841
2023-06-06,1.533,1.585,1.49,1.506,492100423,757591820
2023-06-07,1.497,1.529,1.47,1.5,445621066,668748171
2023-06-08,1.487,1.487,1.432,1.46,443194061,644721277
2023-06-09,1.46,1.555,1.446,1.554,653359337,977480949
2023-06-12,1.548,1.567,1.533,1.538,445106397,688644780
2023-06-13,1.527,1.595,1.527,1.567,464193212,727971796
2023-06-14,1.555,1.62,1.548,1.584,554766898,876225088
2023-06-15,1.592,1.615,1.555,1.569,518095654,818406093
2023-06-16,1.552,1.621,1.528,1.605,558050662,880379680
2023-06-19,1.607,1.639,1.592,1.637,566190099,914778400
2023-06-20,1.638,1.709,1.616,1.685,660650774,1111075685
2023-06-21,1.645,1.66,1.529,1.529,900021008,1422737729
2023-06-26,1.495,1.538,1.432,1.441,805348150,1190685759
2023-06-27,1.442,1.491,1.421,1.458,683156704,998219062
2023-06-28,1.435,1.47,1.381,1.448,951382586,1354838821
2023-06-29,1.442,1.511,1.435,1.498,706232526,1045925481
2023-06-30,1.484,1.508,1.45,1.469,573803916,843716944
2023-07-03,1.469,1.472,1.342,1.356,805163448,1106739388
2023-07-04,1.351,1.367,1.34,1.364,597980506,808632025
2023-07-05,1.359,1.375,1.34,1.34,516928948,701852451
2023-07-06,1.336,1.399,1.332,1.351,555302997,759307851
2023-07-07,1.344,1.349,1.285,1.332,494815651,651149237
2023-07-10,1.332,1.35,1.306,1.347,429061433,570488590
2023-07-11,1.346,1.365,1.319,1.331,397143707,532214998
2023-07-12,1.325,1.334,1.278,1.28,489210495,638004467
2023-07-13,1.283,1.321,1.268,1.31,620840963,802341660
2023-07-14,1.31,1.359,1.31,1.324,513999705,683290649
2023-07-17,1.312,1.316,1.279,1.29,384812492,497280846
2023-07-18,1.29,1.304,1.268,1.272,410246878,525601075
2023-07-19,1.272,1.3,1.269,1.279,331937821,425945804
2023-07-20,1.276,1.281,1.23,1.233,420280277,525632692
2023-07-21,1.229,1.258,1.223,1.234,358736067,444753155
2023-07-24,1.225,1.255,1.218,1.231,402798922,497390899
2023-07-25,1.245,1.254,1.219,1.235,471140260,582816767
2023-07-26,1.23,1.23,1.183,1.191,464555197,557189695
2023-07-27,1.187,1.199,1.173,1.175,433479337,513545845
2023-07-28,1.174,1.18,1.16,1.17,440618083,515583525
2023-07-31,1.164,1.229,1.152,1.215,733572246,879121940
2023-08-01,1.203,1.226,1.19,1.215,520622166,627834177
2023-08-02,1.209,1.215,1.194,1.207,297119562,357174579
2023-08-03,1.195,1.218,1.189,1.194,348968018,419483345
2023-08-04,1.193,1.227,1.191,1.223,556847596,676758907
2023-08-07,1.226,1.277,1.223,1.252,741547061,927343518
2023-08-08,1.249,1.263,1.236,1.238,423620030,529383507
2023-08-09,1.236,1.241,1.19,1.192,483157645,586182711
2023-08-10,1.191,1.225,1.191,1.207,445189948,536980024
2023-08-11,1.209,1.236,1.194,1.194,328781530,399462546
2023-08-14,1.18,1.243,1.17,1.242,454133676,550494683
2023-08-15,1.241,1.242,1.192,1.205,389921114,473314032
2023-08-16,1.198,1.207,1.166,1.171,415006728,490862805
2023-08-17,1.165,1.2,1.157,1.191,367694304,436080717
2023-08-18,1.188,1.194,1.141,1.143,350626233,407615759
2023-08-21,1.139,1.165,1.13,1.131,376512996,432020716
2023-08-22,1.141,1.169,1.122,1.162,441175828,505508089
2023-08-23,1.158,1.159,1.132,1.136,292982741,334918972
2023-08-24,1.142,1.188,1.139,1.154,532335851,618288297
2023-08-25,1.136,1.147,1.099,1.109,414770589,464814543
2023-08-28,1.182,1.183,1.127,1.136,439790928,504484396
2023-08-29,1.13,1.19,1.13,1.182,466900362,544507549
2023-08-30,1.182,1.217,1.18,1.211,538876863,649139555
2023-08-31,1.209,1.214,1.182,1.193,345697016,413066263
2023-09-01,1.189,1.196,1.167,1.182,343632887,404844339
2023-09-04,1.183,1.186,1.16,1.179,333118661,389697228
2023-09-05,1.177,1.183,1.16,1.163,370010271,433504820
2023-09-06,1.153,1.158,1.129,1.138,309238106,352201835
2023-09-07,1.149,1.163,1.124,1.126,381622041,436788188
2023-09-08,1.111,1.119,1.077,1.091,422898127,460848167
2023-09-11,1.09,1.13,1.088,1.115,450520018,499142587
2023-09-12,1.106,1.109,1.092,1.094,271799242,298416510
2023-09-13,1.088,1.094,1.06,1.071,286552285,307924570
2023-09-14,1.07,1.075,1.056,1.061,251242532,267429435
2023-09-15,1.064,1.069,1.045,1.048,233926127,247420317
2023-09-18,1.048,1.063,1.042,1.05,230949432,243207871
2023-09-19,1.05,1.051,1.025,1.028,243660990,252326954
2023-09-20,1.028,1.041,1.016,1.021,280163522,288548948
2023-09-21,1.02,1.026,1.01,1.012,260139860,264599003
2023-09-22,1.012,1.079,1.008,1.078,608560054,639460742
2023-09-25,1.075,1.08,1.06,1.066,300259424,321738932
2023-09-26,1.065,1.107,1.063,1.086,315842821,343882908
2023-09-27,1.074,1.1,1.074,1.088,322575119,351090984
2023-09-28,1.093,1.102,1.083,1.088,242121269,264488990
2023-10-09,1.086,1.086,1.063,1.075,176291105,188961159
2023-10-10,1.076,1.087,1.07,1.073,141831813,153016831
2023-10-11,1.076,1.103,1.065,1.087,250465083,271996068
2023-10-12,1.09,1.093,1.054,1.068,221034113,235513806
2023-10-13,1.06,1.061,1.04,1.043,157343092,165116329
2023-10-16,1.044,1.046,1.021,1.027,202857939,209207957
2023-10-17,1.026,1.031,1.015,1.028,167644800,171408051
2023-10-18,1.018,1.023,0.994,1.009,210230231,211240151
2023-10-19,1.0,1.023,0.998,1.011,191569625,194232510
2023-10-20,0.996,1.008,0.978,0.979,315485441,311365280
2023-10-23,0.976,0.978,0.944,0.954,257376101,246191157
2023-10-24,0.955,0.981,0.95,0.974,264322615,256007876
2023-10-25,0.975,0.976,0.956,0.968,239127432,230866836
2023-10-26,0.953,0.962,0.944,0.961,171706743,163467706
2023-10-27,0.96,0.985,0.955,0.978,231891743,224737168
2023-10-30,0.974,1.003,0.971,0.999,258560910,256246620
2023-10-31,1.012,1.027,0.994,1.007,370180867,372115283
2023-11-01,0.996,1.053,0.994,1.016,493981789,507276163
2023-11-02,1.012,1.058,1.011,1.037,396793096,413014982
2023-11-03,1.034,1.048,1.012,1.037,349151775,360589968
2023-11-06,1.041,1.106,1.041,1.106,538286651,584478255
2023-11-07,1.105,1.115,1.092,1.108,354221837,391484779
2023-11-08,1.1,1.164,1.1,1.145,478259785,544978945
2023-11-09,1.139,1.147,1.123,1.128,334342240,379030249
2023-11-10,1.121,1.131,1.102,1.106,336895959,374946908
2023-11-13,1.116,1.13,1.109,1.115,334381349,373734481
2023-11-14,1.109,1.121,1.107,1.121,218015162,242952100
2023-11-15,1.13,1.136,1.098,1.102,297328857,329867249
2023-11-16,1.094,1.111,1.089,1.096,258534656,284672086
2023-11-17,1.093,1.112,1.091,1.105,281175413,309429048
2023-11-20,1.104,1.119,1.092,1.11,277656289,307555470
2023-11-21,1.114,1.133,1.107,1.111,282090717,316010939
2023-11-22,1.107,1.121,1.1,1.1,243156778,270337438
2023-11-23,1.1,1.101,1.078,1.097,245539012,267051180
2023-11-24,1.095,1.099,1.064,1.067,260300212,280582599
2023-11-27,1.065,1.072,1.047,1.054,318591503,336624368
2023-11-28,1.054,1.063,1.041,1.06,201132439,211642381
2023-11-29,1.057,1.06,1.044,1.047,194488712,204466481
2023-11-30,1.045,1.051,1.031,1.04,173368300,180469167
2023-12-01,1.041,1.128,1.04,1.125,523092170,568168205
2023-12-04,1.126,1.149,1.121,1.131,424807365,482293397
2023-12-05,1.125,1.129,1.089,1.089,511882119,562990297
2023-12-06,1.081,1.156,1.068,1.132,613346798,682951919
2023-12-07,1.149,1.164,1.134,1.147,605375293,695733277
2023-12-08,1.138,1.167,1.123,1.15,463193759,529862340
2023-12-11,1.141,1.194,1.136,1.186,591629686,689871431
2023-12-12,1.189,1.222,1.175,1.181,382499175,457849041
2023-12-13,1.17,1.198,1.164,1.167,0,0
2023-12-14,1.171,1.185,1.157,1.158,0,0
2023-12-15,1.161,1.182,1.135,1.165,0,0
2023-12-18,1.159,1.165,1.131,1.135,317545262,363946656
2023-12-19,1.128,1.165,1.125,1.157,367302124,421780164
2023-12-20,1.157,1.166,1.116,1.119,403954700,458928164
2023-12-21,1.105,1.156,1.105,1.148,418725962,474728883
2023-12-22,1.14,1.148,1.033,1.033,557896135,599080043
2023-12-25,0.996,1.003,0.963,0.99,895370679,881370236
2023-12-26,0.99,1.008,0.966,0.981,514087492,506825498
2023-12-27,0.993,1.002,0.968,0.976,370795868,364233168
2023-12-28,0.968,0.988,0.947,0.982,471431571,457957989
2023-12-29,0.98,1.025,0.977,1.019,631068629,637274981
2024-01-02,1.029,1.054,1.016,1.017,522540225,541356305
2024-01-03,1.015,1.049,1.002,1.028,566964041,583138134
2024-01-04,1.024,1.027,0.993,1.015,410186153,414151634
2024-01-05,1.01,1.012,0.979,0.987,257584314,256247497
2024-01-08,0.984,0.995,0.97,0.973,299356068,293415573
2024-01-09,0.98,0.992,0.963,0.971,295817527,289274216
2024-01-10,0.966,0.969,0.943,0.945,287869803,274217198
2024-01-11,0.942,0.989,0.939,0.986,404459063,391994872
2024-01-12,0.976,0.986,0.959,0.961,281390547,273134147
2024-01-15,0.954,0.975,0.95,0.962,218065900,209897534
2024-01-16,0.958,0.959,0.938,0.955,254959221,241806999
2024-01-17,0.952,0.956,0.92,0.929,180574991,170609494
2024-01-18,0.922,0.949,0.91,0.948,402426824,374001350
2024-01-19,0.952,0.989,0.952,0.973,459313900,447876354
2024-01-22,0.963,0.974,0.895,0.902,408037762,381751434
2024-01-23,0.896,0.966,0.891,0.953,532426730,496268305
2024-01-24,0.954,0.958,0.92,0.952,414766948,390407719
2024-01-25,0.947,0.98,0.929,0.979,485085085,463411787
2024-01-26,0.983,1.02,0.965,0.979,617873592,611723469
2024-01-29,0.97,0.974,0.932,0.938,532756255,503760875
2024-01-30,0.922,0.938,0.898,0.905,366516871,336843792
2024-01-31,0.896,0.913,0.851,0.854,405721764,358002646
2024-02-01,0.837,0.887,0.823,0.861,440646349,377656699
2024-02-02,0.864,0.901,0.821,0.851,555351098,483566268
2024-02-05,0.837,0.837,0.766,0.784,613027817,489309450
2024-02-06,0.765,0.851,0.758,0.843,607620743,488210659
2024-02-07,0.838,0.866,0.832,0.848,409681225,348038479
2024-02-08,0.852,0.89,0.852,0.881,479143470,417885052
2024-02-19,0.922,0.95,0.906,0.95,579411565,537838825
2024-02-20,0.941,0.961,0.919,0.942,459590039,431469756
2024-02-21,0.923,0.974,0.92,0.944,521765735,495178781
2024-02-22,0.953,0.97,0.947,0.963,304111919,291313393
2024-02-23,0.97,0.989,0.954,0.987,360710431,350239717
2024-02-26,0.976,1.005,0.965,0.985,471022047,464255153
2024-02-27,0.975,1.038,0.974,1.035,522298835,529519545
2024-02-28,1.047,1.079,0.988,0.992,693929752,720322181
2024-02-29,0.985,1.025,0.976,1.023,523113359,527460049
2024-03-01,1.022,1.047,1.013,1.039,490646005,505017372
2024-03-04,1.039,1.055,1.013,1.051,485650619,503953015
2024-03-05,1.036,1.054,1.02,1.036,499753420,518769596
2024-03-06,1.016,1.035,1.007,1.018,326113561,332627763
2024-03-07,1.021,1.032,0.979,0.981,387799657,387453864
2024-03-08,0.982,0.997,0.971,0.994,299731030,294735305
2024-03-11,0.982,1.01,0.976,1.009,348351397,346354529
2024-03-12,1.016,1.036,1.013,1.019,378305663,387259244
2024-03-13,1.027,1.079,1.021,1.066,926650988,976022604
2024-03-14,1.048,1.05,1.015,1.032,625072308,645552320
2024-03-15,1.03,1.038,1.012,1.038,476937825,488818209
2024-03-18,1.04,1.065,1.025,1.059,626854232,656806042
2024-03-19,1.054,1.077,1.05,1.053,592063935,630057194
2024-03-20,1.05,1.083,1.047,1.082,541933303,580887264
2024-03-21,1.093,1.118,1.085,1.086,508572826,559024540
2024-03-22,1.081,1.1,1.05,1.084,558870438,599525304
2024-03-25,1.087,1.095,1.032,1.035,422922156,449074821
2024-03-26,1.027,1.035,0.993,1.005,507361641,513319009
2024-03-27,1.002,1.004,0.953,0.955,551238600,537232776
2024-03-28,0.953,1.004,0.953,0.992,550514569,542672716
2024-03-29,0.984,0.987,0.958,0.98,375132960,363716882
2024-04-01,0.987,1.026,0.987,1.026,466980767,472208993
2024-04-02,1.022,1.026,0.997,1.012,334235527,337689390
2024-04-03,1.009,1.009,0.976,0.983,321315149,316786161
2024-04-08,0.98,0.98,0.958,0.96,269040851,260258615
2024-04-09,0.965,0.979,0.951,0.974,344766441,332520406
2024-04-10,0.965,0.965,0.935,0.941,385110359,364760736
2024-04-11,0.935,0.967,0.933,0.951,354409600,338924126
2024-04-12,0.948,0.955,0.935,0.935,341278925,322015448
2024-04-15,0.935,0.944,0.906,0.922,426095536,392930349
2024-04-16,0.913,0.92,0.872,0.874,554962130,493643678
2024-04-17,0.885,0.918,0.884,0.912,472993209,428603420
2024-04-18,0.905,0.916,0.887,0.902,352362431,317808410
2024-04-19,0.894,0.897,0.875,0.879,295509773,260825710
2024-04-22,0.868,0.886,0.855,0.879,236746642,206657445
2024-04-23,0.884,0.893,0.875,0.885,316287648,279997295
2024-04-24,0.888,0.905,0.88,0.905,310046406,278080819
2024-04-25,0.896,0.912,0.894,0.898,254894106,229786768
2024-04-26,0.899,0.928,0.898,0.922,333775700,306351608
2024-04-29,0.925,0.96,0.923,0.954,421762939,399757453
2024-04-30,0.965,0.967,0.94,0.951,384069260,366279255
2024-05-06,0.968,0.975,0.957,0.962,302834785,292692558
2024-05-07,0.962,0.977,0.954,0.958,310304032,299376520
2024-05-08,0.953,0.953,0.921,0.922,396869578,369137036
2024-05-09,0.923,0.938,0.923,0.936,319936078,297484768
2024-05-10,0.936,0.944,0.92,0.926,278047700,258148939
2024-05-13,0.915,0.921,0.899,0.909,296974300,270041487
2024-05-14,0.92,0.934,0.914,0.931,448154700,415066970
2024-05-15,0.935,0.943,0.914,0.916,358948969,332470681
2024-05-16,0.911,0.925,0.904,0.912,291731600,266764067
2024-05-17,0.909,0.914,0.896,0.911,284193900,257172218
2024-05-20,0.905,0.915,0.892,0.908,345126400,312098273
2024-05-21,0.909,0.923,0.902,0.909,362892800,331568105
2024-05-22,0.903,0.906,0.894,0.905,304319700,274283727
2024-05-23,0.904,0.904,0.88,0.884,323790700,287721592
2024-05-24,0.88,0.889,0.872,0.873,264554000,232783515
2024-05-27,0.875,0.88,0.857,0.878,324858742,281775689
2024-05-28,0.877,0.877,0.856,0.857,363992200,314932023
2024-05-29,0.858,0.869,0.858,0.864,343816536,296941896
2024-05-30,0.859,0.863,0.849,0.855,258473000,221313106
2024-05-31,0.856,0.875,0.855,0.868,373904369,323871927
2024-06-03,0.864,0.864,0.846,0.853,353656300,301865946
2024-06-04,0.851,0.864,0.845,0.861,411859221,351738688
2024-06-05,0.857,0.858,0.845,0.846,332514900,283273331
2024-06-06,0.85,0.855,0.82,0.824,488625828,408649945
2024-06-07,0.832,0.839,0.813,0.824,467514894,386044229
2024-06-11,0.818,0.838,0.808,0.835,479223906,395992343
2024-06-12,0.833,0.853,0.832,0.85,460340900,388959949
2024-06-13,0.846,0.851,0.841,0.847,248689700,210280919
2024-06-14,0.844,0.854,0.841,0.848,319191800,270349989
2024-06-17,0.845,0.846,0.831,0.833,244568230,204470363
2024-06-18,0.832,0.842,0.832,0.836,206612172,173006719
2024-06-19,0.839,0.839,0.821,0.822,272003700,224643489
2024-06-20,0.82,0.824,0.799,0.8,361507200,292080474
2024-06-21,0.799,0.804,0.789,0.796,271616700,215860467
2024-06-24,0.791,0.791,0.765,0.765,414362700,321684252
2024-06-25,0.767,0.777,0.748,0.755,441752121,336684384
2024-06-26,0.756,0.805,0.754,0.803,955464620,746596879
2024-06-27,0.792,0.8,0.783,0.785,379983634,301164152
2024-06-28,0.785,0.797,0.779,0.783,353081700,278841751
2024-07-01,0.778,0.787,0.767,0.785,302127827,234275592
2024-07-02,0.787,0.799,0.784,0.788,318911257,252481645
2024-07-03,0.787,0.793,0.779,0.784,236962603,185982851
2024-07-04,0.786,0.788,0.761,0.763,289894661,223528531
2024-07-05,0.76,0.773,0.755,0.769,296127273,226434228
2024-07-08,0.762,0.766,0.738,0.74,291227354,218425218
2024-07-09,0.738,0.753,0.728,0.75,378298542,280814805
2024-07-10,0.746,0.759,0.738,0.744,277064900,207669139
2024-07-11,0.757,0.764,0.75,0.763,354939496,269151527
2024-07-12,0.76,0.765,0.748,0.752,303077200,228939453
2024-07-15,0.751,0.751,0.737,0.74,242271883,179615555
2024-07-16,0.737,0.748,0.731,0.746,250951806,185554698
2024-07-17,0.743,0.763,0.742,0.752,345014912,260635709
2024-07-18,0.74,0.75,0.728,0.748,318598312,235073973
2024-07-19,0.744,0.756,0.741,0.752,326149512,244996987
2024-07-22,0.75,0.759,0.742,0.755,274467128,206168063
2024-07-23,0.759,0.761,0.73,0.73,310850917,231267188
2024-07-24,0.725,0.733,0.711,0.713,295479700,212950485
2024-07-25,0.708,0.731,0.705,0.722,321388800,231282074
2024-07-26,0.722,0.742,0.72,0.735,318983400,233614563
2024-07-29,0.737,0.744,0.724,0.739,285299670,210004533
2024-07-30,0.735,0.742,0.73,0.737,259035744,190750880
2024-07-31,0.738,0.77,0.736,0.769,485381358,367286395
2024-08-01,0.769,0.776,0.758,0.762,272063400,208682520
2024-08-02,0.755,0.77,0.748,0.749,354270718,269831590
2024-08-05,0.748,0.782,0.745,0.754,495054300,379931719
2024-08-06,0.766,0.784,0.76,0.779,495496700,382926311
2024-08-07,0.776,0.788,0.766,0.777,423330506,329216256
2024-08-08,0.773,0.774,0.756,0.769,315146621,241233460
2024-08-09,0.771,0.774,0.752,0.754,318279300,242184454
2024-08-12,0.75,0.753,0.739,0.742,252446200,187902499
2024-08-13,0.742,0.748,0.733,0.744,186340100,137808224
2024-08-14,0.745,0.766,0.738,0.756,388809906,293657292
2024-08-15,0.754,0.794,0.749,0.783,606241521,471075533
2024-08-16,0.782,0.784,0.769,0.771,468317000,362151570
2024-08-19,0.77,0.784,0.766,0.779,440471462,341478647
2024-08-20,0.777,0.784,0.759,0.764,439658700,338067869
2024-08-21,0.765,0.786,0.752,0.755,458421221,352147976
2024-08-22,0.747,0.759,0.724,0.727,457017600,337112870
2024-08-23,0.724,0.73,0.714,0.723,280212000,202373501
2024-08-26,0.723,0.734,0.715,0.729,285836921,207687123
2024-08-27,0.727,0.749,0.726,0.735,377545678,279072403
2024-08-28,0.73,0.742,0.714,0.739,365791300,266842049
2024-08-29,0.733,0.75,0.729,0.749,275951000,204728747
2024-08-30,0.747,0.782,0.745,0.773,612868509,471622910
2024-09-02,0.77,0.777,0.749,0.749,525111109,399611416
2024-09-03,0.748,0.763,0.745,0.758,298583800,225286436
2024-09-04,0.751,0.758,0.745,0.749,220712211,165642301
2024-09-05,0.75,0.783,0.749,0.775,548426700,422429082
2024-09-06,0.773,0.781,0.763,0.769,310571600,239386000
2024-09-09,0.764,0.774,0.756,0.766,256318700,196058636
2024-09-10,0.769,0.777,0.748,0.774,376356900,286990031
2024-09-11,0.767,0.779,0.765,0.777,306357600,236688716
2024-09-12,0.777,0.787,0.764,0.765,385681100,298372456
2024-09-13,0.768,0.772,0.753,0.755,337147300,256953456
2024-09-18,0.751,0.755,0.734,0.745,274576500,203793694
2024-09-19,0.747,0.77,0.741,0.765,352112200,267110282
2024-09-20,0.765,0.765,0.753,0.76,248760533,188664839
2024-09-23,0.758,0.767,0.753,0.755,265410380,201577725
2024-09-24,0.762,0.786,0.75,0.786,520625100,401573080
2024-09-25,0.801,0.823,0.792,0.796,716595800,577330305
2024-09-26,0.794,0.831,0.792,0.83,749259759,607374451
2024-09-27,0.846,0.899,0.837,0.887,1143256778,987509386
2024-09-30,0.933,0.976,0.907,0.976,1056955166,1001008869
2024-10-08,1.074,1.074,1.0,1.074,1379994405,1459656426
2024-10-09,1.038,1.045,0.967,0.968,907702660,913389187
2024-10-10,0.976,0.998,0.933,0.947,1038753821,1003351815
2024-10-11,0.94,0.942,0.887,0.901,573966571,523767238
2024-10-14,0.9,0.931,0.882,0.93,566125070,513079767
2024-10-15,0.915,0.965,0.912,0.929,617054697,583120917
2024-10-16,0.91,0.964,0.908,0.95,645456485,608405596
2024-10-17,0.954,0.993,0.946,0.967,712470074,691557672
2024-10-18,0.96,1.018,0.943,0.992,777920591,761786412
2024-10-21,0.985,1.056,0.985,1.038,909195940,934309306
2024-10-22,1.046,1.076,1.026,1.03,798511818,836729498
2024-10-23,1.023,1.03,1.004,1.009,810287395,824497591
2024-10-24,1.0,1.002,0.983,0.994,278855768,276737797
2024-10-25,0.994,1.035,0.994,1.026,547783306,556672783
2024-10-28,1.027,1.061,1.021,1.053,667998560,697901158
2024-10-29,1.067,1.068,1.032,1.035,571627794,598598615
2024-10-30,1.026,1.051,1.017,1.031,346073012,357446400
2024-10-31,1.026,1.051,1.009,1.029,375347326,387257799
2024-11-01,1.018,1.038,0.989,0.989,0,0
2024-11-04,0.987,1.02,0.987,1.013,307857263,309708085
2024-11-05,1.013,1.046,1.007,1.046,458976603,472738627
2024-11-06,1.049,1.103,1.038,1.081,1234504357,1330993816
2024-11-07,1.063,1.089,1.052,1.087,1201276259,1283777874
2024-11-08,1.09,1.098,1.06,1.066,758748057,817593222
2024-11-11,1.054,1.123,1.051,1.121,684217760,749256663
2024-11-12,1.116,1.12,1.072,1.084,714728563,783998264
2024-11-13,1.078,1.117,1.074,1.109,799533058,878506237
2024-11-14,1.113,1.141,1.08,1.083,446067800,497072149
2024-11-15,1.076,1.132,1.072,1.075,765552469,844835546
2024-11-18,1.086,1.088,1.0,1.009,640055497,652720171
2024-11-19,1.006,1.027,0.993,1.027,465361500,469416162
2024-11-20,1.023,1.076,1.019,1.064,635478633,669385129
2024-11-21,1.057,1.08,1.047,1.063,482713102,513155926
2024-11-22,1.056,1.099,1.04,1.043,497804761,535801346
2024-11-25,1.047,1.062,1.016,1.06,659868621,687169565
2024-11-26,1.054,1.097,1.044,1.05,843772400,900541880
2024-11-27,1.039,1.11,1.025,1.109,706418912,754083553
2024-11-28,1.11,1.135,1.086,1.09,633727527,703259006
2024-11-29,1.083,1.116,1.063,1.1,661360206,721235695
2024-12-02,1.095,1.128,1.094,1.117,578963889,645272114
2024-12-03,1.116,1.117,1.09,1.104,354732930,392220673
2024-12-04,1.098,1.102,1.062,1.07,570970371,616598735
2024-12-05,1.069,1.118,1.069,1.115,750675386,828954771
2024-12-06,1.118,1.155,1.106,1.14,739650368,835694272
2024-12-09,1.146,1.15,1.123,1.143,625272000,712803764
2024-12-10,1.183,1.183,1.141,1.143,600389710,699778583
2024-12-11,1.139,1.152,1.13,1.149,420878514,480926069
2024-12-12,1.146,1.171,1.138,1.158,421188821,485860288
2024-12-13,1.146,1.193,1.142,1.167,770898412,907603637
2024-12-16,1.168,1.173,1.122,1.129,488547803,554916417
2024-12-17,1.122,1.123,1.086,1.087,526429555,577508508
2024-12-18,1.088,1.111,1.077,1.101,494497824,541253936
2024-12-19,1.085,1.114,1.072,1.11,411760046,449452469
2024-12-20,1.104,1.124,1.102,1.109,323602203,360114043
2024-12-23,1.109,1.11,1.043,1.045,568394000,603887838
2024-12-24,1.045,1.055,1.038,1.053,499805100,523455371
2024-12-25,1.052,1.054,1.018,1.034,531455533,550693812
2024-12-26,1.033,1.048,1.033,1.036,339540668,353717514
2024-12-27,1.037,1.063,1.028,1.042,443046322,465399357
2024-12-30,1.041,1.051,1.021,1.042,330488118,343726185
2024-12-31,1.042,1.047,1.001,1.001,455915957,463856862
2025-01-02,1.002,1.009,0.959,0.973,582803224,575932352
2025-01-03,0.973,0.978,0.929,0.932,601711395,571312499
2025-01-06,0.93,0.942,0.919,0.926,498452818,463682739
2025-01-07,0.926,0.948,0.926,0.947,423777521,396384374
2025-01-08,0.94,0.95,0.913,0.943,469050500,438586433
2025-01-09,0.936,0.955,0.936,0.946,326541700,309414027
2025-01-10,0.944,0.962,0.923,0.924,398104400,375329548
2025-01-13,0.913,0.936,0.903,0.927,373847000,344639904
2025-01-14,0.934,0.975,0.928,0.974,665413100,635959570
2025-01-15,0.974,0.992,0.972,0.977,525785615,515423972
2025-01-16,0.98,1.004,0.968,0.976,549872121,540747297
2025-01-17,0.969,0.983,0.963,0.975,303007722,294833821
2025-01-20,0.979,0.991,0.973,0.981,363039900,356327657
2025-01-21,0.985,0.997,0.974,0.996,389411300,384712483
2025-01-22,0.991,0.992,0.973,0.981,384056300,377111189
2025-01-23,0.991,1.014,0.985,0.986,438677262,438330533
2025-01-24,0.98,1.011,0.976,1.009,423146900,422115500
2025-01-27,1.024,1.029,1.005,1.005,526408106,534849233
2025-02-05,1.041,1.076,1.033,1.075,651780545,688477211
2025-02-06,1.077,1.121,1.065,1.116,546310618,598281660
2025-02-07,1.117,1.155,1.115,1.138,792336694,897370419
2025-02-10,1.151,1.181,1.143,1.18,725236623,844097188
2025-02-11,1.181,1.205,1.171,1.191,645409302,766630755
2025-02-12,1.194,1.237,1.194,1.233,790780179,965425590
2025-02-13,1.241,1.269,1.219,1.244,692731874,862962125
2025-02-14,1.257,1.33,1.238,1.324,1157517618,1470429647
2025-02-17,1.359,1.374,1.28,1.303,1532554396,2024509940
2025-02-18,1.297,1.326,1.249,1.256,818324016,1050263579
2025-02-19,1.243,1.283,1.242,1.279,564675847,714745174
2025-02-20,1.271,1.288,1.249,1.259,272530331,345584610
2025-02-21,1.259,1.302,1.243,1.298,635486514,814131371
2025-02-24,1.287,1.29,1.263,1.277,298097706,380831059
2025-02-25,1.251,1.252,1.223,1.233,277315217,342876402
2025-02-26,1.244,1.256,1.227,1.236,368732203,456883422
2025-02-27,1.235,1.259,1.217,1.242,456431874,565195984
2025-02-28,1.231,1.236,1.17,1.175,357963843,430302825
2025-03-03,1.179,1.221,1.165,1.196,409201245,490236852
2025-03-04,1.18,1.206,1.176,1.192,283947455,339091885
2025-03-05,1.188,1.2,1.176,1.196,231814806,275141868
2025-03-06,1.21,1.266,1.206,1.256,653072980,811166608
2025-03-07,1.254,1.265,1.229,1.238,444729709,555956494
2025-03-10,1.236,1.241,1.21,1.219,362884341,442245503
2025-03-11,1.199,1.223,1.199,1.219,233766934,283321961
2025-03-12,1.227,1.252,1.219,1.235,327100250,404424223
2025-03-13,1.229,1.233,1.198,1.214,262124424,317352716
2025-03-14,1.211,1.266,1.202,1.264,592789656,735514659
2025-03-17,1.276,1.286,1.243,1.25,402793674,507720269
2025-03-18,1.246,1.259,1.233,1.237,651342836,811466329
2025-03-19,1.234,1.239,1.21,1.217,359829900,439415203
2025-03-20,1.216,1.216,1.196,1.197,306048003,369200135
2025-03-21,1.19,1.198,1.165,1.167,325183600,383927311
2025-03-24,1.172,1.18,1.138,1.164,422567530,491950336
2025-03-25,1.162,1.164,1.13,1.137,437028790,499695013
2025-03-26,1.136,1.147,1.135,1.136,248620907,283333333
2025-03-27,1.134,1.151,1.125,1.136,389373100,444136518
2025-03-28,1.139,1.155,1.137,1.14,514040900,588638242
2025-03-31,1.131,1.134,1.1,1.124,288289700,321843752
2025-04-01,1.125,1.142,1.119,1.123,249818021,282559919
2025-04-02,1.121,1.145,1.12,1.126,264087700,299874143
2025-04-03,1.111,1.134,1.111,1.126,235331700,265041911
2025-04-07,1.064,1.073,1.013,1.013,305377650,313261105
2025-04-08,0.97,1.006,0.958,0.983,463932863,453765834
2025-04-09,0.958,1.022,0.926,1.015,508614812,501842085
2025-04-10,1.035,1.057,1.032,1.035,621553351,648204263
2025-04-11,1.027,1.046,1.024,1.034,380958780,394974048
2025-04-14,1.042,1.06,1.042,1.05,368596500,387413192
2025-04-15,1.051,1.071,1.045,1.059,482324481,509164719
2025-04-16,1.049,1.064,1.034,1.046,385097053,404204281
2025-04-17,1.037,1.057,1.035,1.048,213350300,223810889
2025-04-18,1.045,1.062,1.041,1.062,233620499,246004801
2025-04-21,1.056,1.092,1.048,1.091,400678900,431085572
2025-04-22,1.093,1.095,1.071,1.074,442586200,478178003
2025-04-23,1.08,1.086,1.072,1.078,314643542,339704921
2025-04-24,1.078,1.079,1.049,1.057,333822357,354198044
2025-04-25,1.061,1.075,1.055,1.061,283640292,301718103
2025-04-28,1.058,1.092,1.058,1.075,472482969,509486526
2025-04-29,1.067,1.089,1.065,1.083,291184632,315251928
2025-04-30,1.08,1.104,1.08,1.093,346190547,379521925
2025-05-06,1.1,1.124,1.093,1.123,415357547,462346942
2025-05-07,1.137,1.137,1.099,1.109,456588502,509200506
2025-05-08,1.103,1.122,1.102,1.117,269412142,300334472
2025-05-09,1.114,1.115,1.091,1.095,276400486,303328737
2025-05-12,1.102,1.109,1.1,1.107,192679570,212734794
2025-05-13,1.119,1.12,1.102,1.104,207786200,230642673
2025-05-14,1.102,1.115,1.093,1.105,249710067,275321954
2025-05-15,1.106,1.106,1.069,1.073,303070571,326808412
2025-05-16,1.07,1.082,1.07,1.074,283511300,304933455
2025-05-19,1.07,1.077,1.056,1.076,300590710,320670861
2025-05-20,1.073,1.108,1.065,1.097,398802621,434322180
2025-05-21,1.096,1.097,1.088,1.092,160840600,175691289
2025-05-22,1.09,1.123,1.087,1.114,631350066,699673078
2025-05-23,1.109,1.113,1.086,1.087,331686257,364724496
2025-05-26,1.089,1.13,1.089,1.119,505265991,563705404
2025-05-27,1.113,1.117,1.103,1.109,276018437,306356432
2025-05-28,1.107,1.111,1.096,1.101,228324206,251420822
2025-05-29,1.099,1.125,1.095,1.125,291411438,324821023
2025-05-30,1.119,1.14,1.108,1.109,319669863,358314246
2025-06-03,1.104,1.169,1.104,1.143,592862716,681426640
2025-06-04,1.136,1.164,1.133,1.151,381484688,439448798
2025-06-05,1.151,1.175,1.146,1.171,474909069,552648811
2025-06-06,1.167,1.181,1.149,1.16,301495009,349114701
2025-06-09,1.159,1.172,1.153,1.168,291565121,339629791
2025-06-10,1.169,1.173,1.139,1.166,388158673,449075143
2025-06-11,1.167,1.198,1.162,1.192,418846029,494407493
2025-06-12,1.188,1.227,1.182,1.214,567836503,688753597
2025-06-13,1.206,1.206,1.183,1.192,467462662,557434344
2025-06-16,1.191,1.262,1.19,1.247,869943853,1076641393
2025-06-17,1.246,1.249,1.207,1.213,622883153,762959109
2025-06-18,1.21,1.223,1.196,1.207,383714877,462835091
2025-06-19,1.199,1.23,1.188,1.198,602007624,728817299
2025-06-20,1.205,1.211,1.173,1.176,424546900,503444898
2025-06-23,1.16,1.196,1.16,1.181,359093100,423498897
2025-06-24,1.188,1.23,1.187,1.212,682847081,828598297
2025-06-25,1.212,1.225,1.201,1.221,565572815,686095072
2025-06-26,1.22,1.235,1.208,1.222,447915900,547849968
2025-06-27,1.224,1.225,1.198,1.211,399321200,483414395
2025-06-30,1.214,1.291,1.214,1.283,993369571,1256318907
2025-07-01,1.282,1.293,1.272,1.282,466378962,597157702
2025-07-02,1.281,1.283,1.261,1.266,356607639,453610708
2025-07-03,1.268,1.281,1.244,1.265,485540762,611328921
2025-07-04,1.259,1.311,1.259,1.293,819870562,1053776858
2025-07-07,1.29,1.31,1.276,1.28,481384519,620938668
2025-07-08,1.277,1.326,1.272,1.315,650288218,850774335
2025-07-09,1.313,1.326,1.31,1.325,339598770,447911659
2025-07-10,1.322,1.334,1.299,1.317,472213951,621072096
2025-07-11,1.312,1.317,1.3,1.312,622327291,813390308
2025-07-14,1.302,1.304,1.261,1.278,641346236,819300751
2025-07-15,1.275,1.292,1.275,1.286,545168968,700262572
2025-07-16,1.283,1.305,1.273,1.283,458601520,591339558
2025-07-17,1.278,1.291,1.271,1.289,440087640,565191022
2025-07-18,1.291,1.292,1.265,1.27,827204471,1055270300
2025-07-21,1.271,1.292,1.27,1.283,626029281,803001918
2025-07-22,1.277,1.291,1.26,1.265,494554839,627661335
2025-07-23,1.267,1.275,1.261,1.27,450548610,571940978
2025-07-24,1.27,1.276,1.261,1.276,378521509,480494589
2025-07-25,1.278,1.28,1.265,1.274,465339621,591335625
2025-07-28,1.275,1.29,1.265,1.282,489573662,627049437
2025-07-29,1.279,1.297,1.262,1.297,763607213,979253335
2025-07-30,1.293,1.321,1.285,1.311,765216303,998217403
2025-07-31,1.312,1.312,1.271,1.276,546845598,705240132
2025-08-01,1.275,1.282,1.252,1.281,612034118,774503673
2025-08-04,1.272,1.329,1.27,1.322,941318541,1232678032
2025-08-05,1.321,1.356,1.316,1.344,762087754,1020551701
2025-08-06,1.347,1.375,1.346,1.372,810554504,1102653791
2025-08-07,1.37,1.379,1.36,1.377,402054500,551354528
2025-08-08,1.377,1.382,1.349,1.361,554271890,756733086
2025-08-11,1.351,1.37,1.345,1.363,477678355,649964837
2025-08-12,1.365,1.379,1.356,1.361,391551570,534269427
2025-08-13,1.362,1.39,1.355,1.378,420087602,576987124
2025-08-14,1.384,1.411,1.379,1.39,463664908,647427753
2025-08-15,1.381,1.396,1.366,1.39,507597999,701721963
2025-08-18,1.396,1.411,1.393,1.407,470786960,659943529
2025-08-19,1.406,1.414,1.387,1.39,366211100,512003488
2025-08-20,1.389,1.42,1.385,1.413,517606221,726615429
2025-08-21,1.413,1.439,1.397,1.425,530417821,751685872
2025-08-22,1.425,1.456,1.416,1.451,535208796,770387087
2025-08-25,1.459,1.474,1.425,1.469,564079678,817208563
2025-08-26,1.466,1.524,1.466,1.502,636727716,957754062
2025-08-27,1.504,1.52,1.46,1.461,692198348,1034164701
2025-08-28,1.454,1.473,1.421,1.473,596346310,864683829
2025-08-29,1.472,1.488,1.459,1.476,306423400,451570509
2025-09-01,1.478,1.478,1.445,1.461,399338242,581782593
2025-09-02,1.459,1.469,1.409,1.427,503589242,722625978
2025-09-03,1.43,1.486,1.424,1.448,543796895,796013518
2025-09-04,1.446,1.47,1.391,1.414,452402251,647470309
2025-09-05,1.413,1.475,1.4,1.471,566197228,819452300
2025-09-08,1.469,1.534,1.464,1.525,529054821,792099649
2025-09-09,1.517,1.546,1.494,1.515,515191655,780756088
2025-09-10,1.501,1.558,1.501,1.546,505687174,776436927
2025-09-11,1.536,1.567,1.485,1.562,539778186,823929752
2025-09-12,1.548,1.565,1.529,1.531,385380962,593904031
2025-09-15,1.525,1.61,1.52,1.598,602429697,953188718
2025-09-16,1.595,1.608,1.577,1.597,528712926,843155666
2025-09-17,1.596,1.65,1.592,1.644,633194834,1028095584
2025-09-18,1.634,1.683,1.592,1.619,624135066,1023480090
2025-09-19,1.607,1.631,1.599,1.612,374028685,604255973
2025-09-22,1.605,1.61,1.571,1.589,438068928,695100713
2025-09-23,1.587,1.6,1.543,1.577,514307616,809987021
2025-09-24,1.57,1.651,1.564,1.645,581136599,938283995
2025-09-25,1.644,1.707,1.642,1.677,453976522,764238076
2025-09-26,1.666,1.669,1.602,1.608,753208618,1223876098
2025-09-29,1.601,1.624,1.594,1.613,545101427,877317897
2025-09-30,1.616,1.621,1.598,1.606,348049877,559357248
2025-10-09,1.606,1.606,1.542,1.561,895054997,1397416862
2025-10-10,1.551,1.558,1.5,1.508,684044666,1048040221
2025-10-13,1.44,1.492,1.44,1.485,482758552,712851941
2025-10-14,1.49,1.52,1.452,1.46,470567558,700445336
2025-10-15,1.459,1.47,1.418,1.47,653365558,949699611
2025-10-16,1.465,1.466,1.435,1.443,475817990,689765284
2025-10-17,1.436,1.449,1.399,1.4,384071946,545062551
2025-10-20,1.416,1.43,1.408,1.419,373861292,531086464
2025-10-21,1.426,1.452,1.419,1.452,573941157,824609222
2025-10-22,1.445,1.466,1.438,1.451,384268033,558610249
2025-10-23,1.454,1.457,1.425,1.457,340274025,489907279
2025-10-24,1.46,1.473,1.445,1.472,451379707,659133213
2025-10-27,1.488,1.488,1.428,1.446,740436528,1070471512
2025-10-28,1.44,1.447,1.418,1.431,517451640,741230963
2025-10-29,1.434,1.473,1.434,1.469,687996835,1006131158
2025-10-30,1.468,1.472,1.408,1.416,804867605,1148160884
2025-10-31,1.423,1.438,1.414,1.427,510867640,730856313
2025-11-03,1.447,1.483,1.447,1.482,681238631,1000952983
2025-11-04,1.48,1.48,1.44,1.453,430124691,626556171
2025-11-05,1.428,1.451,1.422,1.447,466363019,670521916
2025-11-06,1.442,1.447,1.425,1.446,419225612,602559563
2025-11-07,1.438,1.442,1.419,1.42,367449715,524594667
2025-11-10,1.418,1.43,1.407,1.414,392298854,555663828
2025-11-11,1.416,1.425,1.401,1.406,478177385,675336070
2025-11-12,1.404,1.421,1.392,1.399,371827318,522271891
2025-11-13,1.391,1.408,1.387,1.406,354044421,495513946
2025-11-14,1.395,1.403,1.379,1.382,273536566,380689994
2025-11-17,1.377,1.381,1.357,1.378,317977180,436058325
2025-11-18,1.377,1.402,1.373,1.395,510099491,709915742
2025-11-19,1.394,1.394,1.361,1.368,345557165,474534177
2025-11-20,1.372,1.377,1.35,1.35,413565621,561608332
2025-11-21,1.337,1.37,1.335,1.343,450805975,609801385
2025-11-24,1.348,1.393,1.336,1.387,620085400,851069918
2025-11-25,1.391,1.454,1.385,1.444,1190138007,1706846315
2025-11-26,1.438,1.451,1.422,1.427,640666839,921448200
2025-11-27,1.425,1.449,1.406,1.409,395338142,564021824
2025-11-28,1.402,1.424,1.397,1.408,322256531,453615963
2025-12-01,1.407,1.43,1.401,1.43,453916266,644495829
2025-12-02,1.43,1.432,1.402,1.405,310001460,438473683
2025-12-03,1.407,1.411,1.368,1.372,355494717,491223273
2025-12-04,1.372,1.383,1.363,1.374,376902544,517388226
2025-12-05,1.375,1.388,1.365,1.385,311998939,429962074
2025-12-08,1.386,1.414,1.386,1.404,462917475,649997225
2025-12-09,1.404,1.419,1.394,1.4,336022942,472142222
2025-12-10,1.398,1.422,1.378,1.419,490189206,690150564
2025-12-11,1.415,1.416,1.395,1.396,289531842,406323016
2025-12-12,1.396,1.41,1.386,1.405,275424403,385229753
2025-12-15,1.396,1.419,1.391,1.395,277774262,390566673
2025-12-16,1.387,1.4,1.354,1.363,427503748,586396520
2025-12-17,1.36,1.41,1.36,1.406,451358600,628409574
2025-12-18,1.397,1.448,1.395,1.419,559641396,797428893
2025-12-19,1.419,1.442,1.408,1.439,531339841,760115899
2025-12-22,1.439,1.447,1.419,1.43,571998843,818910851
2025-12-23,1.431,1.464,1.422,1.446,606291863,874063146
2025-12-24,1.439,1.443,1.415,1.441,704553384,1007205718
2025-12-25,1.435,1.448,1.427,1.443,414744350,597119797
2025-12-26,1.443,1.455,1.432,1.446,456703251,660071950
2025-12-29,1.441,1.446,1.421,1.429,407248023,583166178
2025-12-30,1.425,1.456,1.421,1.436,312880400,450382392
2025-12-31,1.437,1.451,1.427,1.44,297621890,428395868
2026-01-05,1.45,1.504,1.45,1.504,613685475,914511622
2026-01-06,1.506,1.522,1.496,1.521,684926419,1036107398
2026-01-07,1.524,1.549,1.512,1.518,764885133,1166758365
2026-01-08,1.507,1.55,1.507,1.537,700675501,1071897156
2026-01-09,1.529,1.582,1.525,1.581,688745032,1070140216
2026-01-12,1.615,1.7,1.606,1.7,1229286667,2037142806
2026-01-13,1.733,1.748,1.654,1.686,896079746,1523552812
2026-01-14,1.664,1.759,1.662,1.691,1081972264,1845717443
2026-01-15,1.666,1.702,1.645,1.662,745165206,1241738605
2026-01-16,1.662,1.667,1.595,1.61,851137916,1377794590
2026-01-19,1.6,1.645,1.6,1.629,525799112,856959009
2026-01-20,1.637,1.657,1.593,1.608,473662618,764650446
2026-01-21,1.592,1.624,1.592,1.604,290432455,467261225
2026-01-22,1.608,1.625,1.59,1.603,401595630,645752868
2026-01-23,1.61,1.631,1.593,1.622,424933289,686392112
2026-01-26,1.621,1.622,1.554,1.581,547628273,865668403
2026-01-27,1.578,1.591,1.54,1.582,399719439,625291399
2026-01-28,1.576,1.601,1.566,1.57,342107136,539889925
2026-01-29,1.562,1.629,1.547,1.591,558039876,894472961
2026-01-30,1.58,1.603,1.557,1.59,543867950,863194341
2026-02-02,1.585,1.608,1.531,1.534,506733937,796536379
2026-02-03,1.554,1.592,1.52,1.577,556255919,866832444
2026-02-04,1.559,1.567,1.51,1.528,414466851,634507269
2026-02-05,1.511,1.542,1.505,1.531,521984639,799004144
2026-02-06,1.517,1.562,1.488,1.539,441593451,677357973
2026-02-09,1.562,1.586,1.562,1.583,287080530,453029439
2026-02-10,1.596,1.693,1.586,1.671,1229136766,2032202473
2026-02-11,1.66,1.711,1.655,1.671,909571975,1529910077
2026-02-12,1.652,1.663,1.615,1.635,577986081,943699485
2026-02-13,1.628,1.641,1.615,1.623,338057010,550647894
2026-02-24,1.604,1.605,1.531,1.546,606463285,939148285
2026-02-25,1.548,1.553,1.53,1.537,365980751,562816382
2026-02-26,1.547,1.553,1.508,1.513,488630750,744066772
2026-02-27,1.507,1.536,1.503,1.517,616369824,936269935
2026-03-02,1.479,1.499,1.456,1.468,506611835,745744354
2026-03-03,1.468,1.476,1.397,1.4,443986810,634849916
2026-03-04,1.38,1.41,1.38,1.388,454179539,632564598
2026-03-05,1.407,1.422,1.39,1.409,668100648,935507932
2026-03-06,1.393,1.411,1.39,1.411,399139500,559233137
2026-03-09,1.39,1.413,1.366,1.41,607298550,842575094
2026-03-10,1.419,1.441,1.416,1.431,332442500,474285589
2026-03-11,1.433,1.445,1.42,1.421,313048300,447644519
2026-03-12,1.418,1.424,1.398,1.401,245341834,345655408
2026-03-13,1.411,1.43,1.375,1.382,473844788,661191680
2026-03-16,1.371,1.385,1.358,1.38,241446732,331046667
2026-03-17,1.386,1.407,1.369,1.372,265882000,368257769
