date,open,high,low,close,volume,body,total_range,bullish_engulfing,bearish_engulfing,piercing_pattern,dark_cloud_cover,morning_star_double,evening_star_double,ma20,ma50,uptrend,downtrend,position,signal,daily_return,strategy_return,cumulative_return,benchmark_return,cum_max,drawdown
2021-04-05 10:02:15.434714,4038.730775980713,4046.8641060275986,4020.6685661204488,4020.6685661204488,135695500,18.062209860264375,26.19553990714985,False,False,False,False,False,False,,,False,False,0,,,,,,,
2021-08-10 10:02:15.434714,3931.4295205899934,3947.730191465148,3905.1260308893043,3905.1260308893043,124674485,26.30348970068917,42.60416057584371,False,False,False,False,False,True,3885.6069900001553,3848.784990375211,True,False,-1,-1.0,0.009217686235853728,0.0,1.0,0.9712628550871499,1.0,0.0
2021-08-11 10:02:15.434714,3894.6620358637806,3953.8252085790314,3875.8329672542473,3875.8329672542473,83898096,18.82906860953335,77.99224132478412,False,False,False,False,False,False,3882.5499210184694,3848.765378765971,False,False,0,1.0,-0.0075011826515586355,0.0075011826515586355,1.0075011826515587,0.9639772350084669,1.0075011826515587,0.0
2021-08-25 10:02:15.434714,3671.4937913504727,3717.754219213815,3671.4937913504727,3699.262930979024,121683964,27.76913962855133,46.2604278633421,False,False,False,False,True,False,3823.709935378209,3845.956528483009,False,True,1,1.0,-0.004119344611148601,-0.0,1.0075011826515587,0.9200616440137094,1.0075011826515587,0.0
2021-08-26 10:02:15.434714,3672.887259518461,3672.887259518461,3666.9709715078366,3666.9709715078366,104206060,5.916288010624612,5.916288010624612,False,False,False,False,False,False,3813.0938618689374,3843.8610231225402,False,True,0,-1.0,-0.008729295557977856,-0.008729295557977856,0.998706407053181,0.9120301539915547,1.0075011826515587,-0.008729295557977856
2021-08-30 10:02:15.434714,3646.02852994534,3670.4035725618323,3590.7581425105977,3670.4035725618323,99816352,24.375042616492465,79.6454300512346,True,False,True,False,True,False,3795.8772861057414,3837.1844933803663,False,True,1,1.0,0.0032871013165509666,0.0,0.998706407053181,0.9128838928654623,1.0075011826515587,-0.008729295557977856
2021-08-31 10:02:15.434714,3726.3607931284655,3760.1269558856325,3726.3607931284655,3736.753264646076,89644851,10.392471517610375,33.76616275716697,False,False,False,False,False,False,3789.7149637023713,3835.5299956974804,False,True,0,-1.0,0.018076947336320703,0.018076947336320703,1.0167599701779275,0.9293860469209667,1.0167599701779275,0.0
2021-09-06 10:02:15.434714,3649.313736232599,3737.9682566199886,3649.313736232599,3666.322542117928,89224783,17.008805885329366,88.65452038738977,False,False,False,False,True,False,3761.5846527208437,3826.61834219363,False,True,1,1.0,-0.019997845947540616,-0.0,1.0167599701779275,0.9118688799697734,1.0167599701779275,0.0
2021-09-07 10:02:15.434714,3661.211885770063,3662.2558690263922,3661.211885770063,3662.2558690263922,94901060,1.043983256329284,1.043983256329284,False,False,False,False,False,False,3749.4411446276986,3823.0773181823,False,True,0,-1.0,-0.0011091967618284126,-0.0011091967618284126,1.0156321833114494,0.9108574379608988,1.0167599701779275,-0.0011091967618284126
2021-10-04 10:02:15.434714,3677.380296918474,3697.8611862421,3677.380296918474,3682.5834181182786,112275417,5.203121199804627,20.480889323625888,False,False,False,False,True,False,3744.0942709714136,3774.5714941703654,False,True,1,1.0,-0.016490490750994402,-0.0,1.0156321833114494,0.9159132013886964,1.0167599701779275,-0.0011091967618284126
2021-10-05 10:02:15.434714,3685.9847856298466,3698.4626561480413,3655.611476998745,3681.4071192177544,107509117,4.577666412092185,42.85117914929651,False,False,False,False,False,False,3745.0518334809813,3771.3062951613697,False,True,0,-1.0,-0.00031942220093017504,-0.00031942220093017504,1.0153077678441207,0.9156206383780477,1.0167599701779275,-0.0014282646606875726
2021-10-06 10:02:15.434714,3609.402949593505,3640.229100025152,3536.230450909128,3638.645755381588,103351402,29.242805788082933,103.9986491160239,False,False,False,False,True,False,3743.918305561766,3766.0684684775356,False,True,1,1.0,-0.011615494415964656,-0.0,1.0153077678441207,0.9049852519658256,1.0167599701779275,-0.0014282646606875726
2021-10-07 10:02:15.434714,3643.2326541155458,3672.5827057457113,3643.2326541155458,3652.198343641259,123245191,8.96568952571306,29.35005163016558,False,False,False,False,False,False,3739.11743009498,3761.5265865164956,False,True,0,-1.0,0.0037246242615474046,0.0037246242615474046,1.0190894077891703,0.90835598199164,1.0190894077891703,0.0
2021-10-20 10:02:15.434714,3572.5042680557144,3583.009005855259,3566.934346009216,3583.009005855259,101237667,10.504737799544728,16.074659846043232,False,False,False,False,True,False,3683.0653038291603,3718.278096992817,False,True,1,1.0,-0.01703276852982505,-0.0,1.0190894077891703,0.891147565866766,1.0190894077891703,0.0
2021-10-21 10:02:15.434714,3563.9374859993973,3586.140773054655,3551.642558235787,3586.140773054655,81448933,22.203287055257533,34.49821481886784,False,False,False,False,False,False,3675.509294411767,3712.7774619618244,False,True,0,-1.0,0.0008740606552419816,0.0008740606552419816,1.0199801537446926,0.8919264828921049,1.0199801537446926,0.0
2021-11-15 10:02:15.434714,3516.0515899849106,3526.429491201075,3516.0515899849106,3526.429491201075,88271697,10.377901216164446,10.377901216164446,False,False,False,False,True,False,3559.758958360458,3648.6049177666227,False,True,1,1.0,-0.010488432261176572,-0.0,1.0199801537446926,0.877075400075499,1.0199801537446926,0.0
2021-11-16 10:02:15.434714,3521.9237322834006,3551.577710363854,3521.9237322834006,3551.577710363854,87604557,29.65397808045327,29.65397808045327,False,False,False,False,False,False,3555.0830905591365,3646.391354593373,False,True,0,-1.0,0.007131354596916495,0.007131354596916495,1.0272539939028635,0.8833301357616697,1.0272539939028635,0.0
2021-12-01 10:02:15.434714,3577.5325264541616,3585.0527561758317,3577.5325264541616,3585.0527561758317,102057171,7.520229721670148,7.520229721670148,False,False,False,False,True,False,3586.9005693790277,3619.671557184107,False,True,1,1.0,-0.0012599662355083918,-0.0,1.0272539939028635,0.8916558769316956,1.0272539939028635,0.0
2021-12-02 10:02:15.434714,3611.5655141016387,3611.5655141016387,3554.6361604120157,3595.610134756527,102986838,15.95537934511185,56.929353689622985,False,False,False,False,False,True,3590.0273367861946,3616.8385406511866,False,False,0,-1.0,0.0029448321401988053,0.0029448321401988053,1.0302790844802563,0.8942816538160812,1.0302790844802563,0.0
2021-12-14 10:02:15.434714,3786.2833489202985,3786.2833489202985,3737.2325632004226,3759.620762627626,92053534,26.662586292672586,49.050785719875876,False,False,False,False,False,True,3647.2332736050375,3607.2639306429946,True,False,-1,-1.0,-0.008817326233920397,-0.0,1.0302790844802563,0.9350735333689268,1.0302790844802563,0.0
2021-12-15 10:02:15.434714,3751.282764880837,3751.282764880837,3718.544534956366,3718.544534956366,110687297,32.73822992447094,32.73822992447094,False,False,False,False,False,False,3653.652655906558,3608.8619062344906,True,False,0,1.0,-0.010925630606037906,0.010925630606037906,1.0415355331784144,0.9248572653538553,1.0415355331784144,0.0
2022-01-27 10:02:15.434714,4017.128462537284,4017.128462537284,3996.6618206472517,3996.6618206472517,93097062,20.466641890032406,20.466641890032406,False,False,False,False,False,True,3732.268014047735,3700.8156456496254,True,False,-1,-1.0,0.007217354636857909,0.0,1.0415355331784144,0.9940291657771825,1.0415355331784144,0.0
2022-01-28 10:02:15.434714,3950.002365222945,3986.963360871135,3920.930944681886,3986.963360871135,113758659,36.960995648189964,66.03241618924903,False,False,False,False,True,False,3748.4668598559774,3708.7531488901313,True,False,0,1.0,-0.0024266400839854096,0.0024266400839854096,1.0440629650521203,0.991617014758857,1.0440629650521203,0.0
2022-02-15 10:02:15.434714,4044.2953997413106,4085.182322068961,3943.169015893989,4008.8483733711,73004538,35.44702637021055,142.01330617497206,False,False,False,False,False,True,3950.2413465130367,3797.882969776648,True,False,-1,-1.0,0.0016694518746638298,0.0,1.0440629650521203,0.9970601424725845,1.0440629650521203,0.0
2022-02-16 10:02:15.434714,3963.392719236715,4034.35472247532,3954.6700301965316,3969.8072869701364,135363385,6.414567733421336,79.68469227878859,False,False,False,False,False,False,3964.2023400123967,3803.6232641945035,True,False,0,1.0,-0.009738728623485793,0.009738728623485793,1.0542308109345948,0.9873500443237498,1.0542308109345948,0.0
2022-03-08 10:02:15.434714,4016.2077398682536,4029.560886355819,3975.216939276419,3996.2587073450395,113192999,19.9490325232141,54.343947079400095,False,False,False,False,False,True,3990.183996885963,3876.23360758435,True,False,-1,-1.0,0.00014113355970346575,0.0,1.0542308109345948,0.9939289055106162,1.0542308109345948,0.0
2022-03-09 10:02:15.434714,4015.5969490621924,4021.665479389509,4015.5969490621924,4021.665479389509,121803669,6.068530327316694,6.068530327316694,False,False,False,False,False,False,3989.709889572765,3882.6293258742717,True,False,0,1.0,0.006357639458569597,-0.006357639458569597,1.0475283915325573,1.0002479471393033,1.0542308109345948,-0.006357639458569486
2022-05-13 10:02:15.434714,4209.4593028461095,4209.4593028461095,4155.708076607478,4160.306684809421,97164848,49.15261803668818,53.751226238631716,False,True,False,True,False,True,4102.516444182376,4088.8351034329175,True,False,-1,-1.0,-0.0051143573445900925,-0.0,1.0475283915325573,1.034730074462144,1.0542308109345948,-0.006357639458569486
2022-05-16 10:02:15.434714,4177.199300086877,4177.199300086877,4156.216005506046,4156.216005506046,102711268,20.98329458083117,20.98329458083117,False,False,False,False,False,False,4106.811907616238,4092.0455279286944,True,False,0,1.0,-0.0009832638825190143,0.0009832638825190143,1.0485583883658647,1.0337126617517691,1.0542308109345948,-0.005380626813307976
2022-05-20 10:02:15.434714,4193.81773349946,4193.81773349946,4178.607540600463,4178.607540600463,123910627,15.210192898996866,15.210192898996866,False,False,False,False,False,True,4126.581774897352,4102.052872681699,True,False,-1,-1.0,0.004594210311194891,0.0,1.0485583883658647,1.039281769159203,1.0542308109345948,-0.005380626813307976
2022-05-23 10:02:15.434714,4157.60906766957,4184.988118034222,4153.810481898754,4153.810481898754,69620604,3.7985857708163167,31.177636135467765,False,False,False,False,False,False,4131.030475282548,4104.923291082888,True,False,0,1.0,-0.0059342875493269,0.0059342875493269,1.0547808353546866,1.033114372296239,1.0547808353546866,0.0
2022-06-15 10:02:15.434714,4460.8867952177125,4460.8867952177125,4425.52883829288,4444.181316523897,126310165,16.705478693815166,35.35795692483225,False,False,False,False,False,True,4285.257646405057,4166.186693228728,True,False,-1,-1.0,0.008851361837546534,0.0,1.0547808353546866,1.105333912367736,1.0547808353546866,0.0
2022-06-16 10:02:15.434714,4492.427657468576,4492.427657468576,4470.472334224345,4482.871126680224,104209925,9.556530788352575,21.955323244231295,False,False,False,False,False,False,4301.426306123546,4175.0539584936,True,False,0,1.0,0.008705722696883189,-0.008705722696883189,1.045598205896102,1.1149566428962705,1.0547808353546866,-0.008705722696883078
2022-06-21 10:02:15.434714,4613.3071310384485,4613.3071310384485,4518.277691610069,4580.367919482534,78887210,32.93921155591488,95.02943942837919,False,False,False,False,False,True,4358.6086816410825,4206.759875707445,True,False,-1,-1.0,0.00730914584103437,0.0,1.045598205896102,1.139205543594988,1.0547808353546866,-0.008705722696883078
2022-06-22 10:02:15.434714,4547.266589342704,4578.071649809247,4547.266589342704,4568.262986934399,92926284,20.996397591695313,30.805060466543182,False,False,False,False,False,False,4376.41214753299,4217.956844166628,True,False,0,1.0,-0.002642786073286052,0.002642786073286052,1.048361498272897,1.1361948670497648,1.0547808353546866,-0.006085943986298248
2022-07-05 10:02:15.434714,4649.623503465182,4649.623503465182,4588.7272195801115,4630.030219021793,140717470,19.593284443389166,60.89628388507026,False,False,False,False,False,True,4522.928704657156,4318.824706788039,True,False,-1,-1.0,0.011795090655670526,0.0,1.048361498272897,1.1515572952309547,1.0547808353546866,-0.006085943986298248
2022-07-06 10:02:15.434714,4682.564937722544,4682.564937722544,4667.545945669197,4667.545945669197,109379561,15.018992053346665,15.018992053346665,False,False,False,False,False,False,4539.285019125132,4330.994351086034,True,False,0,1.0,0.008102695851374131,-0.008102695851374131,1.039866943910101,1.1608880137496422,1.0547808353546866,-0.014139327284582892
2022-08-12 10:02:15.434714,4472.228602316569,4552.876303522587,4456.060100019542,4497.863694296616,80401488,25.635091980047036,96.81620350304456,False,False,False,False,True,False,4549.640134783135,4553.485807661186,False,True,1,1.0,-0.0007027614257624215,-0.0,1.039866943910101,1.118685517179201,1.0547808353546866,-0.014139327284582892
2022-08-15 10:02:15.434714,4421.0893748431545,4450.397804865377,4421.0893748431545,4450.397804865377,60853228,29.308430022222637,29.308430022222637,False,False,False,False,False,False,4537.368288225996,4556.396876185582,False,True,0,-1.0,-0.010552985296425565,-0.010552985296425565,1.0288932433407787,1.1068800453650847,1.0547808353546866,-0.024543100468072843
2022-08-19 10:02:15.434714,4375.286380351467,4415.738104374383,4375.286380351467,4403.84519636942,100313644,28.558816017952267,40.45172402291519,False,False,False,False,True,False,4494.095779219806,4562.275818833461,False,True,1,1.0,-0.008885974707090738,-0.0,1.0288932433407787,1.0953017200864916,1.0547808353546866,-0.024543100468072843
2022-08-22 10:02:15.434714,4424.381196609191,4424.381196609191,4423.875369321449,4423.875369321449,138005368,0.5058272877413401,0.5058272877413401,False,False,False,False,False,False,4485.575515594834,4563.660894419789,False,True,0,-1.0,0.004548337205073194,0.004548337205073194,1.033572996759514,1.1002835216507416,1.0547808353546866,-0.020106393559986446
2022-09-02 10:02:15.434714,4432.065711850972,4477.0822910359875,4432.065711850972,4468.154452245733,130806479,36.08874039476177,45.01657918501587,False,False,False,False,True,False,4473.718192976289,4558.493738917972,False,True,1,1.0,-0.00852485460312502,-0.0,1.033572996759514,1.1112963873461124,1.0547808353546866,-0.020106393559986446
2022-09-05 10:02:15.434714,4472.790581453399,4477.383884412122,4456.5181277486245,4465.593819976589,88936455,7.196761476810025,20.86575666349745,False,False,False,False,False,False,4476.442533137941,4556.062983551577,False,True,0,-1.0,-0.0005730849943779148,-0.0005730849943779148,1.032980671584477,1.110659520062218,1.0547808353546866,-0.02066795588192405
2022-09-16 10:02:15.434714,4763.037422204811,4849.318785723264,4677.988551028008,4735.122930449645,109179880,27.914491755166637,171.33023469525597,False,False,False,False,False,True,4558.575074801199,4556.062743365237,True,False,-1,-1.0,-0.009005010497418864,-0.0,1.032980671584477,1.1776954137303017,1.0547808353546866,-0.02066795588192405
2022-09-19 10:02:15.434714,4663.095170197013,4762.085220460891,4663.095170197013,4690.951904644065,96235951,27.856734447051167,98.99005026387749,False,False,False,False,False,False,4571.928901567329,4555.332691948582,True,False,0,1.0,-0.009328379950081955,0.009328379950081955,1.0426167077701078,1.1667094234455566,1.0547808353546866,-0.011532374477100094
2022-09-29 10:02:15.434714,4651.258486540053,4651.258486540053,4587.665711725058,4620.165243852018,117973383,31.09324268803539,63.59277481499521,False,False,False,False,False,True,4592.440523619456,4535.9815665572205,True,False,-1,-1.0,0.008498896468806638,0.0,1.0426167077701078,1.1491037293606174,1.0547808353546866,-0.011532374477100094
2022-09-30 10:02:15.434714,4586.034211222043,4588.933948937208,4586.034211222043,4588.933948937208,100753931,2.8997377151645196,2.8997377151645196,False,False,False,False,False,False,4598.479498454029,4535.097499531124,False,False,0,1.0,-0.006759778766867508,0.006759778766867508,1.0496645660532737,1.1413360423699572,1.0547808353546866,-0.0048505520103543365
2022-11-01 10:02:15.434714,4418.053049692591,4425.398776436095,4418.053049692591,4425.398776436095,117296488,7.345726743504201,7.345726743504201,False,False,False,False,True,False,4510.510920253788,4545.4939000045015,False,True,1,1.0,-0.012135029747792792,-0.0,1.0496645660532737,1.1006624156305844,1.0547808353546866,-0.0048505520103543365
2022-11-02 10:02:15.434714,4349.502909333286,4353.649753753087,4314.443697649375,4353.649753753087,103028060,4.1468444198008,39.20605610371149,False,False,False,False,False,False,4503.3831235456,4542.951480913163,False,True,0,-1.0,-0.01621300730344355,-0.01621300730344355,1.032646346777686,1.0828173678473398,1.0547808353546866,-0.02098491727862828
2022-11-07 10:02:15.434714,4368.234558050178,4379.4702158536475,4349.630155699235,4379.4702158536475,114140647,11.235657803469621,29.84006015441264,False,False,False,False,True,False,4473.735958294357,4536.554573096729,False,True,1,1.0,-0.008324287668684871,-0.0,1.032646346777686,1.089239300338402,1.0547808353546866,-0.02098491727862828
2022-11-08 10:02:15.434714,4449.454599740413,4452.149720928821,4443.687877616137,4443.687877616137,141694258,5.766722124276384,8.461843312684323,False,False,False,False,False,False,4470.238748291152,4535.255846472103,False,True,0,-1.0,0.0146633402209293,0.0146633402209293,1.047788391488387,1.105211186781271,1.0547808353546866,-0.006629286039263604
2022-11-09 10:02:15.434714,4428.774098716916,4465.163529162886,4411.645515622207,4445.194881557327,79841766,16.42078284041054,53.51801354067902,False,False,False,False,True,False,4463.991237846011,4534.045352729876,False,True,1,1.0,0.00033913361664783537,0.0,1.047788391488387,1.105586001048204,1.0547808353546866,-0.006629286039263604
2022-11-10 10:02:15.434714,4480.180759579038,4494.008091842094,4480.180759579038,4494.008091842094,93204819,13.827332263055723,13.827332263055723,False,False,False,False,False,False,4460.674155786623,4533.7940680450365,False,False,0,-1.0,0.01098111817038383,0.01098111817038383,1.0592942796328773,1.1177265715732363,1.0592942796328773,0.0
2022-11-28 10:02:15.434714,4694.438430027614,4694.438430027614,4655.532289093425,4656.804219718894,96477751,37.63421030871996,38.90614093418935,False,False,False,False,False,True,4578.617121683534,4549.435230797756,True,False,-1,-1.0,-0.012380819448248093,-0.0,1.0592942796328773,1.1582163869359294,1.0592942796328773,0.0
2022-11-29 10:02:15.434714,4583.447631131462,4583.447631131462,4559.426692395642,4559.426692395642,101659748,24.020938735819982,24.020938735819982,False,False,False,False,False,False,4585.318517481512,4547.455522332618,False,False,0,1.0,-0.02091080550711455,0.02091080550711455,1.0814449762890794,1.1339971493335592,1.0814449762890794,0.0
2022-12-28 10:02:15.434714,4326.252187693871,4346.962738449411,4326.252187693871,4346.962738449411,87177714,20.71055075553977,20.71055075553977,False,False,False,False,True,False,4503.369016544444,4528.9432519246175,False,True,1,1.0,-0.009805089502846531,-0.0,1.0814449762890794,1.0811542078047485,1.0814449762890794,0.0
2022-12-29 10:02:15.434714,4334.001150659153,4369.223168251514,4334.001150659153,4369.223168251514,156486611,35.222017592361226,35.222017592361226,False,False,False,False,False,False,4493.069320448122,4526.406092187186,False,True,0,-1.0,0.005120915715519425,0.005120915715519425,1.0869829648636278,1.0866907073783958,1.0869829648636278,0.0
2023-01-10 10:02:15.434714,4232.843628902071,4352.149751178741,4232.843628902071,4279.294141160994,93163563,46.45051225892257,119.30612227667007,False,False,False,False,True,False,4356.954051892661,4498.238397794728,False,True,1,1.0,0.0006777224367289225,0.0,1.0869829648636278,1.0643240224324404,1.0869829648636278,0.0
2023-01-11 10:02:15.434714,4254.6053018256125,4259.46769384603,4164.061301579939,4250.8669658764375,79861452,3.7383359491750525,95.40639226609073,False,False,False,False,False,False,4345.3532973231095,4496.182742037196,False,True,0,-1.0,-0.006642958942953969,-0.006642958942953969,1.0797621816563483,1.057253761649422,1.0869829648636278,-0.006642958942953969
2023-03-09 10:02:15.434714,4494.7624943568935,4494.7624943568935,4459.505848440831,4459.505848440831,87923234,35.25664591606255,35.25664591606255,False,False,False,False,False,True,4380.016129322665,4323.302777542428,True,False,-1,-1.0,0.006940520710312148,0.0,1.0797621816563483,1.1091453511035887,1.0869829648636278,-0.006642958942953969
2023-03-10 10:02:15.434714,4416.474415429924,4453.584203980862,4416.474415429924,4436.327832348696,91040773,19.853416918771472,37.10978855093799,False,False,False,False,False,False,4384.948931714544,4325.098450861661,True,False,0,1.0,-0.005197440451891966,0.005197440451891966,1.085374181297712,1.1033806341887349,1.0869829648636278,-0.0014800448745925232
2023-05-02 10:02:15.434714,4060.932161030196,4086.7956072507395,4060.932161030196,4086.7956072507395,110332888,25.863446220543665,25.863446220543665,False,False,False,False,True,False,4174.430081673484,4303.832872399387,False,True,1,1.0,-0.010049696947547204,-0.0,1.085374181297712,1.016446777455744,1.0869829648636278,-0.0014800448745925232
2023-05-03 10:02:15.434714,4131.375366615276,4131.375366615276,4113.560055332531,4113.560055332531,80373481,17.815311282744915,17.815311282744915,False,False,False,False,False,False,4163.6529583159245,4297.802194919953,False,True,0,-1.0,0.006549005786907092,0.006549005786907092,1.0924823030919903,1.0231034932833847,1.0924823030919903,0.0
2023-05-09 10:02:15.434714,4044.0348197855947,4080.2534114150562,4004.79474955172,4080.2534114150562,112528693,36.21859162946157,75.45866186333615,True,False,False,False,True,False,4125.648289817136,4270.366671513515,False,True,1,1.0,0.006960646996972741,0.0,1.0924823030919903,1.0148196361661557,1.0924823030919903,0.0
2023-05-10 10:02:15.434714,4101.055448274542,4101.055448274542,4042.353719674649,4076.7248038803077,98401830,24.33064439423424,58.70172859989316,False,False,False,False,False,False,4119.24239192775,4263.117620742283,False,True,0,-1.0,-0.0008648010745795354,-0.0008648010745795354,1.0915375232223172,1.0139420190542947,1.0924823030919903,-0.0008648010745795354
2023-05-16 10:02:15.434714,4054.199897583655,4101.237318262391,4047.918915294511,4082.624462066764,96715160,28.424564483108952,53.3184029678805,False,False,False,False,True,False,4096.758558979111,4237.161574606587,False,True,1,1.0,-0.00046209794738705234,-0.0,1.0915375232223172,1.0154093516855314,1.0924823030919903,-0.0008648010745795354
2023-05-17 10:02:15.434714,4139.9087091374295,4139.9087091374295,4117.4693130456035,4134.739323354529,113951739,5.169385782900463,22.439396091825984,False,False,False,False,False,False,4095.487196767088,4231.281003210533,False,False,0,-1.0,0.012765039197698558,0.012765039197698558,1.105471042492009,1.0283710918615068,1.105471042492009,0.0
2023-06-08 10:02:15.434714,4092.591005180709,4148.679362930371,4085.871019304217,4108.6076011266105,65055566,16.016595945901372,62.808343626154056,False,False,False,False,True,False,4173.365763237534,4173.92628774735,False,True,1,1.0,-0.018000332632140292,-0.0,1.105471042492009,1.0218717443529572,1.105471042492009,0.0
2023-06-09 10:02:15.434714,4070.159734087431,4118.126708137428,4070.159734087431,4097.001418042056,101892420,26.84168395462484,47.966974049997134,False,False,False,False,False,False,4174.394086836293,4168.077266911716,False,False,0,-1.0,-0.002824845838617529,-0.002824845838617529,1.102348257217913,1.018985114208321,1.105471042492009,-0.00282484583861764
2023-06-29 10:02:15.434714,4296.512559534471,4296.512559534471,4286.357335728101,4286.357335728101,136377970,10.155223806369577,10.155223806369577,False,False,False,False,False,True,4181.731156520831,4147.440645101557,True,False,-1,-1.0,0.023028317876570226,0.0,1.102348257217913,1.0660807438460445,1.105471042492009,-0.00282484583861764
2023-06-30 10:02:15.434714,4295.711837249915,4295.711837249915,4295.401445723793,4295.401445723793,123543699,0.3103915261226575,0.3103915261226575,False,False,False,False,False,False,4180.393348465672,4151.468655228519,True,False,0,1.0,0.0021099757410112385,-0.0021099757410112385,1.1000223291370372,1.0683301483535188,1.105471042492009,-0.004928861223437275
2023-07-05 10:02:15.434714,4262.153665397817,4262.153665397817,4252.874193935727,4252.874193935727,92779815,9.279471462090441,9.279471462090441,False,False,False,False,False,True,4187.056546488998,4163.758606823567,True,False,-1,-1.0,-0.008290220944880633,-0.0,1.1000223291370372,1.0577529890854271,1.105471042492009,-0.004928861223437275
2023-07-06 10:02:15.434714,4291.305488013254,4291.305488013254,4271.241593263462,4288.954930468377,154060551,2.3505575448771197,20.06389474979187,False,False,False,False,False,False,4196.073912956086,4167.3914337846645,True,False,0,1.0,0.008483847602192895,-0.008483847602192895,1.0906899073376293,1.066726804245592,1.105471042492009,-0.0133708931181582
2023-08-04 10:02:15.434714,4347.961110338602,4347.961110338602,4258.302354343912,4309.1559173753085,127242648,38.80519296329385,89.65875599469018,False,False,False,False,False,True,4285.328732200597,4239.131888355359,True,False,-1,-1.0,0.014575397283009162,0.0,1.0906899073376293,1.071751089777892,1.105471042492009,-0.0133708931181582
2023-08-07 10:02:15.434714,4347.374055908581,4347.374055908581,4285.9978621948,4335.609946289992,95271023,11.764109618588918,61.376193713780594,False,False,False,False,False,False,4289.285596969885,4242.897047398935,True,False,0,1.0,0.0061390280189250745,-0.0061390280189250745,1.0839941314365247,1.0783305997473518,1.105471042492009,-0.019427836849592928
2023-08-16 10:02:15.434714,4452.4261392815115,4484.0135268709755,4406.491815793003,4428.672004252258,128888243,23.75413502925312,77.52171107797221,False,False,False,False,False,True,4323.518554129145,4258.136758943985,True,False,-1,-1.0,0.006690793712470944,0.0,1.0839941314365247,1.1014765160127309,1.105471042492009,-0.019427836849592928
2023-08-17 10:02:15.434714,4442.05641342961,4482.037102448539,4442.05641342961,4447.376517856704,75446400,5.320104427093611,39.9806890189293,False,False,False,False,False,False,4334.852936306702,4264.912137278586,True,False,0,1.0,0.00422350392769788,-0.00422350392769788,1.079415877964801,1.1061286064043776,1.105471042492009,-0.023569287232049874
2023-08-28 10:02:15.434714,4643.5658535695065,4643.5658535695065,4615.192811322103,4615.192811322103,89096275,28.373042247403646,28.373042247403646,False,False,False,True,False,False,4413.974435221202,4316.241672994985,True,False,-1,-1.0,-0.005828602003936867,-0.0,1.079415877964801,1.147867011524232,1.105471042492009,-0.023569287232049874
2023-08-29 10:02:15.434714,4554.812580873215,4612.1540323361005,4477.33202760895,4566.152603128982,158545401,11.340022255767508,134.82200472715067,False,False,False,False,False,False,4423.201478287614,4324.780519396215,True,False,0,1.0,-0.01062582002485657,0.01062582002485657,1.0908855568160276,1.1356699832473056,1.105471042492009,-0.013193910211435234
2023-10-02 10:02:15.434714,4195.040029891712,4224.068634085991,4195.040029891712,4224.068634085991,87289178,29.02860419427907,29.02860419427907,False,False,False,False,True,False,4348.5382656761985,4392.344834625379,False,True,1,1.0,0.01746911045524646,0.0,1.0908855568160276,1.0505886184400912,1.105471042492009,-0.013193910211435234
2023-10-03 10:02:15.434714,4312.938077007365,4312.938077007365,4230.991534689208,4267.3695217616405,104166450,45.56855524572438,81.9465423181573,False,False,False,False,False,True,4332.60570383618,4393.142973663902,False,True,0,-1.0,0.010250990555938033,0.010250990555938033,1.1020682143565579,1.0613581924458966,1.105471042492009,-0.003078170304470551
2023-10-04 10:02:15.434714,4184.92482334221,4251.627513320154,4184.92482334221,4251.627513320154,107207374,66.70268997794392,66.70268997794392,False,False,False,False,True,False,4316.439615162699,4392.908148149186,False,True,1,1.0,-0.0036889255456339365,-0.0,1.1020682143565579,1.0574429210967151,1.105471042492009,-0.003078170304470551
2023-10-05 10:02:15.434714,4178.187980165305,4249.627204437025,4139.372837350943,4200.367111609265,81787098,22.179131443959704,110.25436708608231,False,False,False,False,False,False,4298.880386090311,4390.511880886644,False,True,0,-1.0,-0.012056653963756991,-0.012056653963756991,1.0887809592516053,1.0446936977106276,1.105471042492009,-0.015097711834024974
2023-10-20 10:02:15.434714,4140.428451303644,4164.033735964555,4129.4049324340585,4164.033735964555,70424457,23.60528466091091,34.62880353049604,False,False,False,False,True,False,4231.7043746702,4373.47705477739,False,True,1,1.0,-0.008094330920933923,-0.0,1.0887809592516053,1.0356570474503033,1.105471042492009,-0.015097711834024974
2023-10-23 10:02:15.434714,4152.073651379285,4220.879291169552,4152.073651379285,4164.43278675461,133445318,12.359135375324513,68.80563979026647,False,False,False,False,False,False,4226.624152892055,4368.82964493023,False,True,0,-1.0,9.583274664870522e-05,9.583274664870522e-05,1.0888853001214291,1.0357562973097465,1.105471042492009,-0.01500332594256959
2023-10-31 10:02:15.434714,4067.881181935238,4092.102750591961,4049.0852909007417,4090.874200558792,114309861,22.99301862355378,43.0174596912193,False,False,False,False,True,False,4216.583939530861,4334.338563405525,False,True,1,1.0,-0.0216213234950573,-0.0,1.0888853001214291,1.0174611841995418,1.105471042492009,-0.01500332594256959
2023-11-01 10:02:15.434714,4053.8974948462314,4073.194794110234,4035.7656020879854,4073.194794110234,72018431,19.297299264002504,37.42919202224857,False,False,False,False,False,False,4207.662303570366,4325.500991852057,False,True,0,-1.0,-0.004321669545874318,-0.004321669545874318,1.0841794976809442,1.0130640531856774,1.105471042492009,-0.019260156071630896
2023-11-09 10:02:15.434714,3994.080707523395,4011.377636970322,3994.080707523395,4011.377636970322,100750836,17.296929446926697,17.296929446926697,False,False,False,False,True,False,4118.302007872382,4253.494313037473,False,True,1,1.0,0.008534092254753878,0.0,1.0841794976809442,0.9976892079022822,1.105471042492009,-0.019260156071630896
2023-11-10 10:02:15.434714,4039.7934455040836,4059.137774883451,4039.7934455040836,4059.137774883451,121836106,19.344329379367537,19.344329379367537,False,False,False,False,False,False,4106.911204194116,4242.633539400333,False,True,0,-1.0,0.011906168462663347,0.011906168462663347,1.0970879214240994,1.0095678636849479,1.105471042492009,-0.007583302271773507
2024-01-15 10:02:15.434714,3853.3309898144817,3868.944552682516,3837.4520845320176,3868.944552682516,116672064,15.613562868034478,31.492468150498553,False,False,False,False,True,False,3901.8862104195737,3960.46078482496,False,True,1,1.0,-0.0014185017411108003,-0.0,1.0970879214240994,0.9622639839760935,1.105471042492009,-0.007583302271773507
2024-01-16 10:02:15.434714,3890.2504078592256,3890.2504078592256,3866.426144572834,3871.405447554317,87977468,18.844960304908454,23.82426328639167,False,False,False,False,False,True,3902.8219476407444,3959.6449809056026,False,True,0,-1.0,0.0006360636184601365,0.0006360636184601365,1.0977857391371693,0.9628760450876551,1.105471042492009,-0.006952062115996305
2024-02-21 10:02:15.434714,3652.59689551752,3668.6359735336764,3607.5402739978063,3668.6359735336764,113717156,16.03907801615651,61.09569953587015,False,False,False,False,True,False,3840.229538719102,3870.5932011784053,False,True,1,1.0,-0.008650097740641849,-0.0,1.0977857391371693,0.9124442647292226,1.105471042492009,-0.006952062115996305
2024-02-22 10:02:15.434714,3706.6245825793844,3711.4970605834524,3706.6245825793844,3711.4970605834524,56925388,4.872478004067943,4.872478004067943,False,False,False,False,False,False,3837.341786057156,3865.9708647390744,False,True,0,-1.0,0.01168311256799126,0.01168311256799126,1.1106112935030443,0.9231044537860721,1.1106112935030443,0.0
2024-02-28 10:02:15.434714,3809.176349375932,3823.4117037705305,3798.297889017085,3816.6276440773277,112461746,7.4512947013954545,25.113814753445695,False,False,False,False,True,False,3823.0007766889275,3856.526268673808,False,True,1,1.0,0.0030579262383332306,0.0,1.1106112935030443,0.949251991630833,1.1106112935030443,0.0
2024-02-29 10:02:15.434714,3790.4600696330067,3803.6770456136546,3788.5047891063828,3788.5047891063828,104797154,1.9552805266239375,15.172256507271868,False,False,False,False,False,False,3814.7976650159603,3855.539285752646,False,True,0,-1.0,-0.00736850895438701,-0.00736850895438701,1.1024277442420238,0.9422574198305315,1.1106112935030443,-0.00736850895438701
2024-03-27 10:02:15.434714,4147.663454286884,4147.663454286884,4078.7607808671664,4117.934953213276,75651924,29.72850107360864,68.90267341971776,False,False,False,False,False,True,4006.3725199998576,3898.607968203444,True,False,-1,-1.0,-0.001076272090506758,-0.0,1.1024277442420238,1.0241915953760576,1.1106112935030443,-0.00736850895438701
2024-03-28 10:02:15.434714,4167.957470884247,4167.957470884247,4098.937083217921,4120.648695636793,109359008,47.30877524745483,69.02038766632631,False,False,False,False,False,False,4022.979715326378,3903.6663394491898,True,False,0,1.0,0.0006590056555895174,-0.0006590056555895174,1.1017012381236895,1.0248665434298176,1.1106112935030443,-0.008022658720902354
2024-04-11 10:02:15.434714,4343.180035748491,4416.683858370354,4293.6287547918,4318.589273315767,122801356,24.59076243272375,123.05510357855383,False,False,False,False,False,True,4171.025596470535,3977.262113742989,True,False,-1,-1.0,0.0006866601235160363,0.0,1.1017012381236895,1.074097305534133,1.1106112935030443,-0.008022658720902354
2024-04-12 10:02:15.434714,4230.655203180323,4252.75061966961,4228.19678877789,4252.75061966961,83258197,22.095416489287345,24.55383089172028,False,False,False,False,False,False,4179.6260548771825,3982.3987046275633,True,False,0,1.0,-0.015245407580889547,0.015245407580889547,1.1184971225312559,1.0577222543297298,1.1184971225312559,0.0
2024-04-17 10:02:15.434714,4332.277202280894,4332.277202280894,4309.183057139449,4309.183057139449,103992208,23.094145141444642,23.094145141444642,False,False,False,False,False,True,4206.401515410163,4006.701990221811,True,False,-1,-1.0,0.004082947988665042,0.0,1.1184971225312559,1.0717578398403977,1.1184971225312559,0.0
2024-04-18 10:02:15.434714,4293.0402168040455,4293.0402168040455,4219.25162825484,4259.945577882117,121883590,33.09463892192889,73.78858854920509,False,False,False,False,False,False,4210.637261872076,4014.6486849602966,True,False,0,1.0,-0.011426174893117147,0.011426174893117147,1.1312772662707462,1.0595117473193119,1.1312772662707462,0.0
2024-04-23 10:02:15.434714,4292.97349015077,4302.84760071164,4248.375054529351,4273.698010484709,143571243,19.275479666061074,54.47254618228908,False,False,False,False,False,True,4224.978967574809,4037.4905142901735,True,False,-1,-1.0,0.0009324398791925592,0.0,1.1312772662707462,1.062932181601927,1.1312772662707462,0.0
2024-04-24 10:02:15.434714,4327.223132078796,4327.223132078796,4290.839340383688,4308.488465306919,103886669,18.73466677187662,36.3837916951079,False,False,False,False,False,False,4234.506643179491,4046.7105965001456,True,False,0,1.0,0.008140597378864634,-0.008140597378864634,1.1220679935221733,1.0715850845333865,1.1312772662707462,-0.008140597378864745
2024-04-26 10:02:15.434714,4347.919868354996,4410.685189341054,4318.702367903038,4322.215396375082,119278508,25.70447197991416,91.98282143801589,False,False,False,False,False,True,4252.749592236216,4067.3419463929627,True,False,-1,-1.0,0.0015930955791887413,0.0,1.1220679935221733,1.0749991762055602,1.1312772662707462,-0.008140597378864745
2024-04-29 10:02:15.434714,4332.48010488127,4368.359031033218,4332.48010488127,4368.359031033218,104989018,35.87892615194869,35.87892615194869,False,False,False,False,True,False,4262.903712069555,4079.764535970237,True,False,0,1.0,0.010675922050723319,-0.010675922050723319,1.1100888830877191,1.0864757836153225,1.1312772662707462,-0.01872961104652493
2024-05-06 10:02:15.434714,4336.277757516983,4336.277757516983,4280.957977952946,4324.512618177633,102331570,11.765139339349844,55.31977956403716,False,False,False,True,False,False,4305.386449538102,4143.217322637585,True,False,-1,-1.0,-0.0018819982884050734,-0.0,1.1100888830877191,1.0755705293934126,1.1312772662707462,-0.01872961104652493
2024-05-07 10:02:15.434714,4342.837634382189,4375.787631952536,4316.828217236433,4339.305593542646,121430318,3.5320408395427876,58.9594147161024,False,False,False,False,False,False,4307.855491270437,4153.903589340163,True,False,0,1.0,0.0034207266046195617,-0.0034207266046195617,1.1062915725118485,1.0792497621184534,1.1312772662707462,-0.022086268772343542
2024-05-09 10:02:15.434714,4404.978788507524,4404.978788507524,4383.015771384654,4383.015771384654,60688882,21.963017122870042,21.963017122870042,False,False,False,False,False,True,4311.477291459365,4175.933964320351,True,False,-1,-1.0,0.013733896347459362,0.0,1.1062915725118485,1.0901211326686955,1.1312772662707462,-0.022086268772343542
2024-05-10 10:02:15.434714,4332.6866512252,4348.795117707409,4332.6866512252,4348.795117707409,88257694,16.108466482209224,16.108466482209224,False,False,False,False,False,False,4316.279516361255,4186.514687283239,True,False,0,1.0,-0.007807558873198839,0.007807558873198839,1.1149290090951587,1.0816099477464665,1.1312772662707462,-0.01445114974287387
2024-05-28 10:02:15.434714,4595.712982720579,4630.244394977113,4568.738855767133,4568.738855767133,124369604,26.974126953446103,61.50553920998027,False,False,False,False,False,True,4402.294893847134,4299.838310347775,True,False,-1,-1.0,0.015007594255350254,0.0,1.1149290090951587,1.136313222697565,1.1312772662707462,-0.01445114974287387
2024-05-29 10:02:15.434714,4651.804381912536,4702.2978222741485,4651.804381912536,4677.867628830511,144040278,26.063246917975448,50.493440361612556,False,False,False,False,False,False,4418.1385188461445,4310.809610804036,True,False,0,1.0,0.023885973024180496,-0.023885973024180496,1.0882978448600353,1.1634551696819386,1.1312772662707462,-0.03799194299412778
2024-06-25 10:02:15.434714,4726.658986401689,4726.658986401689,4689.124793712552,4689.124793712552,114448939,37.534192689136944,37.534192689136944,False,False,False,False,False,True,4670.618481799722,4489.122705926039,True,False,-1,-1.0,0.007144986341300452,0.0,1.0882978448600353,1.1662549938148945,1.1312772662707462,-0.03799194299412778
2024-06-26 10:02:15.434714,4657.409943194983,4657.409943194983,4578.783792240072,4638.196284086421,92694382,19.213659108561842,78.62615095491037,False,False,False,False,False,False,4668.634914562516,4495.7029704649785,False,False,0,1.0,-0.010860984057071588,0.010860984057071588,1.1001178304024055,1.1535883169205907,1.1312772662707462,-0.027543588824212595
2024-07-05 10:02:15.434714,4798.107086276169,4798.107086276169,4768.064352798807,4768.064352798807,90052912,30.042733477362162,30.042733477362162,False,True,False,True,False,True,4668.0791642427075,4558.4091968092025,True,False,-1,-1.0,-0.005134715223764075,-0.0,1.1001178304024055,1.1858884348180714,1.1312772662707462,-0.027543588824212595
2024-07-08 10:02:15.434714,4753.662289005351,4819.418709465393,4727.231196441697,4739.057428458428,111529026,14.604860546923192,92.18751302369583,False,False,False,False,False,False,4670.5818447161,4565.823164757707,True,False,0,1.0,-0.006083584908696094,0.006083584908696094,1.106810490633229,1.1786739818326148,1.1312772662707462,-0.021627567676818837
2024-07-15 10:02:15.434714,4806.358795822273,4806.358795822273,4779.0703701795255,4779.79608387249,84583623,26.56271194978308,27.288425642747825,False,False,False,False,False,True,4707.375802787173,4605.981495595495,True,False,-1,-1.0,-0.005696352840022567,-0.0,1.106810490633229,1.188806290612637,1.1312772662707462,-0.021627567676818837
2024-07-16 10:02:15.434714,4734.095355884503,4739.937442029148,4734.095355884503,4739.937442029148,74432947,5.842086144644782,5.842086144644782,False,False,False,False,False,False,4711.341667054228,4613.994132565225,True,False,0,1.0,-0.008338983744061723,0.008338983744061723,1.1160401653223764,1.17889285428038,1.1312772662707462,-0.013468935868037879
2024-08-02 10:02:15.434714,4980.636742162967,5028.687406656867,4823.2687615483555,4959.925509254629,99193321,20.71123290833748,205.41864510851156,False,False,False,False,False,True,4784.023687219606,4718.105242568945,True,False,-1,-1.0,0.019734062201867353,0.0,1.1160401653223764,1.2336071545535188,1.1312772662707462,-0.013468935868037879
2024-08-05 10:02:15.434714,4897.554543383872,4949.262926022737,4897.554543383872,4949.262926022737,114907214,51.70838263886435,51.70838263886435,False,False,False,False,True,False,4794.53396209782,4727.066763698175,True,False,0,1.0,-0.0021497466467989,0.0021497466467989,1.118439368925471,1.2309552117095501,1.1312772662707462,-0.011348144020957185
2024-08-12 10:02:15.434714,4884.865336744982,4884.865336744982,4880.2281674873,4880.2281674873,114764744,4.637169257682217,4.637169257682217,False,False,False,False,False,True,4819.505463424579,4745.9515100473345,True,False,-1,-1.0,0.017433870696777154,0.0,1.118439368925471,1.213785241740588,1.1312772662707462,-0.011348144020957185
2024-08-13 10:02:15.434714,4861.112133667385,4926.69152147837,4852.439721827232,4852.439721827232,77133220,8.672411840153472,74.25179965113875,False,False,False,False,False,False,4825.130577414483,4747.047122778326,True,False,0,1.0,-0.005694087388208313,0.005694087388208313,1.1248078604305451,1.2068738425035996,1.1312772662707462,-0.005718673956498277
2024-08-16 10:02:15.434714,4966.25162142189,4966.25162142189,4911.929077236435,4911.929077236435,85638704,54.32254418545563,54.32254418545563,False,False,False,False,False,True,4843.493018963651,4753.930786634368,True,False,-1,-1.0,0.011287510523818378,0.0,1.1248078604305451,1.2216697289167402,1.1312772662707462,-0.005718673956498277
2024-08-19 10:02:15.434714,4994.374610901989,5032.963187749383,4994.374610901989,5032.963187749383,88242873,38.5885768473936,38.5885768473936,False,False,False,False,False,False,4856.44098313313,4760.809974009544,True,False,0,1.0,0.024640850592461128,-0.024640850592461128,1.0970916379964502,1.25177271018031,1.1312772662707462,-0.030218611558410324
2024-08-20 10:02:15.434714,5038.724056582334,5038.724056582334,4978.7787087663855,5003.103034827893,104612216,35.621021754441244,59.94534781594848,False,False,False,True,False,False,4871.548947560246,4767.891842071585,True,False,-1,-1.0,-0.005932917012819061,-0.0,1.0970916379964502,1.2443460465718985,1.1312772662707462,-0.030218611558410324
2024-08-21 10:02:15.434714,4982.024315100557,5000.078666152905,4975.390817349069,4975.390817349069,77331579,6.633497751487994,24.68784880383555,False,False,False,False,False,False,4881.6771563748325,4775.294423492536,True,False,0,1.0,-0.005539005950089715,0.005539005950089715,1.1031684351071063,1.2374536064159662,1.1312772662707462,-0.024846986677546035
2024-08-26 10:02:15.434714,5185.541478707595,5243.986977681831,5118.3509259096445,5144.434250446081,121257073,41.10722826151414,125.63605177218687,False,False,False,False,False,True,4918.289137479572,4805.087121175115,True,False,-1,-1.0,0.017743860914030796,0.0,1.1031684351071063,1.279497219391537,1.1312772662707462,-0.024846986677546035
2024-08-27 10:02:15.434714,5158.768900921185,5212.884978796879,5158.768900921185,5170.717722898932,146756554,11.948821977746775,54.11607787569392,False,False,False,False,False,False,4935.870062715623,4815.289072499333,True,False,0,1.0,0.005109108440947141,-0.005109108440947141,1.097532227943514,1.2860343094352988,1.1312772662707462,-0.029829149169126934
2024-09-02 10:02:15.434714,5284.222386724277,5328.9716568129315,5266.7897818752635,5266.7897818752635,120819083,17.432604849013842,62.181874937668,False,False,False,False,False,True,4996.4258943847835,4859.797447491108,True,False,-1,-1.0,0.007403688774675343,0.0,1.097532227943514,1.3099288576668713,1.1312772662707462,-0.029829149169126934
2024-09-03 10:02:15.434714,5277.95735994238,5289.220416472935,5277.95735994238,5289.220416472935,74694831,11.263056530554422,11.263056530554422,False,False,False,False,False,False,5015.498414988936,4871.799359946316,True,False,0,1.0,0.0042588816958031295,-0.0042588816958031295,1.0928579680273713,1.315507689701593,1.1312772662707462,-0.033960992047532224
2024-09-05 10:02:15.434714,5416.451260342287,5416.451260342287,5322.071764120922,5399.133891783505,82540220,17.31736855878262,94.37949622136512,False,False,False,False,False,True,5070.591700981776,4900.69226112358,True,False,-1,-1.0,0.010842189393154289,0.0,1.0928579680273713,1.3428448037917071,1.1312772662707462,-0.033960992047532224
2024-09-06 10:02:15.434714,5455.734897542475,5469.075950442855,5455.734897542475,5469.075950442855,95860308,13.341052900380419,13.341052900380419,False,False,False,False,False,False,5104.21525950543,4916.739220417321,True,False,0,1.0,0.012954310832296478,-0.012954310832296478,1.0787007462139928,1.360240432779559,1.1312772662707462,-0.04647536163267185
2024-09-12 10:02:15.434714,5585.992042300299,5585.992042300299,5550.103051351741,5550.103051351741,111039285,35.888990948557876,35.888990948557876,False,False,False,False,False,True,5232.921784861468,4976.99054039312,True,False,-1,-1.0,0.011148393509115673,0.0,1.0787007462139928,1.3803930764447563,1.1312772662707462,-0.04647536163267185
2024-09-13 10:02:15.434714,5526.037630143356,5526.037630143356,5482.833687774325,5499.7368880301565,93118039,26.300742113199703,43.20394236903121,False,False,False,False,False,False,5262.3121754011545,4991.6239910977465,True,False,0,1.0,-0.009074815882800125,0.009074815882800125,1.0884897568785237,1.3678662634301282,1.1312772662707462,-0.037822301099775024
2024-10-01 10:02:15.434714,5646.528277130912,5646.528277130912,5629.464179630842,5634.22539000533,89051849,12.302887125581947,17.064097500069693,False,False,False,False,False,True,5515.131578024682,5184.20126433681,True,False,-1,-1.0,0.0011899560890176186,0.0,1.0884897568785237,1.4013155517172602,1.1312772662707462,-0.037822301099775024
2024-10-02 10:02:15.434714,5644.481830210588,5644.481830210588,5597.588257116446,5642.616025455124,137372064,1.8658047554636141,46.893573094142084,False,False,False,False,False,False,5530.201212458686,5201.597052024766,True,False,0,1.0,0.00148922609036517,-0.00148922609036517,1.086868749533485,1.403402427397712,1.1312772662707462,-0.03925520123254467
2024-10-25 10:02:15.434714,5735.731194329632,5735.731194329632,5634.708312411816,5701.205494042404,105152017,34.525700287227664,101.02288191781554,False,False,False,False,False,True,5700.040144023655,5491.08398201859,True,False,-1,-1.0,-0.0015968117696864015,-0.0,1.086868749533485,1.4179744985902933,1.1312772662707462,-0.03925520123254467
2024-10-28 10:02:15.434714,5643.589203971305,5683.025849372032,5634.209509581512,5664.285486941335,137843835,20.696282970029642,48.81633979052003,False,False,False,False,False,False,5701.8779744831645,5503.710428002429,False,False,0,1.0,-0.006475824654917139,0.006475824654917139,1.093907120978373,1.4087919443722785,1.1312772662707462,-0.0330335863776029
2024-11-15 10:02:15.434714,5541.6622512531585,5567.317846836438,5541.6622512531585,5567.317846836438,131588757,25.655595583279137,25.655595583279137,False,False,False,False,True,False,5570.047943705111,5598.664548473598,False,True,1,1.0,0.017728738313445236,0.0,1.093907120978373,1.3846746518100461,1.1312772662707462,-0.0330335863776029
2024-11-18 10:02:15.434714,5507.404099797926,5507.404099797926,5503.894015596225,5503.894015596225,87764807,3.5100842017018294,3.5100842017018294,False,False,False,False,False,False,5562.798256336389,5598.746851460986,False,True,0,-1.0,-0.011392169979347,-0.011392169979347,1.0814451451145692,1.368900202810533,1.1312772662707462,-0.04404943212590884
2024-11-19 10:02:15.434714,5375.334073623563,5450.951557874937,5375.334073623563,5416.258099274618,122718956,40.92402565105476,75.61748425137375,False,False,False,False,True,False,5553.016344466845,5597.356771872047,False,True,1,1.0,-0.01592252977133557,-0.0,1.0814451451145692,1.347103848577295,1.1312772662707462,-0.04404943212590884
2024-11-20 10:02:15.434714,5414.2427276811495,5414.2427276811495,5375.240634992755,5375.240634992755,96920046,39.00209268839444,39.00209268839444,False,False,False,False,False,False,5540.395123984102,5595.083374232458,False,True,0,-1.0,-0.007573026161245222,-0.007573026161245222,1.073255332738665,1.336902195890105,1.1312772662707462,-0.05128887078527666
2024-12-25 10:02:15.434714,5774.718723573278,5852.000827061659,5649.3238844214175,5741.73834973519,86524197,32.98037383808787,202.67694264024158,False,False,False,False,False,True,5614.11226667349,5563.974190367798,True,False,-1,-1.0,0.008407131992588024,0.0,1.073255332738665,1.4280556219224494,1.1312772662707462,-0.05128887078527666
2024-12-26 10:02:15.434714,5685.454715375577,5704.4594786834605,5685.454715375577,5704.4594786834605,119150743,19.004763307883877,19.004763307883877,False,False,False,False,False,False,5630.218312868672,5564.471406433832,True,False,0,1.0,-0.006492610561651402,0.006492610561651402,1.0802235616473526,1.41878381290893,1.1312772662707462,-0.045129258887780965
2025-03-04 10:02:15.434714,6056.322073337261,6056.322073337261,6023.253481343863,6023.443082882471,81215169,32.878990454790255,33.068591993397604,False,True,False,False,False,True,5832.264213835053,5594.302056922405,True,False,-1,-1.0,-0.004485949842532477,-0.0,1.0802235616473526,1.4981197738202272,1.1312772662707462,-0.045129258887780965
2025-03-05 10:02:15.434714,6041.30174327903,6041.30174327903,5955.467515192246,6029.631400672876,126651029,11.670342606154009,85.8342280867846,False,False,False,False,False,False,5856.404140952919,5600.059917941157,True,False,0,1.0,0.0010273721699125549,-0.0010273721699125549,1.0791137700228322,1.4996589003830458,1.1312772662707462,-0.04611026651306349
2025-03-21 10:02:15.434714,6311.3581599415475,6311.3581599415475,6263.256338919654,6290.589115079406,92273550,20.769044862141527,48.10182102189356,False,False,False,False,False,True,6186.39144580805,5798.949889667269,True,False,-1,-1.0,-0.003451103307953507,-0.0,1.0791137700228322,1.5645629605200715,1.1312772662707462,-0.04611026651306349
2025-03-24 10:02:15.434714,6376.1165337169405,6398.473710089587,6376.1165337169405,6398.473710089587,55894112,22.35717637264679,22.35717637264679,False,False,False,False,True,False,6204.058553398524,5820.33444739647,True,False,0,1.0,0.017150157646056874,-0.017150157646056874,1.0606067987489098,1.5913954619401722,1.1312772662707462,-0.062469625819319696
2025-03-27 10:02:15.434714,6284.225695863632,6316.808940296088,6206.970376580698,6267.740446565181,79931221,16.48524929845098,109.83856371538968,False,False,False,False,False,True,6247.004764293619,5870.655495428882,True,False,-1,-1.0,0.0036496312916842744,0.0,1.0606067987489098,1.5588801572403495,1.1312772662707462,-0.062469625819319696
2025-03-28 10:02:15.434714,6410.537915054635,6410.537915054635,6321.522694980887,6342.252690419885,93372954,68.2852246347502,89.01522007374842,False,False,False,False,False,False,6263.534744357344,5888.370408433811,True,False,0,1.0,0.01188821465884704,-0.01188821465884704,1.04799807745675,1.57741245917704,1.1312772662707462,-0.07361518815676882
2025-04-10 10:02:15.434714,6695.483685247777,6695.483685247777,6629.513355964551,6650.065212463674,119343562,45.41847278410387,65.97032928322642,False,False,False,False,False,True,6410.790438141604,6102.873373578917,True,False,-1,-1.0,0.016175911709708002,0.0,1.04799807745675,1.653970006008312,1.1312772662707462,-0.07361518815676882
2025-04-11 10:02:15.434714,6710.272204770325,6900.554487664696,6710.272204770325,6751.182479773362,109879547,40.910275003036986,190.28228289437175,False,False,False,False,False,False,6431.627787573615,6129.833386075734,True,False,0,1.0,0.015205454996166434,-0.015205454996166434,1.0320627898539125,1.6791193724996805,1.1312772662707462,-0.0877012907223832
2025-04-15 10:02:15.434714,6766.576175213211,6766.576175213211,6754.105491442976,6754.105491442976,114836445,12.470683770235155,12.470683770235155,False,False,False,False,False,True,6477.424511341955,6178.840754421809,True,False,-1,-1.0,0.005339321841934419,0.0,1.0320627898539125,1.6798463689236696,1.1312772662707462,-0.0877012907223832
2025-04-16 10:02:15.434714,6791.891235280173,6822.13974419383,6720.691686224656,6796.764123232759,98160630,4.8728879525860975,101.44805796917353,False,False,False,False,False,False,6504.105549876433,6203.839379720153,True,False,0,1.0,0.006315955805521245,-0.006315955805521245,1.0255443268846722,1.6904562043498568,1.1312772662707462,-0.09346332905161481
2025-04-17 10:02:15.434714,6884.365483693945,6884.365483693945,6823.762447294877,6823.762447294877,78361712,60.603036399067605,60.603036399067605,False,False,False,False,False,True,6529.674983787432,6229.996335384089,True,False,-1,-1.0,0.003972232016973054,0.0,1.0255443268846722,1.697171088608066,1.1312772662707462,-0.09346332905161481
2025-04-18 10:02:15.434714,6781.524906319415,6876.460964158763,6696.689031199805,6795.409722761263,91934244,13.88481644184776,179.77193295895813,False,False,False,False,False,False,6554.916014171524,6254.713440808604,True,False,0,1.0,-0.004154998763893691,0.004154998763893691,1.0298054622951962,1.6901193448327834,1.1312772662707462,-0.08969667030439998
2025-04-21 10:02:15.434714,6793.649375653223,6793.649375653223,6655.53650858164,6758.862473364212,101690539,34.78690228901087,138.1128670715825,False,False,False,False,False,True,6572.935452335255,6278.1563098245215,True,False,-1,-1.0,-0.005378226021403254,-0.0,1.0298054622951962,1.6810295009931266,1.1312772662707462,-0.08969667030439998
2025-04-22 10:02:15.434714,6811.927588149046,6815.652031440583,6766.165632150518,6766.165632150518,118204315,45.76195599852781,49.48639929006549,False,False,False,False,False,False,6594.799678460971,6300.6356476649735,True,False,0,1.0,0.0010805307572223644,-0.0010805307572223644,1.0286927258192307,1.6828459050727478,1.1312772662707462,-0.09068028105053794
2025-05-26 10:02:15.434714,6745.640095662257,6755.996631097347,6720.154068116597,6720.154068116597,95568006,25.486027545660363,35.84256298074979,False,True,False,True,False,True,6682.532757793435,6619.119100174019,True,False,-1,-1.0,-0.002544678800957989,-0.0,1.0286927258192307,1.6714021455891563,1.1312772662707462,-0.09068028105053794
2025-05-27 10:02:15.434714,6710.5857183335,6759.132427214413,6655.179111486906,6702.863995075053,71180367,7.721723258447128,103.95331572750729,False,False,False,False,False,False,6679.816281121914,6628.582729294676,True,False,0,1.0,-0.0025728685482935276,0.0025728685482935276,1.0313394169793493,1.6671018475772197,1.1312772662707462,-0.08834072094530976
2025-06-02 10:02:15.434714,6963.018654945726,6963.018654945726,6899.3313460029785,6899.3313460029785,119569156,63.68730894274722,63.68730894274722,False,False,False,False,False,True,6696.81971638315,6668.949252479177,True,False,-1,-1.0,0.005132943933147338,0.0,1.0313394169793493,1.715966196303555,1.1312772662707462,-0.08834072094530976
2025-06-03 10:02:15.434714,7008.438553611989,7008.438553611989,6976.017135171835,6976.017135171835,83789427,32.4214184401535,32.4214184401535,False,False,False,False,False,False,6717.040965488974,6681.891972989889,True,False,0,1.0,0.011114959598698348,-0.011114959598698348,1.0198761210270788,1.7350390912482012,1.1312772662707462,-0.0984737769997811
2025-06-16 10:02:15.434714,7122.111055212921,7122.111055212921,6983.07705630612,7096.501995276302,114326801,25.609059936618905,139.03399890680157,False,False,False,True,False,True,6871.965419550101,6787.6736233026395,True,False,-1,-1.0,-0.00022928757901241603,-0.0,1.0198761210270788,1.7650054657759882,1.1312772662707462,-0.0984737769997811
2025-06-17 10:02:15.434714,7099.717429627706,7105.999875104398,7053.87396839284,7105.999875104398,146493978,6.282445476691464,52.125906711557946,False,False,False,False,False,False,6897.740303704864,6796.999129582073,True,False,0,1.0,0.0013383889463312038,-0.0013383889463312038,1.018511130100069,1.7673677295815968,1.1312772662707462,-0.09968036973147221
2025-06-18 10:02:15.434714,6986.738872787223,7061.910713260142,6967.08135862371,6967.693376764286,89421064,19.045496022937186,94.82935463643207,False,False,False,False,False,True,6917.6793546204935,6805.4688630647215,True,False,-1,-1.0,-0.019463340947227348,-0.0,1.018511130100069,1.732968848881623,1.1312772662707462,-0.09968036973147221
2025-06-19 10:02:15.434714,7044.587547956084,7064.86527549835,7035.032035936734,7035.032035936734,119146096,9.555512019349408,29.8332395616153,False,False,False,False,False,False,6935.727874241551,6813.168199534183,True,False,0,1.0,0.009664411955469854,-0.009664411955469854,1.0086678189575509,1.7497169737432114,1.1312772662707462,-0.10838142952998353
2025-06-27 10:02:15.434714,7194.64476748647,7226.013601181718,7125.092077799842,7153.573836387942,90168761,41.07093109852849,100.92152338187589,False,False,False,False,False,True,7030.445392763459,6849.143851197683,True,False,-1,-1.0,0.01141852191844106,0.0,1.0086678189575509,1.7792000804708041,1.1312772662707462,-0.10838142952998353
2025-06-30 10:02:15.434714,7052.386051601987,7081.376415080391,7052.386051601987,7081.376415080391,71745484,28.990363478404106,28.990363478404106,False,False,False,False,False,False,7039.547646217329,6855.594130032006,True,False,0,1.0,-0.010092496835680365,0.010092496835680365,1.0188477957286326,1.7612435092886103,1.1312772662707462,-0.09938277192888101
2025-07-11 10:02:15.434714,7309.654539582559,7309.654539582559,7260.440124536959,7261.493694603567,97708811,48.16084497899192,49.21441504559971,False,False,False,False,False,True,7103.659836940076,6914.508520928159,True,False,-1,-1.0,0.0015633062355036031,0.0,1.0188477957286326,1.806041352373939,1.1312772662707462,-0.09938277192888101
2025-07-14 10:02:15.434714,7250.057115661443,7330.693750107507,7250.057115661443,7288.222538231882,101681887,38.16542257043875,80.63663444606391,False,False,True,False,False,False,7113.245864087854,6927.27842617787,True,False,0,1.0,0.003680901582022944,-0.003680901582022944,1.0150975172654946,1.812689212845091,1.1312772662707462,-0.10269785530848508
2025-07-29 10:02:15.434714,7774.915462803745,7774.915462803745,7735.477510005209,7735.477510005209,91354096,39.43795279853566,39.43795279853566,False,False,False,False,False,True,7426.1775922154875,7142.549151756227,True,False,-1,-1.0,0.0027637716232509213,0.0,1.0150975172654946,1.9239281683616074,1.1312772662707462,-0.10269785530848508
2025-07-30 10:02:15.434714,7675.845090033261,7675.845090033261,7674.941283158001,7674.941283158001,125454294,0.903806875259761,0.903806875259761,False,False,False,False,False,False,7457.250776775984,7164.669730250351,True,False,0,1.0,-0.007825790556421297,0.007825790556421297,1.0230414578299574,1.9088719094704103,1.1312772662707462,-0.09567575665830186
2025-08-04 10:02:15.434714,7726.404566818363,7726.404566818363,7629.551929656237,7712.155321465229,155599272,14.249245353134029,96.85263716212557,False,False,False,False,False,True,7546.155086002717,7223.439848375993,True,False,-1,-1.0,0.002850049612452832,0.0,1.0230414578299574,1.9181275936172726,1.1312772662707462,-0.09567575665830186
2025-08-05 10:02:15.434714,7746.786340073251,7782.053146914009,7741.697234921355,7741.697234921355,79240172,5.089105151896547,40.355911992654,False,False,False,False,False,False,7575.70240379689,7244.21651317292,True,False,0,1.0,0.0038305651565266885,-0.0038305651565266885,1.0191226308679118,1.9254751063431552,1.1312772662707462,-0.09913982959504886
2025-10-13 10:02:15.434714,7598.614168695191,7676.146257966047,7598.614168695191,7631.413521814619,106602275,32.799353119427906,77.53208927085598,False,False,False,False,True,False,7842.8428073787845,7853.084646436709,False,True,1,1.0,0.0007963363566687587,0.0,1.0191226308679118,1.8980459086132,1.1312772662707462,-0.09913982959504886
2025-10-14 10:02:15.434714,7744.8666692818215,7744.8666692818215,7661.1735156608465,7729.904254996583,83719786,14.962414285238083,83.69315362097495,False,False,False,False,False,False,7840.782794526343,7852.848786838212,False,True,0,-1.0,0.012905962034480911,0.012905962034480911,1.0322753888503733,1.9225420170494638,1.1312772662707462,-0.08751336243742658
2025-10-23 10:02:15.434714,7516.553131056003,7571.203287911993,7516.553131056003,7571.203287911993,91245253,54.650156855990645,54.650156855990645,True,False,True,False,True,False,7795.017956030924,7809.444704139575,False,True,1,1.0,0.004537938255299023,0.0,1.0322753888503733,1.8830707290099922,1.1312772662707462,-0.08751336243742658
2025-10-24 10:02:15.434714,7537.859385437104,7537.859385437104,7460.817327393255,7490.798187605201,103639797,47.06119783190297,77.04205804384856,False,False,False,False,False,False,7769.263422434402,7798.725569661196,False,True,0,-1.0,-0.01061985753772654,-0.01061985753772654,1.021312771281081,1.8630727861344432,1.1312772662707462,-0.09720384053342024
2025-10-30 10:02:15.434714,7321.4758147430175,7362.245382824368,7321.4758147430175,7350.524052906364,106629417,29.04823816334647,40.76956808135037,True,False,True,False,True,False,7634.00992808028,7744.381025578986,False,True,1,1.0,0.0022885149958096207,0.0,1.021312771281081,1.828184525042535,1.1312772662707462,-0.09720384053342024
2025-10-31 10:02:15.434714,7214.7024273911575,7226.990164197016,7214.7024273911575,7226.990164197016,107291229,12.287736805858913,12.287736805858913,False,False,False,False,False,False,7595.777496437018,7727.493849625299,False,True,0,-1.0,-0.016806133524657096,-0.016806133524657096,1.0041484524764936,1.7974598118069585,1.1312772662707462,-0.1123763533349631
2025-11-11 10:02:15.434714,7239.440649728501,7378.662022272162,7224.8320191501725,7347.787241692653,83563703,108.34659196415214,153.83000312198965,False,False,False,False,True,False,7440.368413500131,7646.776792578309,False,True,1,1.0,-0.005079739147144657,-0.0,1.0041484524764936,1.8275038394379637,1.1312772662707462,-0.1123763533349631
2025-11-12 10:02:15.434714,7305.339365219184,7351.088111562479,7305.339365219184,7351.088111562479,126051807,45.74874634329444,45.74874634329444,False,False,False,False,False,False,7418.266628686828,7642.109495600722,False,True,0,-1.0,0.0004492331856176257,0.0004492331856176257,1.0045995492846327,1.8283248148094828,1.1312772662707462,-0.11197760333654228
2025-11-24 10:02:15.434714,7178.178419008588,7189.965631558576,7178.178419008588,7189.965631558576,87426595,11.787212549987999,11.787212549987999,False,False,False,False,True,False,7310.5787195561015,7582.6023584811655,False,True,1,1.0,-0.013040695086809717,-0.0,1.0045995492846327,1.7882512605350582,1.1312772662707462,-0.11197760333654228
2025-11-25 10:02:15.434714,7132.881356268561,7155.162723653064,7132.881356268561,7135.94599554008,47637336,3.0646392715188995,22.281367384503028,False,False,False,False,False,False,7298.1322674949115,7569.899188151059,False,True,0,-1.0,-0.007513198085591699,-0.007513198085591699,0.9970517938741611,1.7748157745878492,1.1312772662707462,-0.11864949150711668
2026-01-06 10:02:15.434714,7815.452599838579,7815.452599838579,7751.326069677617,7761.987351756516,74610694,53.465248082063226,64.12653016096192,False,False,False,True,False,True,7445.654104466448,7328.5683278789265,True,False,-1,-1.0,-0.0017839832448601767,-0.0,0.9970517938741611,1.9305215598126442,1.1312772662707462,-0.11864949150711668
2026-01-07 10:02:15.434714,7740.823386406543,7819.069303598079,7493.771289313487,7719.0258606883435,96633991,21.797525718199722,325.2980142845927,False,False,False,False,False,False,7470.280927681973,7336.274031544878,True,False,0,1.0,-0.005534857134036675,0.005534857134036675,1.0025703331084894,1.9198363987849036,1.1312772662707462,-0.11377134235759812
2026-02-13 10:02:15.434714,7331.7163901246395,7429.066622510018,7331.7163901246395,7429.066622510018,126419915,97.35023238537815,97.35023238537815,False,False,False,False,True,False,7448.999918622898,7450.307665864459,False,True,1,1.0,0.013392796193026468,0.0,1.0025703331084894,1.847719228864054,1.1312772662707462,-0.11377134235759812
2026-02-16 10:02:15.434714,7559.760396858963,7559.760396858963,7517.961768918622,7517.961768918622,102160282,41.79862794034125,41.79862794034125,False,False,False,False,False,False,7455.229443370596,7457.397648707374,False,False,0,-1.0,0.011965856671584119,0.011965856671584119,1.0145669460176479,1.8698287723259712,1.1312772662707462,-0.10316685726199881
2026-03-25 10:02:15.434714,7983.270558815155,7983.270558815155,7957.989522648359,7957.989522648359,102886529,25.281036166796184,25.281036166796184,False,False,False,False,False,True,7828.510131754575,7625.097734882893,True,False,-1,-1.0,-0.0015095618290009716,-0.0,1.0145669460176479,1.9792702113536895,1.1312772662707462,-0.10316685726199881
2026-03-26 10:02:15.434714,8037.966182546867,8037.966182546867,7958.529184627979,7990.436403641894,45933039,47.52977890497277,79.43699791888776,False,False,False,False,False,False,7835.530455771482,7635.3497503224535,True,False,0,1.0,0.004077271137539418,-0.004077271137539418,1.0104302814915487,1.9873402326598335,1.1312772662707462,-0.10682348915007323
