date,open,high,low,close,volume,tr,plus_dm,minus_dm,smooth_tr,smooth_plus_dm,smooth_minus_dm,plus_di,minus_di,dx,adx,high_ma,low_ma,breakout_width,position,signal,daily_return,strategy_return,cumulative_return,benchmark_return,cum_max,drawdown
2021-04-05 09:16:31.553387,4038.730775980713,4046.8641060275986,4020.6685661204488,4020.6685661204488,135695500,,0.0,0.0,,,,,,,,,,,0,,,,,,,
2021-05-12 09:16:31.553387,3951.4004714487673,3984.3432738393117,3947.187975780508,3947.187975780508,68824260,56.40399286149568,48.915942588672806,0.0,68.19296691864263,10.84175096058623,29.977054397805368,15.898635079950315,43.95915847681094,46.87864642095722,38.868215417431095,4092.741961919437,4045.31648875034,47.42547316909713,-1,-1.0,0.004900456301834888,0.0,1.0,0.9817242856177917,1.0,0.0
2021-05-19 09:16:31.553387,3987.520162984475,3987.520162984475,3964.4505194892636,3981.4987495917658,90664823,23.069643495211494,0.0,0.0,62.664722500291774,12.739186460244712,22.347949683547768,20.329119721523377,35.66272823348689,27.385430329579663,43.86869003374736,4021.2084488083906,3974.357607257464,46.85084155092636,0,1.0,0.0009104001797386463,-0.0009104001797386463,0.9909494918206553,0.9902578847560971,1.0116856729026171,-0.02049666377350967
2021-05-20 09:16:31.553387,3951.0869473320354,3951.0869473320354,3943.433200562414,3943.433200562414,70340311,38.06554902935159,0.0,21.017318926849384,61.522054903517564,12.739186460244712,22.16935218811737,20.7066985656169,36.03480446627575,27.013922934053042,43.04551962055291,4008.4353092091164,3964.1271031116507,44.3082060974657,-1,-1.0,-0.00956060805827319,-0.0,0.9909494918206553,0.9807904172433294,1.0116856729026171,-0.02049666377350967
2021-05-21 09:16:31.553387,3976.465979635824,3979.8571407334134,3976.465979635824,3979.8571407334134,83646352,36.42394017099923,28.770193401378037,0.0,56.77600985433647,7.446445213233541,22.16935218811737,13.11547823162989,39.04704160259706,49.71301895187955,44.87574089352632,4002.4965658116316,3959.206671337912,43.289894473719414,0,1.0,0.00923660635757817,-0.00923660635757817,0.9817964814444657,0.9898495922466909,1.0116856729026171,-0.029543950516168316
2021-05-24 09:16:31.553387,3931.9857782254494,3935.1451878695766,3914.867608168806,3935.1451878695766,77323392,64.98953256460754,0.0,61.598371467018296,56.4792621888721,7.446445213233541,23.80206037763144,13.184388259768532,42.143008699432116,52.34047150459321,45.88015341399625,3996.0393089222875,3953.100184285848,42.939124636439374,-1,-1.0,-0.011234562267628867,-0.0,0.9817964814444657,0.9787290653670084,1.0116856729026171,-0.029543950516168316
2021-06-18 09:16:31.553387,3809.110602154611,3830.266228678923,3763.3988096766857,3812.6059978041458,91803975,66.86741900223751,30.62959340699308,0.0,61.122150147435704,11.144418574195859,20.48583731245799,18.233027711416998,33.51622490871657,29.533174729084866,30.604104980438986,3851.5480108080824,3805.279299262785,46.268711545297265,0,1.0,0.01083311433960854,-0.01083311433960854,1.011822097878966,0.9482517484605643,1.0297670701486101,-0.017426244040853245
2021-06-28 09:16:31.553387,3848.2270409561315,3848.2270409561315,3837.812673768781,3845.179167897637,87178374,24.4971346165039,0.0,1.3894853799383782,49.577509791152316,15.219140946419397,11.952767213200527,30.6976712031943,24.109252892192735,12.021142254827062,26.829425298803706,3838.596398178351,3795.865083451043,42.73131472730802,1,1.0,-0.004435335676712615,-0.0,1.011822097878966,0.9563531797419097,1.0297670701486101,-0.017426244040853245
2021-06-29 09:16:31.553387,3839.8312221507476,3861.6528567298783,3819.870923501286,3839.3070695928855,113181086,41.78193322859215,0.0,17.94175026749508,47.09357966100077,12.180054656604332,13.234320803735889,25.8635141866077,28.10217634548499,4.148306334644213,24.695094040985854,3834.8279897147586,3792.9535470723836,41.874442642375016,0,-1.0,-0.0015271325595894725,-0.0015271325595894725,1.0102769114087828,0.9548927016626589,1.0297670701486101,-0.018926764415776676
2021-10-13 09:16:31.553387,3616.3514444530765,3619.6275976013,3602.9674788395128,3619.6275976013,81901043,31.987430704543385,0.0,10.659807907104096,64.18690672128426,15.922813662990393,27.819858608037844,24.806949697905317,43.3419524776894,27.197800974146553,25.012944227630037,3740.6396759544614,3701.0241827565114,39.615493197949945,-1,-1.0,-0.004216644311738849,-0.0,1.0102769114087828,0.9002551536084175,1.0297670701486101,-0.018926764415776676
2021-10-14 09:16:31.553387,3669.068528650676,3669.068528650676,3638.3281288898834,3645.430971908482,63859172,49.440931049376104,49.440931049376104,0.0,61.08434737280897,13.11556950379934,27.819858608037844,21.471244382382633,45.543350800243715,35.92069213021497,24.165546433207616,3736.683310330488,3696.313891787761,40.36941854272709,0,1.0,0.007128737311065336,-0.007128737311065336,1.0030749126959153,0.9066728361114247,1.0297670701486101,-0.025920577795173427
2021-10-21 09:16:31.553387,3563.9374859993973,3586.140773054655,3551.642558235787,3586.140773054655,81448933,34.49821481886784,0.0,15.29178777342895,62.669552385540165,17.111798276858085,25.465831528248536,27.304803729228986,40.635094011177756,19.620709958797423,25.054790450089467,3694.7750891393853,3653.927373946555,40.84771519283049,-1,-1.0,0.0008740606552419816,0.0,1.0030749126959153,0.8919264828921049,1.0297670701486101,-0.025920577795173427
2021-10-26 09:16:31.553387,3538.1426494900975,3575.474038338231,3538.1426494900975,3568.514543419885,127264579,78.47668059657462,0.0,51.35564358121064,52.4179483417156,19.288838064859323,16.76370875347428,36.79815535532655,31.980856336060132,7.004024775583824,23.825296682233,3661.1603635252804,3622.646869451026,38.513494074254595,0,1.0,-0.013301036762869534,0.013301036762869534,1.0078010939447717,0.8875425777417787,1.0297670701486101,-0.021331014401799075
2022-01-28 09:16:31.553387,3950.002365222945,3986.963360871135,3920.930944681886,3986.963360871135,113758659,75.73087596536561,0.0,75.73087596536561,63.37286828680518,32.626197705015066,11.19106152098922,51.4829115156338,17.659073706972013,48.91939058412105,25.024252738018212,3766.200907250552,3726.505360151002,39.69554709954991,1,1.0,-0.0024266400839854096,-0.0,1.0078010939447717,0.991617014758857,1.0297670701486101,-0.021331014401799075
2022-02-16 09:16:31.553387,3963.392719236715,4034.35472247532,3954.6700301965316,3969.8072869701364,135363385,79.68469227878859,0.0,0.0,76.98162802795598,28.01292912406734,21.80610702365961,36.389109767715496,28.326378101201875,12.458735817374752,34.50793888957572,3989.0006031373305,3936.7959379743697,52.20466516296074,0,-1.0,-0.009738728623485793,-0.009738728623485793,1.0034644827245849,0.9873500443237498,1.0297670701486101,-0.025542268913521737
2022-03-29 09:16:31.553387,4212.778150035435,4212.778150035435,4197.09754850162,4197.09754850162,96333985,73.98680302653793,73.54462916174634,0.0,57.940623895388725,31.494019327699107,13.939311331871295,54.355678641916725,24.05792412080097,38.638391112824934,25.026900433937843,4073.1648451727515,4045.5933175537334,27.57152761901807,1,1.0,0.014087736395520523,0.0,1.0034644827245849,1.0438805087959293,1.0297670701486101,-0.025542268913521737
2022-03-30 09:16:31.553387,4223.843283735364,4223.843283735364,4173.258378842803,4173.258378842803,99604113,50.5849048925611,0.0,23.8391696588169,58.0467680372593,27.986955977243888,15.64210916464393,48.21449483506042,26.947424798230813,28.295006488112435,24.810799190817455,4084.1078737622893,4055.670429507223,28.43744425506611,0,-1.0,-0.005679917939321544,-0.005679917939321544,0.9977648868076855,1.0379513531675113,1.0297670701486101,-0.031077108861430447
2022-03-31 09:16:31.553387,4179.117558416341,4220.122101203278,4179.117558416341,4197.672222434721,90353728,46.86372236047555,0.0,0.0,56.13748775455321,27.986955977243888,11.890717171114959,49.85430787285973,21.18142020017724,40.36403715493959,25.95409068251883,4095.4862664777697,4065.453800120882,30.032466356887653,1,1.0,0.005850067591235186,0.0,0.9977648868076855,1.0440234387399552,1.0297670701486101,-0.031077108861430447
2022-04-06 09:16:31.553387,4065.0798872597215,4075.593680335281,4063.0823791370553,4075.593680335281,101655458,143.102198735995,0.0,141.69332212773543,65.04089039806756,26.47350592577241,22.33418387658318,40.702865172582214,34.33868100496784,8.480880914362514,32.917985096125044,4131.3083038591885,4100.989906166938,30.318397692250073,0,-1.0,-0.03104735303932038,-0.03104735303932038,0.9687474513613213,1.0136606918256443,1.0297670701486101,-0.0592557487573212
2022-04-07 09:16:31.553387,4071.0674448159702,4071.0674448159702,3966.2551168589075,4039.5078634366027,100735656,109.33856347637357,0.0,96.82726227814783,70.7161232087162,26.47350592577241,29.25041689645088,37.43630833330155,41.36315110221651,4.983337191707919,32.73056285238642,4131.323457785193,4096.990259429509,34.333198355683635,-1,-1.0,-0.008854125246290478,-0.0,0.9687474513613213,1.0046856131029787,1.0297670701486101,-0.0592557487573212
2022-04-08 09:16:31.553387,4045.618232001637,4045.618232001637,4034.9447404123393,4034.9447404123393,52313864,10.673491589297555,0.0,0.0,65.92229060364654,26.47350592577241,23.69419203500284,40.158656022653446,35.94261033413208,5.5400466908859105,31.738180946968594,4130.238258884452,4099.051068265222,31.187190619230023,0,1.0,-0.0011296235032901558,0.0011296235032901558,0.9698417712511315,1.0035506966210002,1.0297670701486101,-0.05819306194053242
2022-04-11 09:16:31.553387,3974.321413496061,3990.1676596853476,3974.321413496061,3990.1676596853476,114903017,60.62332691627853,0.0,60.62332691627853,65.80402407581839,22.02500176106722,28.02442967187988,33.470600119667985,42.58771414889546,11.987005124824039,30.578585455972238,4129.131752064883,4097.278384135708,31.853367929174965,-1,-1.0,-0.011097321923277614,-0.0,0.9698417712511315,0.9924139714742675,1.0297670701486101,-0.05819306194053242
2022-04-18 09:16:31.553387,4071.0320956563337,4071.0320956563337,4055.674969223974,4070.306736828804,91779501,64.02224476704714,64.02224476704714,0.0,60.34917117543868,18.577187570936207,29.98483915319301,30.782837956351056,49.685585682735024,23.490888564147664,24.746703988774133,4128.8140476263,4099.221590816377,29.592456809922624,0,1.0,0.015796538639771374,-0.015796538639771374,0.9500361971563833,1.0123457504372826,1.0297670701486101,-0.07742612412409
2022-04-19 09:16:31.553387,4049.770413091661,4049.770413091661,3922.957767387944,4017.327843020732,120432459,147.34896944085995,0.0,132.7172018360302,67.26089007174573,18.577187570936207,37.76184145156539,27.6195981812318,56.14234573953103,34.05215569648335,25.157928932229197,4126.801543344163,4092.7828685186614,34.018674825501876,-1,-1.0,-0.013015946274689827,-0.0,0.9500361971563833,0.9991691125381804,1.0297670701486101,-0.07742612412409
2022-04-20 09:16:31.553387,4045.8373759331353,4069.537126159448,4045.8373759331353,4069.537126159448,92424803,52.20928313871582,19.766713067786895,0.0,67.64271584162005,19.9890956472067,37.76184145156539,29.550995104941606,55.82543660721975,30.77481803275635,24.47298470921611,4121.319675282586,4086.9518127067677,34.367862575818435,0,1.0,0.01299602252512666,-0.01299602252512666,0.9376895053384533,1.0121543368311374,1.0297670701486101,-0.08941591499606671
2022-05-13 09:16:31.553387,4209.4593028461095,4209.4593028461095,4155.708076607478,4160.306684809421,97164848,53.751226238631716,27.76594389350521,0.0,64.1915456020716,26.513739781308328,8.029881164217256,41.30409936795893,12.509250383212636,53.50874665467076,25.121980440040748,4130.525599609979,4084.511597292424,46.014002317554514,1,1.0,-0.0051143573445900925,-0.0,0.9376895053384533,1.034730074462144,1.0297670701486101,-0.08941591499606671
2022-05-17 09:16:31.553387,4127.3828459878705,4140.199958215584,4119.744724048602,4140.199958215584,114570372,36.47128145744409,0.0,36.47128145744409,58.874155752773085,25.554378123306964,7.213271182194668,43.40508631769773,12.252016338858345,55.9732154421979,30.051614359142263,4140.355437087701,4099.37799693956,40.977440148140886,0,-1.0,-0.0038535165807658256,-0.0038535165807658256,0.9331576599861401,1.0297292328699612,1.0297670701486101,-0.09381676008393613
2022-05-19 09:16:31.553387,4159.0654753900435,4173.203841353389,4159.0654753900435,4159.497932310448,105175396,53.03146436124007,53.03146436124007,0.0,64.81322369069787,29.34233986339554,8.928537887198152,45.27215002207461,13.775796633426204,53.34030253821579,35.07893455805161,4146.84398387885,4105.157935453296,41.68604842555396,1,1.0,0.00954463835976882,0.0,0.9331576599861401,1.0345289257015156,1.0297670701486101,-0.09381676008393613
2022-05-23 09:16:31.553387,4157.60906766957,4184.988118034222,4153.810481898754,4153.810481898754,69620604,31.177636135467765,0.0,24.79705870170892,64.86249267292351,28.937286809506336,10.699756365891647,44.613282063373504,16.49606101302086,46.011329258117826,38.782164326011575,4159.68393738346,4117.301443309739,42.38249407372132,0,-1.0,-0.0059342875493269,-0.0059342875493269,0.931881715628472,1.033114372296239,1.0297670701486101,-0.09505582122179523
2022-05-24 09:16:31.553387,4166.43462000038,4195.274540186153,4166.43462000038,4195.274540186153,110091636,41.464058287398984,10.28642215193122,0.0,60.52792408067801,22.37574420758457,10.699756365891647,36.96763856919959,17.677388624182587,35.30101627866545,40.944821633233325,4165.534287522423,4122.880910043021,42.65337747940248,1,1.0,0.009982173830050511,0.0,0.931881715628472,1.0434270995468236,1.0297670701486101,-0.09505582122179523
2022-07-19 09:16:31.553387,4623.914064179358,4660.764211018716,4623.914064179358,4656.796180622635,101511527,71.92067182877963,0.0,21.42432282831578,70.88533524829525,24.533935597688533,19.050914609983984,34.610735086110154,26.87567822491486,12.580107449214855,46.76699298690399,4672.015678694102,4615.772695711124,56.24298298297799,0,-1.0,-0.008313443206625526,-0.008313443206625526,1.0343979094960924,1.158214387493267,1.0501130553208722,-0.014965194218995559
2022-07-25 09:16:31.553387,4584.441826793617,4649.687414436026,4546.709465383442,4594.280641820895,79089410,102.97794905258434,0.0,75.59333474981759,58.38456957185677,15.15744736360453,23.07564286898079,25.961392667200382,39.523529998076725,20.710320450706686,30.563249914816147,4678.124970529895,4627.80434901218,50.32062151771515,-1,-1.0,-0.008386683990364907,-0.0,1.0343979094960924,1.142665844316016,1.0501130553208722,-0.014965194218995559
2022-07-29 09:16:31.553387,4508.32900277436,4567.467744814684,4508.32900277436,4567.467744814684,100629831,81.99665942751471,0.0,54.74421611032358,68.52243812615032,7.930392320361404,30.94850033706884,11.573424030478153,45.16549787690336,59.204638927154186,24.84279208045223,4673.366861248003,4623.02561934887,50.34124189913291,0,1.0,-0.004979585125170827,0.004979585125170827,1.0404046796905968,1.1359970785211566,1.0501130553208722,-0.00924507659540419
2022-08-03 09:16:31.553387,4439.680628650039,4443.999847683047,4410.247007240034,4443.999847683047,113832371,98.74477437552832,0.0,91.39970980578073,71.1641264648819,14.302492360316396,29.487008253879726,20.097896328952196,41.435214227537784,34.67615679691186,26.15633927839644,4657.170227162076,4604.110766514381,53.05946064769523,-1,-1.0,-0.014413850607913226,-0.0,1.0404046796905968,1.105288778371271,1.0501130553208722,-0.00924507659540419
2022-08-18 09:16:31.553387,4456.832264839093,4456.832264839093,4443.328501045001,4443.328501045001,73036459,25.13648749256936,0.0,0.0,55.70128317319469,18.460282657371472,15.666927883405217,33.14157521285825,28.12669114765504,8.185124801303738,21.71780344735444,4532.542220491031,4483.542850345487,48.99937014554416,0,1.0,0.002624892204455831,-0.002624892204455831,1.0400661575553287,1.1051218044894393,1.0509128056633912,-0.010321168463843677
2022-11-25 09:16:31.553387,4696.3226787527765,4715.182037186928,4696.3226787527765,4715.182037186928,118772800,106.04208721637133,0.0,56.812606460059214,66.58851810683505,32.605976997151565,13.90015348314208,48.96636525960575,20.874700141007168,40.222274613743295,25.410763924285707,4582.0135539907915,4540.703153972435,41.31040001835663,1,1.0,-0.01815412469290545,-0.0,1.0400661575553287,1.1727358173510465,1.0509128056633912,-0.010321168463843677
2022-11-29 09:16:31.553387,4583.447631131462,4583.447631131462,4559.426692395642,4559.426692395642,101659748,97.37752732325225,0.0,96.10559669778286,68.79064359261383,27.41458377749632,21.38969808051388,39.85219841792536,31.093906036387963,12.34499406119953,27.628867478540627,4597.961435099916,4558.881604747692,39.079830352224235,0,-1.0,-0.02091080550711455,-0.02091080550711455,1.0057099308607544,1.1339971493335592,1.0509128056633912,-0.04301296411941835
2022-12-02 09:16:31.553387,4602.104539125125,4674.977019769701,4602.104539125125,4641.806218072972,82483151,99.75992959174346,89.501542343648,0.0,67.68438439003187,26.589847501446652,22.432296052440183,39.28505480410728,33.14249845750813,8.480966248316625,27.259551966267132,4627.652018901367,4590.84158912352,36.810429777847276,1,1.0,0.01455431001033114,0.0,1.0057099308607544,1.1544861611291322,1.0509128056633912,-0.04301296411941835
2022-12-05 09:16:31.553387,4645.654783749839,4645.654783749839,4643.229875090125,4643.229875090125,83884006,3.8485656768671106,0.0,0.0,61.571669351859065,20.202234914926198,22.432296052440183,32.810926076208816,36.43282095251957,5.230645410925082,24.931767254223093,4640.961247296176,4605.521575093064,35.43967220311242,0,-1.0,0.0003067032422874316,0.0003067032422874316,1.00601838535735,1.1548402457779265,1.0509128056633912,-0.042719453092686765
2022-12-26 09:16:31.553387,4318.526314490824,4362.196459324274,4257.165712363147,4348.392346009912,149948302,105.03074696112708,0.0,82.87381513010678,69.07234896994358,3.1084140184141558,37.90302814335818,4.500229201365026,54.874387086287534,84.8412352525775,25.497277517894386,4543.143553681327,4500.275619577233,42.867934104094275,-1,-1.0,-0.0006363372547691926,-0.0,1.00601838535735,1.0815097724420697,1.0509128056633912,-0.042719453092686765
2023-01-16 09:16:31.553387,4250.1463412256,4328.360268990954,4244.393504426364,4251.073127165863,70119244,83.96676456458954,69.77271158109306,0.0,71.75342433611624,25.13697129070923,23.79539484917385,35.03243437269214,33.16273065618238,2.7416954203690285,44.61205492968366,4340.264103628713,4288.7529491845,51.51115444421339,0,1.0,-0.0017645358097481134,0.0017645358097481134,1.0279966877997289,1.0573050370246575,1.0509128056633912,-0.02180591742737059
2023-04-28 09:16:31.553387,4085.6046089260926,4088.8727711687698,4037.040113694495,4088.8727711687698,117064030,70.27346871902273,0.0,58.09212384046123,50.03905413677327,9.729267772106628,28.13196320642419,19.443348680239488,56.22001393057958,48.60564476826651,26.895027115566297,4213.829785396024,4176.718154359736,37.11163103628769,-1,-1.0,-0.004489750021451244,-0.0,1.0279966877997289,1.0169633989787246,1.0509128056633912,-0.02180591742737059
2023-05-04 09:16:31.553387,4157.732680889598,4177.984567000439,4157.732680889598,4177.984567000439,71903661,64.42451166790761,46.609200385162694,0.0,55.279637920056466,18.91596234772016,27.27500490370741,34.21867989634046,49.3400570806046,18.096703865253883,28.55798989978621,4169.187839033861,4136.57513800486,32.61270102900107,0,1.0,0.015661497778400424,-0.015661497778400424,1.0055857335335958,1.0391268263705162,1.0509128056633912,-0.043131144549316436
2023-05-05 09:16:31.553387,4070.9807552064526,4079.6948684362164,4052.6851737071875,4079.6948684362164,102144159,125.29939329325134,0.0,105.0475071824103,59.352306596903254,14.954968335968747,34.778398273879574,25.1969454827372,58.596540333436955,39.85941690499864,30.72109850274299,4156.4478066247775,4123.65763285595,32.79017376882712,-1,-1.0,-0.02352562509219347,-0.0,1.0055857335335958,1.0146807182300825,1.0509128056633912,-0.043131144549316436
2023-05-11 09:16:31.553387,4077.7330916556975,4150.988510448353,4048.9235631354336,4096.559942498653,104101506,102.06494731291923,49.93306217381087,0.0,66.22313447262539,21.08691521940315,25.308485331897405,31.84221856505423,38.21698494558447,9.099113408507725,33.76438164450068,4128.184771192547,4088.2792367976754,39.90553439487121,0,1.0,0.004865459301904851,-0.004865459301904851,1.0013268904944583,1.0188753126824945,1.0509128056633912,-0.047183662528150094
2023-05-12 09:16:31.553387,4056.0409024284554,4089.201707405178,4056.0409024284554,4076.4349460668905,67532349,40.51904007019766,0.0,0.0,67.21249933669921,20.4461235970011,25.308485331897405,30.420120957824814,37.65443270471944,10.627042496313956,32.38581316716688,4122.543411532747,4081.6212426716825,40.92216886106462,-1,-1.0,-0.00491265762352977,-0.0,1.0013268904944583,1.0138699271102185,1.0509128056633912,-0.047183662528150094
2023-05-15 09:16:31.553387,4098.207687778916,4098.207687778916,4084.511906634898,4084.511906634898,137768738,21.772741712025436,9.005980373738112,0.0,66.03130089575065,21.089407909410966,23.171762216515454,31.938501321830152,35.09208799793105,4.70469782244805,30.349507083052412,4114.5796550834075,4075.14166078935,39.43799429405726,0,1.0,0.00198137850226221,-0.00198137850226221,0.9993428829198956,1.015878787187885,1.0509128056633912,-0.049071552335821056
2023-07-06 09:16:31.553387,4291.305488013254,4291.305488013254,4271.241593263462,4288.954930468377,154060551,38.43129407752713,29.151822615436686,0.0,62.379180296138784,23.607689420494548,16.17802123603334,37.8454627143535,25.934969262548556,18.674212579993664,25.168575750753554,4222.204026726991,4178.887627658412,43.3163990685789,1,1.0,0.008483847602192895,0.0,0.9993428829198956,1.066726804245592,1.0509128056633912,-0.049071552335821056
2023-07-10 09:16:31.553387,4264.347360050374,4264.354596985573,4240.323363919127,4256.472650904243,122064351,24.031233066446475,0.0,12.572526212581579,56.35749501540652,23.607689420494548,10.343800100358035,41.88917448165658,18.35390323421993,39.067179400155624,24.802947660195823,4236.059779073509,4196.446992844317,39.61278622919235,0,-1.0,0.000841017712386094,0.000841017712386094,0.9917743876967746,1.0586479787890894,1.0509128056633912,-0.05627338219490563
2023-07-14 09:16:31.553387,4322.285272631905,4322.285272631905,4315.90894189822,4315.90894189822,51293753,50.753174218286404,0.0,0.0,49.21882838042848,17.331121728051194,7.096311530922451,35.21238172126583,14.417879832637889,41.89883598748097,25.312488144348617,4252.634157325985,4210.668391798403,41.965765527582334,1,1.0,0.010388975773138354,0.0,0.9917743876967746,1.0734306672938843,1.0509128056633912,-0.05627338219490563
2023-07-18 09:16:31.553387,4289.245527793724,4289.245527793724,4236.801645532954,4282.098288465022,83704879,57.049221908368054,0.0,42.0861305364906,43.769261250636774,9.646297726091039,12.746832699870017,22.03897769910544,29.1227960802847,13.845920221071154,25.876603858044877,4265.713507164631,4225.7906747745465,39.922832390084295,0,-1.0,-0.0027370719988007997,-0.0027370719988007997,0.9840048678672877,1.0650214555229618,1.0509128056633912,-0.06366649776797395
2023-07-20 09:16:31.553387,4212.888150865143,4258.69189735036,4212.888150865143,4220.688874305565,75003593,45.803746485216834,0.0,2.1571987148799963,43.54506582634641,8.857537970978033,14.454939461856545,20.341082974362823,33.19535563340625,24.01032454403504,26.23954545450881,4274.38120402743,4232.865976464276,41.51522756315353,-1,-1.0,-0.004534576551244229,-0.0,0.9840048678672877,1.049748021975886,1.0509128056633912,-0.06366649776797395
2023-07-24 09:16:31.553387,4257.9857423477515,4318.045043206786,4257.9857423477515,4267.538989533598,100674381,81.94188099530584,62.82751097495566,0.0,48.828914178201885,11.68246827757964,14.454939461856545,23.925308342807476,29.60323755941617,10.607292092298035,26.96338231559556,4282.23655214699,4245.856984767763,36.37956737922741,0,1.0,0.007420930538836634,-0.007420930538836634,0.973135641206693,1.0614003415982514,1.0509128056633912,-0.07400915093769467
2023-07-25 09:16:31.553387,4260.66667050903,4260.66667050903,4227.462569835447,4227.462569835447,105371871,40.07641969815177,0.0,30.523172512304882,49.15208696671243,11.68246827757964,14.105573676408767,23.76800050319619,28.697812334930095,9.396236453905596,26.410169198657407,4285.683011560654,4249.125613613809,36.55739794684541,-1,-1.0,-0.009390990872360283,-0.0,0.973135641206693,1.051432740678382,1.0509128056633912,-0.07400915093769467
2023-07-26 09:16:31.553387,4287.387915353345,4334.448701471464,4248.7005015465165,4263.368789055977,77703556,106.98613163601749,73.78203096243396,0.0,54.04886107803317,14.87034030236516,14.105573676408767,27.512772713001425,26.097818520253018,2.6393183887715024,25.264819613570115,4288.131950486083,4254.322984454642,33.80896603144083,0,1.0,0.00849356289437897,-0.00849356289437897,0.9648702524333422,1.060363150790543,1.0509128056633912,-0.0818741124538247
2023-08-15 09:16:31.553387,4382.786438243353,4399.237612892253,4357.655511540229,4399.237612892253,61906506,41.58210135202444,0.0,31.76046357046198,86.04511028344476,32.33579317588023,19.22870317260244,37.580047337218296,22.347235199374342,25.418826773168856,25.797138047622802,4346.691239516241,4291.361116615535,55.330122900705646,1,1.0,0.000553659926333383,0.0,0.9648702524333422,1.0941557456294098,1.0509128056633912,-0.0818741124538247
2023-08-18 09:16:31.553387,4408.443280309663,4454.639735688519,4408.443280309663,4454.639735688519,88174439,46.19645537885572,0.0,33.613133119946724,75.62974521602071,25.641467341736707,21.629641252598635,33.903945158742985,28.599384000062468,8.486845788970605,24.155138681627246,4378.274560197096,4321.008858959317,57.26570123777947,0,-1.0,0.0016331465983716598,0.0016331465983716598,0.9770214170012939,1.1079350765752884,1.0509128056633912,-0.07031162648689315
2023-08-23 09:16:31.553387,4521.530022015752,4521.530022015752,4515.07337178361,4515.07337178361,70129804,86.89829899495999,30.79383241128744,0.0,66.38550264902513,31.68097251090681,5.934903873298806,47.722727473197864,8.940060158429725,68.44468642612411,27.90770987142461,4405.078697501112,4352.139910110115,52.93878739099728,1,1.0,0.018139420314258414,0.0,0.9770214170012939,1.1229658196224341,1.0509128056633912,-0.07031162648689315
2023-09-08 09:16:31.553387,4499.398060644254,4501.603467161193,4499.398060644254,4501.603467161193,72368165,52.153632412785555,0.0,27.44356948490622,79.74795023601708,33.45071292280792,19.05273728190702,41.94554571472905,23.891193724126733,27.42291332238566,42.11140840267693,4549.665968695985,4495.842782159298,53.82318653668699,0,-1.0,-0.010973889623628219,-0.010973889623628219,0.9741066503480408,1.1196156542454818,1.0509128056633912,-0.07308518356750471
2023-09-12 09:16:31.553387,4464.405508273786,4475.343439828008,4418.281492100146,4455.680204429014,55528516,57.06194772786148,17.957462212195423,0.0,82.32555493046941,28.69388362593749,28.894148696452508,34.85416363141651,35.09742354103286,0.3477546678342664,35.27783276952816,4554.32474699378,4497.48419747379,56.84054951998951,-1,-1.0,0.0073335628797712715,0.0,0.9741066503480408,1.1081938566073612,1.0509128056633912,-0.07308518356750471
2023-09-18 09:16:31.553387,4321.968669341544,4340.020255589303,4313.996181449961,4313.996181449961,124868115,26.024074139341792,7.449581133603715,0.0,69.51613904008465,19.23550930651923,26.130938313707897,27.670566248547807,37.58974343877208,15.199402573707946,24.517737765214296,4537.993446927347,4485.931312505823,52.0621344215233,0,1.0,-0.00428717599813222,0.00428717599813222,1.005695845384549,1.0729549353560717,1.0509128056633912,-0.04302636720683861
2023-09-26 09:16:31.553387,4120.775799221482,4146.9413716167,4075.6537652478696,4146.9413716167,86857300,190.38345706965583,0.0,190.38345706965583,72.4324993740224,6.181758612126422,43.71222402320359,8.534509599351866,60.34891022810789,75.22042424511083,26.478864968407404,4453.455751169915,4406.688221962706,46.76752920720901,-1,-1.0,-0.027917208522650117,-0.0,1.005695845384549,1.031405922527478,1.0509128056633912,-0.04302636720683861
2023-10-06 09:16:31.553387,4299.299812043711,4332.744261915146,4299.299812043711,4304.104029593038,125421306,132.37715030588151,83.11705747812084,0.0,82.01610143158382,20.977077238474067,30.32029948288732,25.57677928153257,36.96871584194953,18.213840242092783,41.629043850770486,4313.040022827697,4262.068727907078,50.971294920618675,0,1.0,0.024697107473548696,-0.024697107473548696,0.9677839586284944,1.070494610239926,1.0509128056633912,-0.07910156445607441
2023-11-02 09:16:31.553387,4070.1409364047518,4090.008535131741,4054.4728786910678,4054.4728786910678,69594264,35.53565644067339,16.813741021507212,0.0,68.36866020618199,12.14345764468437,30.50245956541968,17.761731190962173,44.61468086903012,43.04984655456193,27.421102730099317,4221.150713949747,4181.75495548665,39.39575846309708,-1,-1.0,-0.004596371243093422,-0.0,0.9677839586284944,1.008407634704203,1.0509128056633912,-0.07910156445607441
2023-11-13 09:16:31.553387,4074.757946138968,4143.188713451778,4074.757946138968,4085.2383272556553,98595592,84.05093856832718,84.05093856832718,0.0,70.1923072041542,22.654945777153607,27.09021419771349,32.27553941383026,38.59427802953057,8.915979811504734,36.36385847595108,4119.405510117316,4079.0900248688245,40.31548524849177,0,1.0,0.00643007304006904,-0.00643007304006904,0.9595605573471322,1.0160594587873486,1.0509128056633912,-0.08692657261759473
2023-11-14 09:16:31.553387,4021.4133808355373,4036.0459805155206,4021.4133808355373,4036.0459805155206,49554441,63.82494642011807,0.0,53.3445653034305,70.17651869815738,22.43813099484698,30.900540290815666,31.973844543867543,44.032592189026644,15.86542951294584,36.879039361845734,4109.466795253146,4068.628397266972,40.838397986174186,-1,-1.0,-0.0120414876194459,-0.0,0.9595605573471322,1.0038245913937398,1.0509128056633912,-0.08692657261759473
2023-11-22 09:16:31.553387,3948.789115298497,3972.4033324929537,3907.4519005482703,3972.4033324929537,42009722,82.45872194533695,0.0,45.05420788831634,67.1828111045022,20.3021298929973,28.34391669424755,30.219232507876953,42.18923892624687,16.531223738454496,24.811988616894478,4050.1193638926657,4007.1472618053567,42.97210208730894,0,1.0,-0.00438789027051234,0.00438789027051234,0.974651100525444,0.9879957194099005,1.0509128056633912,-0.07256710997046689
2024-01-22 09:16:31.553387,3796.3014966559745,3876.5968277918437,3787.198779601061,3849.4169067087387,102731947,89.3980481907829,0.0,28.037130279492885,59.09648053331365,8.240237630586146,21.475310133839848,13.943702833438598,36.33940623880954,44.53921767882766,25.7390009073937,3921.9054794427893,3877.5160465994327,44.389432843356644,-1,-1.0,0.00252873294264222,0.0,0.974651100525444,0.9574071683364448,1.0509128056633912,-0.07256710997046689
2024-01-31 09:16:31.553387,3894.9309165915765,3946.541306937055,3882.9811081572598,3884.7511515546125,112051605,102.52951719259681,94.6630846053863,0.0,58.609660813059236,20.24960383373439,14.478197942472272,34.549942028025576,24.70274992488317,16.618978443997936,30.338607125643847,3894.336727312732,3847.6310400678462,46.70568724488567,0,1.0,0.010598136540278968,-0.010598136540278968,0.9651601238207531,0.9661953199248678,1.0509128056633912,-0.08159828425395055
2024-02-01 09:16:31.553387,3949.5560583510755,3979.402236842477,3927.926437601742,3952.5670225657145,91086993,94.65108528786459,32.860929905421926,0.0,60.91701076207398,19.72875862166984,14.478197942472272,32.386288123567404,23.767085353252728,15.349394411490957,29.42495368046819,3894.912685532454,3848.5743480207066,46.33833751174734,1,1.0,0.01745694083492655,0.0,0.9651601238207531,0.9830621344597792,1.0509128056633912,-0.08159828425395055
2024-02-05 09:16:31.553387,3903.684161803545,3925.6882463762604,3841.092464570439,3925.6882463762604,83749084,154.82861087048286,0.0,126.71969833727599,71.9028434394621,20.560516416318347,20.887578632334225,28.594858607544598,29.0497254811909,0.7890886556594824,27.41945231566708,3892.2950527904914,3844.46296422025,47.83208857024147,0,-1.0,-0.017576130193440287,-0.017576130193440287,0.9585967125472552,0.9763769835334024,1.0509128056633912,-0.08784372273193608
2024-02-23 09:16:31.553387,3676.9524452739884,3680.5149981353684,3676.9524452739884,3680.5149981353684,108939634,34.54461530946401,0.0,29.672137305396063,41.893436631968015,6.286904878180751,28.527302727809165,15.006896983436647,68.09492135586835,63.88310801536631,25.40237506557549,3845.5730423947434,3814.354072308744,31.218970085999445,-1,-1.0,-0.008347591805236032,-0.0,0.9585967125472552,0.9153987546122706,1.0509128056633912,-0.08784372273193608
2024-02-28 09:16:31.553387,3809.176349375932,3823.4117037705305,3798.297889017085,3816.6276440773277,112461746,25.113814753445695,15.805952399939542,0.0,52.07909129609324,19.92784553470915,26.689601447261925,38.26457996628688,51.248208797498876,14.504775251136842,28.468845387982373,3835.299064021069,3805.662164527498,29.636899493571036,0,1.0,0.0030579262383332306,-0.0030579262383332306,0.9236666262102858,0.949251991630833,1.0509128056633912,-0.12108157667065522
2024-02-29 09:16:31.553387,3790.4600696330067,3803.6770456136546,3788.5047891063828,3788.5047891063828,104797154,28.1228549709449,0.0,9.79309991070204,52.39825352946036,18.69056444397152,27.38910858374064,35.67020498777302,52.27103336247916,18.877182862252173,29.019217909823038,3826.5128044596286,3798.6910821027295,27.821722356899045,-1,-1.0,-0.00736850895438701,-0.0,0.9236666262102858,0.9422574198305315,1.0509128056633912,-0.12108157667065522
2024-03-01 09:16:31.553387,3814.6908684914665,3824.765343769438,3788.330650492058,3819.758969562984,109726199,36.43469327738012,21.088298155783377,0.0,49.16518054761741,20.196871455098908,21.76895472098152,41.07962429943251,44.2771784391148,3.746103458767753,29.024001344090212,3817.133436590887,3789.7170064819475,27.416430108939494,0,1.0,0.0082497402527959,-0.0082497402527959,0.9160466164638746,0.950030798795403,1.0509128056633912,-0.12833242536651934
2024-03-05 09:16:31.553387,3858.4902090673427,3858.4902090673427,3785.597878499902,3812.006277482435,132465133,72.8923305674407,44.87175865213658,0.0,51.8025353502699,21.413879503506678,19.957808430472728,41.33751245709079,38.526702014728215,3.5194867450357257,29.444938090970933,3810.512586129288,3783.1275387968826,27.38504733240552,1,1.0,0.0024898204935939194,0.0,0.9160466164638746,0.9481025891076222,1.0509128056633912,-0.12833242536651934
2024-04-19 09:16:31.553387,4202.3248122666555,4237.976901628948,4202.3248122666555,4219.580568808816,109580062,57.620765615461096,0.0,16.9268159881849,72.81297069082095,27.40053112881073,20.623980834107897,37.631387469629686,28.324597442510097,14.110607308066433,28.37254401583953,4237.452004714051,4191.63181276236,45.82019195169141,0,-1.0,-0.009475475293130087,-0.009475475293130087,1.0139890182727633,1.0494723699348065,1.0509128056633912,-0.03513496761257906
2024-04-22 09:16:31.553387,4261.680946004207,4269.71675630827,4261.680946004207,4269.71675630827,82773808,50.136187499454536,31.73985467932198,0.0,71.33537775547094,29.667663605905155,15.565231648796855,41.588990679494714,21.819792841292003,31.177380704239432,28.73147074729005,4243.599847441471,4197.378412304231,46.221435137240405,1,1.0,0.011881794098224319,0.0,1.0139890182727633,1.0619419845461473,1.0509128056633912,-0.03513496761257906
2024-04-30 09:16:31.553387,4370.9348101277155,4370.9348101277155,4247.414081344529,4351.340273757444,107984563,123.52072878318631,0.0,85.06602353674043,69.9318193150121,20.19419342940312,21.641376187135457,28.87697421174924,30.94639378628285,3.45921609529187,27.59728888846745,4302.465591924485,4248.848995032875,53.61659689161024,0,-1.0,-0.0038959154123714423,-0.0038959154123714423,1.0333732901226407,1.0822429658647672,1.0509128056633912,-0.016689791432961565
2024-05-01 09:16:31.553387,4347.0750084609335,4447.8466713479165,4309.34975424022,4360.995128850311,149843679,138.4969171076964,76.91186122020099,0.0,71.03480599566514,23.059797644246437,21.641376187135457,32.46267420742115,30.465876388057016,3.1731190381296015,25.68066135197659,4317.859898453235,4260.1035441020795,57.756354351155096,1,1.0,0.0022188232786790607,0.0,1.0333732901226407,1.0846442717506146,1.0509128056633912,-0.016689791432961565
2024-05-02 09:16:31.553387,4353.374444484669,4353.374444484669,4314.817439509973,4346.233181867295,94497571,46.177689340337565,0.0,0.0,67.87660633869804,23.059797644246437,16.967664328999035,33.97311516898792,24.997808883272608,15.219884086878674,24.707850640253895,4326.655959246133,4267.707279606291,58.94867963984143,0,-1.0,-0.0033849950634794457,-0.0033849950634794457,1.0298753266368441,1.0809727562451075,1.0509128056633912,-0.020018291634829932
2024-06-07 09:16:31.553387,4758.03641570318,4763.531504535611,4673.428457031193,4749.628606260848,82779006,90.1030475044181,0.0,66.48724465095347,82.44974229398973,36.89483775735899,11.882988219236722,44.74827541098146,14.41240189310203,51.27708961470179,25.42543259592473,4583.204370625764,4530.814537394001,52.38983323176308,1,1.0,-0.002107055889131959,-0.0,1.0298753266368441,1.181303190788433,1.0509128056633912,-0.020018291634829932
2024-06-12 09:16:31.553387,4569.593530061851,4611.754368635644,4569.593530061851,4605.261746301506,92737367,79.41610166395094,0.0,72.97047371934514,83.27345731552052,30.15860791775919,19.472874948820586,36.21635139212387,23.38425180911905,21.530150524948407,31.6106577427952,4625.6877092781415,4572.5497855140065,53.13792376413494,0,-1.0,-0.009410151599977712,-0.009410151599977712,0.9985718544326855,1.1453970081262193,1.0509128056633912,-0.049805227368663885
2024-06-18 09:16:31.553387,4659.434315443062,4660.62015668805,4659.434315443062,4660.62015668805,101490191,73.57899934950092,73.57899934950092,0.0,69.45151818009695,19.1036647947732,18.55279356772248,27.506475445554514,26.713301672704453,1.4628864503077286,30.24257254943306,4660.175648724287,4611.928112936001,48.24753578828677,1,1.0,0.01604062331810252,0.0,0.9985718544326855,1.1591654671464464,1.0509128056633912,-0.049805227368663885
2024-06-19 09:16:31.553387,4612.4233036152855,4616.424397057416,4612.4233036152855,4616.424397057416,120512642,48.1968530727645,0.0,47.0110118277762,70.77586370988463,19.1036647947732,21.654096645580662,26.991779108596255,30.595312456153646,6.25753662781466,28.791239524150424,4664.883545997422,4619.523814554346,45.35973144307536,-1,-2.0,-0.00948280661044909,-0.00948280661044909,0.9891025906504628,1.148173325191986,1.0509128056633912,-0.05881574063978656
2024-06-20 09:16:31.553387,4658.389896113407,4664.078981027004,4658.389896113407,4664.078981027004,152840238,47.6545839695882,47.6545839695882,0.0,64.3063266614446,16.17039121649181,21.654096645580662,25.14587919416474,33.67335341603886,14.497765175526661,27.391816971804822,4673.669459240164,4630.075439533325,43.59401970683848,0,1.0,0.010322834269735681,-0.010322834269735681,0.9788922485314119,1.1600257281408741,1.0509128056633912,-0.06853142976644588
2024-08-02 09:16:31.553387,4980.636742162967,5028.687406656867,4823.2687615483555,4959.925509254629,99193321,205.41864510851156,108.63725149013135,0.0,68.71518918070979,34.36797141815662,12.721177774441198,50.01510121404809,18.512905117653926,45.96981261049879,27.02643728694343,4810.3096112156645,4759.772966628829,50.53664458683579,1,1.0,0.019734062201867353,0.0,0.9788922485314119,1.2336071545535188,1.0509128056633912,-0.06853142976644588
2024-08-08 09:16:31.553387,4751.908822033609,4800.480230280027,4751.908822033609,4800.480230280027,82576139,86.10245638811466,0.0,81.63357136671584,77.71944871926085,30.2316120026913,18.277485996505156,38.898387084414736,23.517261506225186,24.64305975424272,32.78285197738346,4831.984085630678,4786.761609233946,45.22247639673242,0,-1.0,-0.007757536306103874,-0.007757536306103874,0.947424084874127,1.1939507450901414,1.0509128056633912,-0.09847507826678037
2024-08-12 09:16:31.553387,4884.865336744982,4884.865336744982,4880.2281674873,4880.2281674873,114764744,88.26055677521799,88.26055677521799,0.0,74.69415109107922,34.157334750093206,15.727673167279656,45.72959763401427,21.056097348374607,36.94428918070848,35.13086390564873,4834.959360456218,4793.197554915399,41.761805540818386,1,1.0,0.017433870696777154,0.0,0.947424084874127,1.213785241740588,1.0509128056633912,-0.09847507826678037
2024-10-17 09:16:31.553387,5732.604664558192,5732.604664558192,5602.875684300974,5679.598675381718,113666490,129.7289802572177,0.0,122.39923491017453,77.51533964814507,32.86028097146443,23.64190601194241,42.391971860824796,30.499648352515678,16.315076374352028,34.61064479446502,5698.676855796002,5639.521925483632,59.1549303123702,0,-1.0,-0.007978000091517723,-0.007978000091517723,1.1026100405150445,1.4126005618170034,1.1237409599890513,-0.018804084060629722
2024-10-18 09:16:31.553387,5712.905347443373,5862.169985494959,5712.905347443373,5741.830210150602,111814886,182.57131011324145,129.56532093676742,0.0,87.56557795146325,42.1149467526621,21.029657259558785,48.09532208650071,24.01589500296032,33.39206860656297,35.68240656676553,5712.850993674754,5647.440304830165,65.41068884458946,1,1.0,0.010957030298395454,0.0,1.1026100405150445,1.4280784689723627,1.1237409599890513,-0.018804084060629722
2024-10-21 09:16:31.553387,5668.224748195158,5738.956024125794,5648.887762970657,5648.887762970657,95597725,92.9424471799457,0.0,64.01758447271641,92.84722422290335,42.1149467526621,25.602341864752816,45.3594031541045,27.574698198072017,24.38462204415952,35.73934630951734,5720.476588757885,5652.297969783194,68.17861897469083,0,-1.0,-0.016186902743247078,-0.016186902743247078,1.0847621990254999,1.4049623016853818,1.1237409599890513,-0.034686606924011376
2024-10-29 09:16:31.553387,5765.100825846897,5849.169949737054,5765.100825846897,5765.512283586574,82325617,184.88446279571872,166.1441003650216,0.0,99.61016166910895,35.61757688597494,28.34327425431723,35.756971265935256,28.454199631228015,11.373054770178415,26.28721928789594,5757.344663843275,5678.843547101373,78.50111674190248,1,1.0,0.017871061915684106,0.0,1.0847621990254999,1.4339685524364725,1.1237409599890513,-0.034686606924011376
2024-10-30 09:16:31.553387,5703.960605314583,5726.807071831983,5676.883590134805,5676.883590134805,84539405,88.62869345176932,0.0,88.21723571209259,101.15866309396162,35.61757688597494,32.28047968132387,35.209616059171736,31.910741694302562,4.914864096799928,23.998215092680145,5761.460925924345,5682.808313752291,78.65261217205443,0,-1.0,-0.015372214834071252,-0.015372214834071252,1.0680870014582002,1.4119252797831168,1.1237409599890513,-0.04952561178458181
2024-12-18 09:16:31.553387,5832.317985714925,5832.317985714925,5812.6796128350725,5812.6796128350725,123342415,121.61460617659668,107.70251713814287,0.0,86.42157452330866,37.19462095620903,17.594066507220695,43.03858285546199,20.35841930011981,35.77482023469039,25.43737955866609,5543.392486055862,5488.750935454687,54.64155060117446,1,1.0,0.01785703555574769,0.0,1.0680870014582002,1.4456997678979866,1.1237409599890513,-0.04952561178458181
2024-12-30 09:16:31.553387,5620.682000370955,5620.682000370955,5572.595883012289,5572.595883012289,97010886,106.77313715176024,0.0,70.6541817396037,92.4878139733926,29.791792603080857,30.8326952474392,32.21158693582218,33.337035359392665,1.7169673200784294,31.212498935634756,5687.4398436032425,5621.5096361252845,65.93020747795799,-1,-2.0,-0.018800176000656532,-0.018800176000656532,1.0239713219153108,1.3859873778129612,1.1237409599890513,-0.0887834844737817
2025-01-06 09:16:31.553387,5402.40258190163,5472.764486846366,5402.40258190163,5414.912678847977,88954774,101.38246450309634,88.91000097475535,0.0,96.69434362093229,26.902105107553716,38.3656199687967,27.821798152968668,39.67721226714171,17.563833959024812,24.729885873567802,5666.581210615531,5606.814308352003,59.76690226352821,0,1.0,0.00810418181459327,-0.00810418181459327,1.0527663477532332,1.3467692225307766,1.1237409599890513,-0.06315922865044421
2025-02-06 09:16:31.553387,5501.173226375623,5537.74774544698,5441.388363879836,5515.914664098109,137597490,105.44449443569101,0.0,105.44449443569101,74.63131558359302,34.17891413497,18.57043144596147,45.797014118941654,24.88289439995347,29.589907736506376,25.688201669990317,5431.9902152769055,5372.518430663926,59.47178461297972,1,1.0,-0.005574026657584774,-0.0,1.0527663477532332,1.371889916661403,1.1237409599890513,-0.06315922865044421
2025-03-26 09:16:31.553387,6229.5855241319005,6258.234176262168,6195.618605110104,6244.9486864242435,73095806,133.2625045260993,0.0,53.953217900691016,86.19305577238167,25.980529734907186,31.698063908521622,30.14225392300336,36.77565857768143,9.91274892893617,30.658800765925466,6248.128011464527,6198.754321080929,49.37369038359793,0,-1.0,-0.013261810698918963,-0.013261810698918963,1.1919096325592216,1.553211507918446,1.2212113872627308,-0.02399400710567179
2025-04-15 09:16:31.553387,6766.576175213211,6766.576175213211,6754.105491442976,6754.105491442976,114836445,48.34150090600451,48.34150090600451,0.0,97.09462666685224,57.842425399195044,7.893636556518686,59.57325073988079,8.129838722798803,75.98384715580737,28.479206465031467,6502.578357810041,6448.947665266403,53.63069254363745,1,1.0,0.005339321841934419,0.0,1.1919096325592216,1.6798463689236696,1.2212113872627308,-0.02399400710567179
2025-04-29 09:16:31.553387,6775.296099398991,6816.137566912928,6664.047668046245,6757.193528505488,103716752,282.33616852338946,0.0,229.06686165407427,120.24805473145645,53.755458068240905,28.436145908465082,44.70380680027639,23.647905134074733,30.805229408774636,51.49180600812178,6760.976679786027,6687.668542920272,73.30813686575493,0,-1.0,-0.027235798152722812,-0.027235798152722812,1.192454584237156,1.6806144096143478,1.2258413518637787,-0.027235798152722923
2025-04-30 09:16:31.553387,6901.8860341852715,6901.8860341852715,6835.538398777379,6843.46481364981,118397430,144.6925056797836,85.74846727234308,0.0,119.77773495030131,49.07484982941144,28.436145908465082,40.9715961399452,23.740761102440224,26.626807879931608,50.69092301237588,6778.81713870938,6707.09453697171,71.72260173766972,1,1.0,0.012767324893150356,0.0,1.192454584237156,1.7020713598020043,1.2258413518637787,-0.027235798152722923
2025-05-01 09:16:31.553387,6770.450318755217,6788.083416151982,6706.631746737109,6732.863286703033,120378464,136.83306691270082,0.0,128.90665204027027,111.6594343582783,34.42693537106009,37.64376391134153,30.832088277104653,33.71301684240591,4.463434616717995,47.80893471449219,6792.083968577337,6717.41963021057,74.66433836676697,0,-1.0,-0.01616162718133274,-0.01616162718133274,1.1731825778160438,1.6745631170488602,1.2258413518637787,-0.04295725051832533
2025-05-02 09:16:31.553387,6675.278638312346,6716.782024688163,6675.278638312346,6716.782024688163,88115782,57.58464839068711,0.0,31.353108424763377,112.79237228945333,34.42693537106009,39.82518291659608,30.5223967474609,35.308400832633204,7.270159653389184,43.72284686236485,6801.252120654816,6726.79189122794,74.46022942687614,-1,-1.0,-0.0023884729765164536,-0.0,1.1731825778160438,1.6705634682963177,1.2258413518637787,-0.04295725051832533
2025-05-14 09:16:31.553387,6764.14905705599,6764.14905705599,6714.935159054337,6719.596529906552,110111157,57.13631694695141,45.07145249295445,0.0,101.21274734641045,30.080703329820153,44.16083467978628,29.720271525548085,43.631692486956744,18.965301268602815,23.277342658219943,6787.60471016114,6716.990853940723,70.61385622041689,0,1.0,0.0018762137907180065,-0.0018762137907180065,1.1721349417257605,1.6712634775540083,1.2258413518637787,-0.04381187668074882
2025-05-21 09:16:31.553387,6557.620796132744,6586.3052165767,6557.620796132744,6568.912358451739,77319596,32.881395876352144,0.0,0.0,90.40303474187665,15.599158606066405,40.300803347321434,17.255127165372176,44.579038151086785,44.18901887957005,26.293733769997118,6750.625934445396,6675.757611518359,74.86832292703639,-1,-1.0,-0.0032759011268570504,-0.0,1.1721349417257605,1.6337860856783064,1.2258413518637787,-0.04381187668074882
2025-05-22 09:16:31.553387,6675.685187482976,6759.182007565301,6636.23494913201,6674.06164351556,93064568,190.26964911356208,172.876790988601,0.0,99.88053479351058,27.947500819537904,38.06129560269547,27.980928293301154,38.106819993887726,15.321889401623748,26.868857323442448,6743.539997532882,6664.44395969339,79.09603783949206,0,1.0,0.016007107314886415,-0.016007107314886415,1.1533724519260282,1.6599382748813272,1.2258413518637787,-0.05911768258393979
2025-07-10 09:16:31.553387,7235.99643642279,7250.159475087767,7156.771930876076,7250.159475087767,94228497,93.38754421169051,0.0,44.723187694036824,126.26460685121135,60.87397186805064,23.87445797161185,48.21142946240174,18.908274113382554,43.65805238685723,25.68887805579981,7140.9278523366975,7052.545791661219,88.3820606754789,1,1.0,0.005043081366813418,0.0,1.1533724519260282,1.8032223636089095,1.2258413518637787,-0.05911768258393979
2025-08-27 09:16:31.553387,7855.0611698558805,8012.776068969833,7852.42360790227,7852.42360790227,53970565,160.35246106756313,0.0,37.045466679724996,92.65415174749803,30.136841373103575,24.826975333583636,32.52616402471934,26.795318790724394,9.66065742460332,37.5376172422426,7968.5121172963145,7899.987881350155,68.52423594615993,0,-1.0,-0.01511551847870618,-0.01511551847870618,1.249182049212571,1.9530144001595955,1.2890742424051072,-0.03094638918399828
2025-08-29 09:16:31.553387,7871.182659087162,7898.117295169216,7839.382805669445,7898.117295169216,91463916,132.27105785567437,0.0,132.27105785567437,102.99180302860285,27.855323273572917,34.27490803756037,27.046155572047752,33.279258183334804,10.332465578374753,36.9394986805331,7995.199670863922,7925.830468153859,69.36920271006238,-1,-1.0,-0.009224756821463953,-0.0,1.249182049212571,1.9643790989691359,1.2890742424051072,-0.03094638918399828
2025-09-11 09:16:31.553387,7887.233499018891,7890.82924244582,7838.7250220253045,7838.7250220253045,118130883,121.35283311564035,20.077091850221223,0.0,139.69890056002922,29.770543454345248,57.97702135982685,21.310506621741606,41.50141563563263,32.14502643488287,38.48035266165997,7893.665036120126,7830.621625196953,63.043410923173724,0,1.0,0.008912905972912943,-0.008912905972912943,1.256389238881787,1.9496073583575442,1.318237631359773,-0.046917483621059186
2025-09-12 09:16:31.553387,7772.267239159216,7806.191231401993,7772.267239159216,7806.191231401993,101445040,66.45778286608856,0.0,66.45778286608856,141.8062628471693,29.430417866844632,62.72400585026175,20.753961973148574,44.232183114410184,36.128040999552056,36.68856003617825,7881.627538311545,7817.897241578707,63.730296732838724,-1,-1.0,-0.004150393148362519,-0.0,1.256389238881787,1.94151572133542,1.318237631359773,-0.046917483621059186
2025-09-22 09:16:31.553387,7728.574240975197,7806.900910413269,7728.574240975197,7770.26083749544,125359209,214.35513252831515,206.40900874281306,0.0,154.8853171541907,58.31959263197599,57.247779128541424,37.6534029845566,36.961398394884895,0.9274360808824335,39.30615077824655,7752.949263091154,7681.60426313188,71.34499995927399,1,2.0,0.023406518025629985,-0.023406518025629985,1.2592893266744016,1.9325792986197265,1.318237631359773,-0.04471751016891068
2025-09-29 09:16:31.553387,8029.556783577203,8058.630812762922,7871.293973441392,8058.630812762922,61162826,187.33683932152962,0.0,58.03497105754013,149.9517553803235,63.15593180702386,43.83831630786803,42.1175008234089,29.234947064594646,18.05481681446306,24.37266521107312,7758.817096999623,7687.371070296857,71.44602670276527,0,-1.0,0.006587894755051726,0.006587894755051726,1.3060240810902843,2.0043011952459215,1.318237631359773,-0.009265059636395234
2025-10-17 09:16:31.553387,7652.636377896609,7652.636377896609,7574.722101239792,7579.881898854708,110428987,88.44743134495366,0.0,87.4746524910488,98.7710535826099,14.411147155159986,55.032060280312116,14.590456041968638,55.71678977210113,58.49515687030704,26.05047572854931,7881.685287641051,7809.892259957193,71.79302768385787,-1,-1.0,-0.010868562071593035,-0.0,1.3060240810902843,1.8852292284734504,1.318237631359773,-0.009265059636395234
2025-11-13 09:16:31.553387,7435.332918967552,7435.332918967552,7385.441515394662,7385.441515394662,102753238,84.24480740507352,84.24480740507352,0.0,88.49816269399123,25.701732263825697,40.41348423508329,29.04210831212066,45.665901985812916,22.251688416539274,47.146189483905644,7427.777428435288,7368.7814293040965,58.99599913119164,0,1.0,0.004673240656461353,-0.004673240656461353,1.3389094061492481,1.8368690166672677,1.3686060132115654,-0.021698433863103772
2025-11-18 09:16:31.553387,7304.3574403164785,7324.3993700021765,7304.3574403164785,7324.3993700021765,83712036,76.9561292631779,0.0,59.172106762765,89.5279691771794,25.701732263825697,39.73359569428307,28.708047887203776,44.38120964818123,21.443865062371916,40.33417182918832,7390.475198913181,7335.185610754236,55.28958815894475,-1,-1.0,-0.007710578752816888,-0.0,1.3389094061492481,1.8216869283183679,1.3686060132115654,-0.021698433863103772
2025-12-05 09:16:31.553387,7218.765026111743,7287.066796910846,7218.765026111743,7252.190426249452,110556786,184.36558967221754,100.41939674430432,0.0,101.87327874772271,29.10917803630738,40.601777788684366,28.57390907029984,39.85517918710551,16.48607398416538,25.956452084593728,7268.201988726219,7208.565113850404,59.63687487581501,0,1.0,0.021046812282976557,-0.021046812282976557,1.350022018188428,1.803727491332892,1.3838342933720182,-0.02443376012976184
2025-12-08 09:16:31.553387,7146.174043570713,7163.462626772809,7146.174043570713,7163.462626772809,62006594,106.01638267873841,0.0,72.59098254102992,103.94901113454846,29.10917803630738,41.56026891570328,28.003323666667058,39.981399016782305,17.618775038456203,25.683231368599746,7255.586010786154,7198.526494155316,57.05951663083761,-1,-1.0,-0.012234620750648073,-0.0,1.350022018188428,1.7816595695389161,1.3838342933720182,-0.02443376012976184
2025-12-09 09:16:31.553387,7168.132717413327,7183.220874979715,7148.776788694559,7183.220874979715,97434730,34.44408628515521,19.75824820690559,0.0,101.16494031669468,30.52048147965778,37.747472626459704,30.16903028273833,37.31280076703653,10.586213167554575,24.426415197701346,7245.813953421532,7194.723732632536,51.090220788995794,0,1.0,0.0027581979883668506,-0.0027581979883668506,1.3462983901736096,1.7865737393795729,1.3838342933720182,-0.027124564970090526
2025-12-26 09:16:31.553387,7422.492916026606,7543.976669336549,7400.359586514252,7424.532216411097,69869494,143.61708282229665,0.0,28.144955281230978,106.1283694444413,49.991999003562604,16.59014606773274,47.10521726213239,15.63215015417509,50.16638154277483,25.19434456400223,7301.279646650667,7224.500166279768,76.77948037089936,1,1.0,-0.007996862133748173,-0.0,1.3462983901736096,1.8465914547080025,1.3838342933720182,-0.027124564970090526
2026-01-12 09:16:31.553387,7565.4654920310395,7565.4654920310395,7485.451951015111,7505.943982536561,116182255,110.6423818683179,0.0,31.322340310574873,141.34033348597404,46.03627568841681,34.66760114306557,32.571223339433566,24.527748228714785,14.086900148663432,38.43839386704338,7561.152797768518,7469.622560138147,91.53023763037163,0,-1.0,-0.011867987204504327,-0.011867987204504327,1.3610608730454108,1.8668397703268196,1.415056629137266,-0.03815801783478823
2026-01-14 09:16:31.553387,7387.182285866893,7501.037229479293,7387.182285866893,7456.940667384341,90340321,124.35068521501944,0.0,124.35068521501944,131.39439083046332,30.923103996708182,43.54979294413839,23.534569323136413,33.14433186141879,16.954743894895767,34.471444521988936,7587.085526367165,7497.847067943183,89.23845842398168,-1,-1.0,-0.007267797919245256,-0.0,1.3610608730454108,1.8546519178972165,1.415056629137266,-0.03815801783478823
2026-01-28 09:16:31.553387,7556.119825843694,7645.691571792849,7521.31776245472,7521.31776245472,81790265,161.15741180048462,137.24247866613132,0.0,111.29508989414224,39.9667072802457,44.120015736238074,35.910575496421124,39.64237396115372,4.9393153960562595,27.116287106547386,7563.354172403985,7491.898976106793,71.45519629719183,0,1.0,0.004914614814503393,-0.004914614814503393,1.347592881285813,1.8706634577721621,1.415056629137266,-0.04767565231123261
2026-01-29 09:16:31.553387,7464.356040164186,7484.354634254504,7464.356040164186,7473.899602914812,95119432,56.961722290533544,0.0,56.961722290533544,106.34031711348896,39.9667072802457,41.95329208358875,37.58377665696846,39.451915531543115,2.4250302963504136,26.927284226947332,7553.117900997357,7481.254848987046,71.86305201031064,-1,-1.0,-0.006304501556444242,-0.0,1.347592881285813,1.8588698570910542,1.415056629137266,-0.04767565231123261
2026-01-30 09:16:31.553387,7508.997614703017,7549.996798363976,7434.439925127101,7475.531665779696,105894385,115.55687323687562,65.6421641094721,0.0,106.69135221124309,44.65543328806513,39.71598206140483,41.854782381659014,37.22511828584695,5.854413140043809,26.339249440617355,7540.431820477779,7467.525277834956,72.9065426428233,0,1.0,0.00021836831528321277,-0.00021836831528321277,1.3472986096986388,1.859275775370078,1.415056629137266,-0.04788360977464057
2026-02-03 09:16:31.553387,7572.7739248326225,7572.7739248326225,7535.255308632568,7535.255308632568,59446454,49.47716218178266,34.12584357133619,0.0,106.67779287987352,45.902061467343565,34.167368461460164,43.02869437787527,32.028567088873835,14.655647000756305,25.476206228306175,7516.437323062573,7438.158922247343,78.27840081523027,1,1.0,0.0015895353272645796,0.0,1.3472986096986388,1.8741299325508325,1.415056629137266,-0.04788360977464057
2026-02-05 09:16:31.553387,7486.861238876422,7519.135289303397,7486.861238876422,7519.135289303397,93348412,95.45768612461688,0.0,70.77207287894907,103.13567163433059,46.58384719365904,28.03332496992737,45.16754140974902,27.181017513823964,24.860929040653765,24.91054324717473,7498.401426970624,7435.491578075593,62.909848895031246,0,-1.0,-0.008333022696962455,-0.008333022696962455,1.344416361023451,1.8701206442784781,1.415056629137266,-0.049920453117754726
2026-03-04 09:16:31.553387,7926.7768642768815,7926.7768642768815,7918.7401097026905,7918.7401097026905,108771585,73.59956155098007,21.79815092444096,0.0,93.38227668142319,50.156321845757375,9.967691798121061,53.71075072078973,10.674072374703586,66.8428929007938,26.70905202619835,7636.235459610674,7579.679746422858,56.555713187815854,1,1.0,0.008348570833111246,0.0,1.344416361023451,1.9695082992984658,1.415056629137266,-0.049920453117754726
2026-03-12 09:16:31.553387,7694.0035728114735,7729.279440713619,7636.917598368771,7696.236356217071,75535595,134.80344301681816,0.0,123.18813264882192,107.33900454820657,32.89055283161925,34.90525394259573,30.641753172629727,32.51870472389147,2.9717193538033557,36.14586838904597,7760.283500622178,7691.844969512764,68.43853110941382,0,-1.0,-0.009712737341774136,-0.009712737341774136,1.3066404418202604,1.9141683104815532,1.415056629137266,-0.07661614742803957
2026-03-13 09:16:31.553387,7508.704765700391,7569.321014601804,7361.095833397493,7540.6935521146925,128492554,335.1405228195781,0.0,275.82176497127784,126.97833626736903,28.591275777954706,54.60680858340129,22.516656477331804,43.004822860822266,31.26938919945893,37.74044434330539,7767.296220226766,7693.313941676407,73.9822785503593,-1,-1.0,-0.020210242630702258,-0.0,1.3066404418202604,1.8754825044907195,1.415056629137266,-0.07661614742803957
2026-03-17 09:16:31.553387,7803.33674891078,7803.33674891078,7689.504407631499,7779.736905541837,117645729,223.10977813281715,137.9501224837004,0.0,136.98532093411242,31.988867963913176,54.60680858340129,23.35204074843849,39.86325557441751,26.119018317421467,38.22903185387885,7783.489724723593,7701.948636653532,81.54108807006105,0,1.0,0.026319783765445415,-0.026319783765445415,1.2655799527272382,1.934936137511209,1.415056629137266,-0.10563299964974615
