date,open,high,low,close,volume,typical_price,money_flow,positive_mf,negative_mf,money_ratio,mfi,ema12,ema26,macd_line,signal_line,macd_histogram,position,signal,daily_return,strategy_return,cumulative_return,benchmark_return,cum_max,drawdown
2021-04-05 09:57:40.257004,4038.730775980713,4046.8641060275986,4020.6685661204488,4020.6685661204488,135695500,4029.400412756165,546771503709.15424,0.0,0.0,,,4020.6685661204488,4020.6685661204488,0.0,0.0,0.0,0,,,,,,,
2021-04-22 09:57:40.257004,4160.68469846052,4206.549739317519,4148.043283478694,4148.043283478694,94861097,4167.54543542497,395337931801.75525,0.0,395337931801.75525,1.1604247431440284,53.7128056335479,4164.929268401005,4116.693819428338,48.235448972666745,41.339546056028766,6.895902916637979,1,1.0,-0.01782008438613858,-0.0,1.0,1.0316799843766158,1.0,0.0
2021-04-23 09:57:40.257004,4085.721873335406,4098.632008683107,4074.8746151105834,4081.9058770329425,106156647,4085.1375002755444,433664499563.2134,0.0,433664499563.2134,0.9962065797681897,49.90498427692161,4152.156438959764,4114.116934806457,38.03950415330746,40.679537675484504,-2.640033522177042,0,-1.0,-0.01594424212234513,-0.01594424212234513,0.9840557578776549,1.0152306289129378,1.0,-0.01594424212234513
2021-04-29 09:57:40.257004,4004.8687696221327,4014.634400798882,3984.089189277566,4014.634400798882,103598287,4004.4526636251103,414854436324.1486,0.0,414854436324.1486,0.5532815138915024,35.62016987541058,4095.38763878645,4093.717477971364,1.670160815086092,23.707284073036398,-22.037123257950306,-1,-1.0,-0.0078121795456107535,-0.0,0.9840557578776549,0.9984992134461388,1.0,-0.01594424212234513
2021-05-19 09:57:40.257004,3987.520162984475,3987.520162984475,3964.4505194892636,3981.4987495917658,90664823,3977.8231440218347,360648631278.04315,360648631278.04315,0.0,0.7026014551627181,41.26634880008195,3969.347266464326,4005.823357688032,-36.476091223706135,-33.88757115746367,-2.5885200662424666,0,1.0,0.0009104001797386463,-0.0009104001797386463,0.9910693611562854,0.9902578847560971,1.011808050572194,-0.020496663773509782
2021-05-21 09:57:40.257004,3976.465979635824,3979.8571407334134,3976.465979635824,3979.8571407334134,83646352,3978.7267537008834,332805978551.8814,332805978551.8814,0.0,0.7247822457070009,42.0216666487025,3967.5907415007414,3999.6207739132306,-32.03003241248916,-33.828672418924995,1.798640006435832,1,1.0,0.00923660635757817,0.0,0.9910693611562854,0.9898495922466909,1.011808050572194,-0.020496663773509782
2021-05-26 09:57:40.257004,3864.995519019154,3873.457826886501,3788.8577610206034,3873.457826886501,85226050,3845.257804931202,327716133945.95685,0.0,327716133945.95685,0.7279174285349178,42.12686419582625,3946.874708301405,3982.5823299900476,-35.707621688642575,-33.56350180221753,-2.1441198864250453,0,-1.0,-0.018671174059955886,-0.018671174059955886,0.9645736613678516,0.9633865023159589,1.011808050572194,-0.046683152182501964
2021-06-08 09:57:40.257004,3808.717427946386,3808.717427946386,3703.349071206646,3774.707680953083,121842135,3762.2580600353717,458401554455.66785,0.0,458401554455.66785,0.6317132524547675,38.7147221795503,3853.1888152561714,3907.5413159764507,-54.352500720279295,-46.48267449723417,-7.8698262230451235,-1,-1.0,-0.0038815295395643323,-0.0,0.9645736613678516,0.938825874074795,1.011808050572194,-0.046683152182501964
2021-06-09 09:57:40.257004,3806.9468059216583,3851.264636003797,3806.9468059216583,3817.281383883874,89041893,3825.1642752697767,340599868105.994,340599868105.994,0.0,0.8057082318642286,44.620067497416706,3847.664595045049,3900.855395080704,-53.19080003565523,-47.82429960491839,-5.366500430736842,0,1.0,0.011278675470848931,-0.011278675470848931,0.953694548073555,0.9494145864321207,1.011808050572194,-0.05743530352992832
2021-06-21 09:57:40.257004,3850.296889679416,3850.296889679416,3850.0021749163475,3850.0021749163475,115667174,3850.1004131707036,445330234407.6877,445330234407.6877,0.0,0.6895501564363851,40.81264789976941,3810.0221723078675,3851.5491259429664,-41.526953635098835,-49.44312968544681,7.916176050347978,1,1.0,0.00980856063640978,0.0,0.953694548073555,0.9575527332339213,1.011808050572194,-0.05743530352992832
2021-07-23 09:57:40.257004,3826.7181228732397,3864.4946953535837,3826.7181228732397,3840.969953003995,105575996,3844.060923743606,405840560708.91125,0.0,405840560708.91125,1.4040310334840826,58.40319920701136,3896.206808729173,3880.4234076343364,15.78340109483679,16.015035214192654,-0.23163411935586353,0,-1.0,-0.020030711469530615,-0.020030711469530615,0.951457151728451,0.9553062854693727,1.011808050572194,-0.05964658890548813
2021-08-09 09:57:40.257004,3865.885511868043,3884.4259713104943,3846.529430639152,3869.458575834627,94551799,3866.8046592614246,365613336914.7497,0.0,365613336914.7497,0.5583839922286516,35.83096303691521,3866.2765954607576,3868.5542935846725,-2.277698123914888,0.5539181764515284,-2.8316163003664165,-1,-1.0,0.0005312590432566822,0.0,0.951457151728451,0.9623918291699124,1.011808050572194,-0.05964658890548813
2021-08-10 09:57:40.257004,3931.4295205899934,3947.730191465148,3905.1260308893043,3905.1260308893043,124674485,3919.3274177479193,488640127354.1017,488640127354.1017,0.0,0.801201125364349,44.48149149375426,3872.253431680534,3871.2633111627933,0.9901205177407064,0.641158644709364,0.3489618730313424,1,2.0,0.009217686235853728,-0.009217686235853728,0.942686918236959,0.9712628550871499,1.011808050572194,-0.06831447159977211
2021-08-11 09:57:40.257004,3894.6620358637806,3953.8252085790314,3875.8329672542473,3875.8329672542473,83898096,3901.830381029175,327356139883.3023,0.0,327356139883.3023,0.5910755086389545,37.14943165359733,3872.8041294611057,3871.601804206605,1.20232525450092,0.7533919666676753,0.4489332878332447,0,-1.0,-0.0075011826515586355,-0.0075011826515586355,0.9356156514800287,0.9639772350084669,1.011808050572194,-0.07530321492211622
2021-08-12 09:57:40.257004,3837.997498606776,3900.69971633035,3837.997498606776,3861.1725246043156,103769515,3866.623246513814,401237618978.4639,0.0,401237618978.4639,0.59188314353773,37.181318612517956,3871.01465179083,3870.829264976806,0.18538681402424118,0.6397909361389884,-0.45440412211474723,-1,-1.0,-0.0037825269493791946,-0.0,0.9356156514800287,0.9603309651384593,1.011808050572194,-0.07530321492211622
2021-08-20 09:57:40.257004,3769.975684389414,3848.080345478423,3769.975684389414,3788.845036039534,110805758,3802.3003553024573,421316773012.9581,421316773012.9581,0.0,0.8621944192322204,46.29991424782068,3825.935064836857,3845.091610491268,-19.156545654411275,-10.370962238540233,-8.785583415871042,0,1.0,-0.002980643590753118,0.002980643590753118,0.9532196262031235,0.9423420442972245,1.011808050572194,-0.05790468294449502
2021-08-23 09:57:40.257004,3746.9013776562906,3746.9013776562906,3732.7766425074087,3732.7766425074087,104465618,3737.4848875570365,390438668544.30634,0.0,390438668544.30634,0.6311040452067307,38.69183250825319,3811.6029998630956,3836.771983233204,-25.168983370108435,-13.330566464853874,-11.838416905254562,-1,-1.0,-0.01479828100616476,-0.0,0.9532196262031235,0.9283970019217904,1.011808050572194,-0.05790468294449502
2021-09-03 09:57:40.257004,3753.1746781166485,3753.1746781166485,3741.1372280735523,3741.1372280735523,65062086,3745.1497114212507,243667252607.3646,243667252607.3646,0.0,0.7246123352833213,42.01595456896005,3738.705871076193,3774.712044099336,-36.006173023142765,-37.733557850120405,1.7273848269776408,1,2.0,-0.0015585978524941257,0.0015585978524941257,0.9506457227930766,0.9304764037497831,1.011808050572194,-0.0604485482641981
2021-09-06 09:57:40.257004,3649.313736232599,3737.9682566199886,3649.313736232599,3666.322542117928,89224783,3684.534844990172,328751822000.18677,0.0,328751822000.18677,0.7090958736358918,41.489531662572986,3727.5699743133828,3766.6831921007133,-39.11321778733054,-38.009489837562434,-1.103727949768107,0,-1.0,-0.019997845947540616,-0.019997845947540616,0.9316348560779723,0.9118688799697734,1.011808050572194,-0.07923755345579875
2021-09-07 09:57:40.257004,3661.211885770063,3662.2558690263922,3661.211885770063,3662.2558690263922,94901060,3661.9078746076157,347518938922.6098,0.0,347518938922.6098,0.5264866268650366,34.49009101024936,3717.5216504230766,3758.947834835949,-41.42618441287232,-38.692828752624415,-2.733355660247902,-1,-1.0,-0.0011091967618284126,-0.0,0.9316348560779723,0.9108574379608988,1.011808050572194,-0.07923755345579875
2021-09-09 09:57:40.257004,3719.5707050437077,3803.75179551584,3688.299194043505,3748.2158529769786,123866220,3746.755614178774,464096455192.10315,464096455192.10315,0.0,0.3854876432396607,27.823246574634325,3714.9271643872407,3751.4566097688894,-36.52944538164866,-38.92389063952922,2.3944452578805624,0,1.0,0.023734507418641027,-0.023734507418641027,0.9097563006642618,0.9322369629172493,1.011808050572194,-0.1008607807085744
2021-09-14 09:57:40.257004,3720.8471051819174,3778.745761027546,3720.8471051819174,3740.9078608265995,89749317,3746.8335756786873,336275754329.83,336275754329.83,0.0,0.7118623273126224,41.584087455802816,3725.426406928922,3749.4003498460474,-23.97394291712544,-33.21561938218674,9.241676465061296,1,1.0,-0.0012546629392152786,-0.0,0.9097563006642618,0.9304193567081829,1.011808050572194,-0.1008607807085744
2021-10-04 09:57:40.257004,3677.380296918474,3697.8611862421,3677.380296918474,3682.5834181182786,112275417,3685.9416337596176,413840633968.02234,0.0,413840633968.02234,1.0056244169151047,50.14021610595856,3750.0297027182114,3753.6440608188045,-3.6143581005931082,-1.8713038171165968,-1.7430542834765115,0,-1.0,-0.016490490750994402,-0.016490490750994402,0.895572302765714,0.9159132013886964,1.011808050572194,-0.11487924783830972
2021-10-08 09:57:40.257004,3601.7054593178987,3614.9883324295574,3600.770328461242,3614.9883324295574,89208175,3610.2489977734526,322063724386.9488,0.0,322063724386.9488,0.5623325380175438,35.99314002197586,3697.85379887396,3724.8645443185133,-27.010745444553322,-12.4643380877034,-14.546407356849922,-1,-1.0,-0.010188387297334733,-0.0,0.895572302765714,0.8991012994432583,1.011808050572194,-0.11487924783830972
2021-10-11 09:57:40.257004,3655.1658335592306,3667.320824964545,3655.1658335592306,3667.320824964545,117898211,3663.269161162774,431892880512.5617,431892880512.5617,0.0,0.8000232307033001,44.44516143220647,3693.1564182725115,3720.6020465885895,-27.445628316078,-15.46059613337832,-11.98503218269968,0,1.0,0.014476531518931912,-0.014476531518931912,0.8826075220972437,0.9121171677433613,1.011808050572194,-0.12769272630503914
2021-10-12 09:57:40.257004,3613.627286746617,3643.72685306512,3613.627286746617,3634.954909544056,67359702,3630.769683118598,244567563885.5032,0.0,244567563885.5032,0.652482923570741,39.485002493147334,3684.2023400065955,3714.2578142149205,-30.055474208324995,-18.379571748367656,-11.675902459957339,-1,-1.0,-0.008825493313855848,-0.0,0.8826075220972437,0.9040672837779891,1.011808050572194,-0.12769272630503914
2021-10-19 09:57:40.257004,3654.72935668358,3702.4331307874454,3591.7966343671364,3645.0950663902922,102282029,3646.4416105149576,372965446553.4976,372965446553.4976,0.0,0.7512607198625353,42.89827958463576,3649.122252804362,3684.7621863527443,-35.63993354838249,-29.94352701710292,-5.6964065312795675,0,1.0,0.012073093385456035,-0.012073093385456035,0.8798067729171278,0.9065892914191261,1.011808050572194,-0.13046079004848532
2021-10-20 09:57:40.257004,3572.5042680557144,3583.009005855259,3566.934346009216,3583.009005855259,101237667,3577.650785906578,362193018905.89844,0.0,362193018905.89844,0.5914449129726256,37.16402045408398,3638.9509840429614,3677.224913723301,-38.273929680339734,-31.609607549750287,-6.664322130589447,-1,-1.0,-0.01703276852982505,-0.0,0.8798067729171278,0.891147565866766,1.011808050572194,-0.13046079004848532
2021-10-22 09:57:40.257004,3591.615357027561,3591.9973942686006,3591.615357027561,3591.9973942686006,96195183,3591.8700485215873,345520596629.753,345520596629.753,0.0,0.835749949915227,45.526350141195486,3624.8526528247594,3664.6645665573396,-39.81191373258025,-34.536788241049386,-5.275125491530865,0,1.0,0.0016331264120892364,-0.0016331264120892364,0.8776021886358542,0.8933831115889578,1.011808050572194,-0.13263964628512714
2021-11-05 09:57:40.257004,3528.4978644879457,3549.3776687819322,3503.099104002075,3540.4145698087445,108632632,3530.9637808642506,383577889011.9548,383577889011.9548,0.0,1.0303260485188332,50.746827056200075,3558.0699281557786,3600.4986038595193,-42.42867570374074,-42.89989815351866,0.47122244977792604,1,1.0,0.002077449145251764,0.0,0.8776021886358542,0.8805536968755666,1.011808050572194,-0.13263964628512714
2021-11-08 09:57:40.257004,3514.6240638250347,3541.0047054445427,3492.102680956975,3512.1926433831336,114793509,3515.1000099282173,403510664625.5949,0.0,403510664625.5949,0.7423926087932812,42.60765369680005,3551.011884344602,3593.957421602009,-42.94553725740707,-42.90902597429634,-0.03651128311072682,0,-1.0,-0.007971362073322275,-0.007971362073322275,0.8706065038338977,0.873534484532769,1.011808050572194,-0.13955368971263327
2021-11-09 09:57:40.257004,3596.659681408127,3596.659681408127,3574.776717257792,3574.776717257792,151439906,3582.071038641237,542468501377.1513,542468501377.1513,0.0,1.0837257014880444,52.00903846001068,3554.6680124850927,3592.5366286876224,-37.868616202529665,-41.90094401994301,4.032327817413346,1,1.0,0.017819089164304414,0.0,0.8706065038338977,0.8891000734007531,1.011808050572194,-0.13955368971263327
2021-12-24 09:57:40.257004,3650.1798109900715,3689.619767114954,3650.1798109900715,3678.5434029533076,122370998,3672.780993686111,449441875632.8011,0.0,449441875632.8011,0.7230317504173305,41.96276419411349,3720.8602518477082,3688.4706167669747,32.38963508073357,35.03683623819205,-2.6472011574584826,0,-1.0,-0.015160892501450807,-0.015160892501450807,0.8958779986972473,0.9149083896021649,1.011808050572194,-0.11457711945401738
2021-12-30 09:57:40.257004,3637.437643451777,3656.158317056434,3637.437643451777,3656.158317056434,117523478,3649.9180925215483,428951068648.2581,0.0,428951068648.2581,0.4818324316342606,32.51598637930097,3699.973290202072,3685.7823278934593,14.190962308612598,25.76128526163152,-11.570322953018923,-1,-1.0,-0.012350819910672217,-0.0,0.8958779986972473,0.909340886205964,1.011808050572194,-0.11457711945401738
2022-01-03 09:57:40.257004,3663.396669839258,3677.7095998490927,3635.5619392208155,3677.7095998490927,112891908,3663.660379639667,413597610521.52637,413597610521.52637,0.0,0.6797133662812577,40.46603307004011,3691.7332514441737,3683.620844390367,8.112407053806692,19.739985950361376,-11.627578896554684,0,1.0,0.004019440247748252,-0.004019440247748252,0.8906106816845897,0.9147010103838825,1.011808050572194,-0.11978296557243762
2022-01-05 09:57:40.257004,3667.3043859906024,3667.3043859906024,3595.429957974014,3652.362591021467,60480734,3638.365644995361,220051024769.70285,0.0,220051024769.70285,0.5300016355270011,34.6405927431865,3679.7134513041856,3678.720195314644,0.993255989541467,13.449447219556326,-12.45619123001486,-1,-1.0,0.0017647896494363824,0.0,0.8906106816845897,0.9083968327550154,1.011808050572194,-0.11978296557243762
2022-01-06 09:57:40.257004,3655.492804216974,3688.8925898158877,3655.431128733661,3655.431128733661,88593718,3666.5849490944033,324836393003.11395,324836393003.11395,0.0,0.6987766507503108,41.13410968073273,3675.9777093702587,3676.995079271608,-1.0173699013494115,10.55608379537518,-11.573453696724592,0,1.0,0.0008401514460085746,-0.0008401514460085746,0.8898624338325417,0.9091600236676041,1.011808050572194,-0.12052248118671327
2022-01-07 09:57:40.257004,3617.7774609627563,3617.7774609627563,3555.7949271617294,3614.7016278024175,76417835,3596.0913386423013,274805514561.2965,0.0,274805514561.2965,0.5194661722199568,34.187412771487445,3666.550619898283,3672.3807495331494,-5.830129634866353,7.278841109326873,-13.108970744193225,-1,-1.0,-0.011142188020200283,-0.0,0.8898624338325417,0.8990299917434499,1.011808050572194,-0.12052248118671327
2022-01-11 09:57:40.257004,3637.6989194949615,3650.4094159717642,3637.6989194949615,3650.4094159717642,76191845,3646.17258381283,277808616349.11664,277808616349.11664,0.0,0.7493978786549973,42.83747498488808,3659.1516532697524,3667.7634163384937,-8.611763068741311,1.5904120310151741,-10.202175099756484,0,1.0,0.005958005203004824,-0.005958005203004824,0.8811132631453849,0.9079110491054599,1.011808050572194,-0.12916954688480597
2022-01-13 09:57:40.257004,3730.108355707071,3731.757921198111,3730.108355707071,3731.757921198111,98178482,3731.2080660344313,366324343949.4162,366324343949.4162,0.0,1.4915012203890887,59.863555682150796,3674.511780282163,3674.120658971341,0.3911213108217453,0.2310820470569871,0.1600392637647582,1,1.0,0.010949951774415823,0.0,0.8811132631453849,0.928143630798917,1.011808050572194,-0.12916954688480597
2022-01-17 09:57:40.257004,3669.9954265653128,3678.874106402617,3649.1643703785876,3649.1643703785876,113117842,3659.0676157199305,413905832422.3238,0.0,413905832422.3238,1.0673438765339602,51.628753621938955,3671.5837544259944,3672.81076852264,-1.2270140966456893,0.0556938022773833,-1.2827078989230727,0,-1.0,-0.008911216214583573,-0.008911216214583573,0.8616119250055331,0.9076013877711068,1.011808050572194,-0.14844329957813895
2022-01-19 09:57:40.257004,3703.814894166086,3704.1958361200855,3655.2392801782858,3690.5874169829403,99598024,3683.340844427104,366853469823.43097,366853469823.43097,0.0,2.0639331250978383,67.3622119292154,3674.2733962863363,3673.9201122849786,0.3532840013576788,-0.09842191891189409,0.4517059202695729,1,1.0,0.005668231197718976,0.0,0.8616119250055331,0.9179039148068834,1.011808050572194,-0.14844329957813895
2022-02-11 09:57:40.257004,3977.2339516468555,3977.2339516468555,3954.9257014453283,3955.0929963021595,115113316,3962.417549798114,456127023533.856,456127023533.856,0.0,1.2243203801232236,55.042447619681404,3966.738829797936,3893.635722908034,73.10310688990194,78.05745994392021,-4.95435305401827,0,-1.0,-0.003741941320524189,-0.003741941320524189,0.9233639269560099,0.9836903816517345,1.011808050572194,-0.08741195878622188
2022-03-23 09:57:40.257004,4179.1744873909865,4179.1744873909865,4162.458492171025,4162.458492171025,92532631,4168.030490577678,385678827381.3733,385678827381.3733,0.0,1.3703836324457381,57.812736035128204,4049.776644415143,4014.6906621102744,35.085982304868594,28.224414530516267,6.861567774352327,1,1.0,0.022635377554778735,0.0,0.9233639269560099,1.035265260918381,1.011808050572194,-0.08741195878622188
2022-04-06 09:57:40.257004,4065.0798872597215,4075.593680335281,4063.0823791370553,4075.593680335281,101655458,4071.423246602539,413882394845.2281,0.0,413882394845.2281,1.1701194104783224,53.919586398262425,4150.509876811035,4101.961893790649,48.5479830203858,52.213631703466646,-3.665648683080846,0,-1.0,-0.03104735303932038,-0.03104735303932038,0.9040945855507306,1.0136606918256443,1.011808050572194,-0.1064564222043397
2022-04-13 09:57:40.257004,4002.531054521889,4008.414563975225,4002.531054521889,4008.414563975225,108566841,4006.4533941574464,434967988617.4018,0.0,434967988617.4018,0.6523030230892467,39.4784137034175,4079.8009792709927,4077.777476262096,2.0235030088965686,26.323721048986943,-24.300218040090375,-1,-1.0,-0.012932314724560912,-0.0,0.9040945855507306,0.9969522476315296,1.011808050572194,-0.1064564222043397
2022-04-15 09:57:40.257004,3997.66490321748,4007.0098508892866,3997.66490321748,4007.0098508892866,92310862,4003.8948683320177,369602986653.10504,0.0,369602986653.10504,0.697601160678427,41.0933484753061,4057.7308344269113,4066.946303879668,-9.215469452756679,14.237945391176885,-23.453414843933565,0,1.0,0.00268294790344914,-0.00268294790344914,0.9043967409889329,0.9966028746198431,1.011808050572194,-0.10615779299494432
2022-05-02 09:57:40.257004,4052.2639401837873,4072.100029152195,4052.2639401837873,4066.3560109453592,114062850,4063.573326760447,463502754834.27783,463502754834.27783,0.0,0.9187154726529959,47.881798304502844,4061.5152753894545,4063.7787338324397,-2.263458442985211,-2.450142301235209,0.18668385824999767,1,1.0,0.0023984290141156883,0.0,0.9043967409889329,1.0113631462214723,1.011808050572194,-0.10615779299494432
2022-05-17 09:57:40.257004,4127.3828459878705,4140.199958215584,4119.744724048602,4140.199958215584,114570372,4133.38154682659,473563061437.85785,0.0,473563061437.85785,0.6441299435458028,39.17755686370165,4139.9832449290325,4115.38656800006,24.596676928972556,21.157273847459894,3.439403081512662,0,-1.0,-0.0038535165807658256,-0.0038535165807658256,0.9208203460724983,1.0297292328699612,1.011808050572194,-0.08992585545078502
2022-05-19 09:57:40.257004,4159.0654753900435,4173.203841353389,4159.0654753900435,4159.497932310448,105175396,4163.9224163512945,437942189053.0243,437942189053.0243,0.0,0.7222572941187866,41.93666629168426,4140.4065749722595,4118.982321254333,21.42425371792615,21.216601481598723,0.20765223632742646,1,1.0,0.00954463835976882,0.0,0.9208203460724983,1.0345289257015156,1.011808050572194,-0.08992585545078502
2022-05-23 09:57:40.257004,4157.60906766957,4184.988118034222,4153.810481898754,4153.810481898754,69620604,4164.203027277244,289914329937.67017,0.0,289914329937.67017,0.5526203804951331,35.592755797711575,4147.441621267581,4125.651706222927,21.789915044653753,21.598150747314975,0.19176429733877853,0,-1.0,-0.0059342875493269,-0.0059342875493269,0.9195612710250785,1.033114372296239,1.011808050572194,-0.09117023678053215
2022-05-25 09:57:40.257004,4225.798300225108,4225.798300225108,4178.586943910203,4212.193669096251,112530767,4205.52630441052,473251100673.99133,473251100673.99133,0.0,0.7563409210976259,43.06344582718886,4163.630245289794,4136.8374506582095,26.79279463158491,23.02002799456217,3.772766637022741,1,1.0,0.004032901481900941,0.0,0.9195612710250785,1.0476351382428415,1.011808050572194,-0.09117023678053215
2022-07-04 09:57:40.257004,4564.964411981437,4643.445456224901,4564.964411981437,4576.055232706662,66576604,4594.821700304333,305907624791.76825,0.0,305907624791.76825,1.9933095120847721,66.59216175398038,4569.006596792373,4474.317745811224,94.68885098114879,96.51819331344493,-1.829342332296136,0,-1.0,-0.011900930085495087,-0.011900930085495087,0.9989956532486647,1.1381329143282506,1.0210254936332537,-0.021576190332130873
2022-07-08 09:57:40.257004,4735.458133749724,4735.458133749724,4726.35295177679,4727.544806835939,126561137,4729.785297454152,598607005011.6807,598607005011.6807,0.0,2.0076936945085144,66.7519334889117,4626.654860701261,4529.804484448282,96.850376252979,95.35081752603838,1.49955872694062,1,1.0,0.006413949010805942,0.0,0.9989956532486647,1.1758106218134634,1.0210254936332537,-0.021576190332130873
2022-07-12 09:57:40.257004,4707.776536457748,4707.776536457748,4677.703007234505,4685.400875609758,108132440,4690.293473100671,507172877562.4499,0.0,507172877562.4499,1.9461054385925975,66.05688354189671,4648.814552492287,4554.886383864122,93.92816862816471,95.44492001736717,-1.5167513892024544,0,-1.0,-0.008895611810799231,-0.008895611810799231,0.9900900572520097,1.1653288000633941,1.0210254936332537,-0.030298397615090122
2022-07-27 09:57:40.257004,4592.099093739723,4636.38018276095,4549.105784166752,4614.844044741153,87509790,4600.110003889618,402554660417.27966,0.0,402554660417.27966,0.5708859843518177,36.341656239767005,4637.10610554307,4605.11213908963,31.993966453440407,54.375927377923944,-22.381960924483536,-1,-1.0,0.002228752378400367,0.0,0.9900900572520097,1.147780268094572,1.0210254936332537,-0.030298397615090122
2022-08-09 09:57:40.257004,4470.41922415351,4474.18785442336,4461.172573603792,4474.18785442336,89338191,4469.849427483504,399328261893.7619,399328261893.7619,0.0,0.7743073681734164,43.63997929910741,4502.8918488748905,4540.426595134568,-37.53474625967738,-10.175481675607548,-27.359264584069827,0,1.0,0.01430045506498856,-0.01430045506498856,1.0204409695784202,1.112796984094739,1.0380349100658113,-0.01694927628809284
2022-08-24 09:57:40.257004,4492.079611726701,4492.079611726701,4480.770708320031,4480.770708320031,132870830,4484.5403427889205,595864597514.8484,0.0,595864597514.8484,1.4250583142958726,58.76387820841518,4464.550465332753,4493.818880870772,-29.268415538018417,-31.84197462783598,2.5735590898175644,1,1.0,-0.001766703909883094,-0.0,1.0204409695784202,1.1144342376480763,1.0380349100658113,-0.01694927628809284
2022-09-22 09:57:40.257004,4520.392808719624,4526.804753136729,4520.392808719624,4526.804753136729,119406324,4524.667438331027,540273906133.6047,0.0,540273906133.6047,1.370881615005656,57.82159709405759,4615.463709219381,4583.854873807192,31.608835412188455,37.94905449770392,-6.340219085515464,0,-1.0,-0.006217052683378577,-0.006217052683378577,1.0309246627607431,1.1258835884363005,1.0881655331465125,-0.05260309083697323
2022-10-03 09:57:40.257004,4499.119642693226,4543.164004875884,4499.119642693226,4543.164004875884,113190629,4528.482550814998,512581788342.27405,0.0,512581788342.27405,0.5155481176913681,34.017271485692035,4573.676361759981,4569.666712440792,4.009649319188611,12.987496770917161,-8.97784745172855,-1,-1.0,-0.009973981881330918,-0.0,1.0309246627607431,1.1299523773628493,1.0881655331465125,-0.05260309083697323
2022-10-07 09:57:40.257004,4619.063317166181,4648.945187686784,4619.063317166181,4623.214542695513,89780216,4630.40768251616,415719001904.3603,415719001904.3603,0.0,0.7185213525670682,41.810440789331224,4571.609454092886,4568.746747620095,2.8627064727907054,5.370736899205284,-2.508030426414579,0,1.0,0.010774610806687512,-0.010774610806687512,1.0124345572240712,1.149862135280764,1.0881655331465125,-0.06959508789389746
2022-10-14 09:57:40.257004,4602.738173769186,4612.188979234036,4602.738173769186,4612.188979234036,96921895,4609.038710745753,446716765973.8352,446716765973.8352,0.0,1.9151189890736984,65.69608294727763,4572.816448418781,4569.769709703074,3.0467387157068515,2.543845516203124,0.5028931995037276,1,1.0,0.011367383915472429,0.0,1.0124345572240712,1.1471199138615746,1.0881655331465125,-0.06959508789389746
2022-10-17 09:57:40.257004,4539.6331075727885,4539.6331075727885,4488.553336145545,4534.163599194796,93592298,4520.783347637709,423110502265.5461,0.0,423110502265.5461,1.4744947330532088,59.587709497117075,4566.869856230475,4567.1322200357945,-0.2623638053191826,1.982603651898663,-2.2449674572178457,0,-1.0,-0.016917212280446958,-0.016917212280446958,0.9953069868994512,1.1277138427676503,1.0881655331465125,-0.08533494529876706
2022-10-27 09:57:40.257004,4414.705842816477,4433.491024815881,4414.705842816477,4433.491024815881,83782121,4427.229297482747,370922660696.4445,0.0,370922660696.4445,0.6193582340516531,38.24714143096131,4489.287104286868,4521.0612733191665,-31.774169032298232,-18.66180333853123,-13.112365693767003,-1,-1.0,0.0002674240591062915,0.0,0.9953069868994512,1.1026750780141426,1.0881655331465125,-0.08533494529876706
2022-10-28 09:57:40.257004,4464.094235718314,4476.741834536911,4452.177355581771,4452.177355581771,107336280,4460.365515233484,478759041845.4455,478759041845.4455,0.0,0.7965362503208496,44.337332474008996,4483.577912178392,4515.958760894174,-32.38084871578212,-21.40561241398141,-10.975236301800713,0,1.0,0.0042148119081093505,-0.0042148119081093505,0.991111955158843,1.107322646063732,1.0881655331465125,-0.08919008646325333
2022-11-02 09:57:40.257004,4349.502909333286,4353.649753753087,4314.443697649375,4353.649753753087,103028060,4340.581068385183,447201646748.45276,0.0,447201646748.45276,0.5578433052788018,35.8086916308291,4455.594894517639,4495.425816034073,-39.8309215164345,-28.024568091650494,-11.806353424784007,-1,-1.0,-0.01621300730344355,-0.0,0.991111955158843,1.0828173678473398,1.0881655331465125,-0.08919008646325333
2022-11-04 09:57:40.257004,4425.848247792824,4425.848247792824,4416.232203124163,4416.232203124163,84348028,4419.43755134705,372770842325.27246,372770842325.27246,0.0,0.732583838674934,42.28273531832134,4443.0053785222235,4483.38529120836,-40.37991268613678,-32.55319566156333,-7.826717024573448,0,1.0,0.00245792144012702,-0.00245792144012702,0.9769229270002295,1.098382552677151,1.0881655331465125,-0.10222948876593863
2022-11-09 09:57:40.257004,4428.774098716916,4465.163529162886,4411.645515622207,4445.194881557327,79841766,4440.6679754474735,354550773379.3709,0.0,354550773379.3709,0.7305696364651553,42.21555845377073,4436.432659997385,4471.234350304326,-34.801690306941055,-35.21856481376902,0.41687450682796623,1,1.0,0.00033913361664783537,0.0,0.9769229270002295,1.105586001048204,1.0881655331465125,-0.10222948876593863
2022-11-30 09:57:40.257004,4569.095236261773,4569.095236261773,4544.830320788674,4544.830320788674,97381483,4552.918625946374,443369967772.98016,0.0,443369967772.98016,1.61803462117215,61.80340810190361,4638.086231313692,4600.223793926941,37.86243738675148,47.25267744793979,-9.390240061188308,0,-1.0,-0.0032013611779990736,-0.0032013611779990736,0.9988198623473569,1.1303668148837211,1.0881655331465125,-0.0821066906436615
2022-12-21 09:57:40.257004,4435.384527416225,4435.384527416225,4408.698108724196,4420.926425058594,114331786,4421.669687066339,505537392424.35565,0.0,505537392424.35565,0.6613197586782906,39.80689179333075,4507.6498189947,4547.419130367376,-39.769311372676384,-15.465347579597697,-24.303963793078687,-1,-1.0,-0.009495119629068793,-0.0,0.9988198623473569,1.0995500754055818,1.0881655331465125,-0.0821066906436615
2023-01-12 09:57:40.257004,4258.978624739883,4331.147151998518,4249.020213757994,4261.603875150033,100956506,4280.590413635515,432153451777.7363,432153451777.7363,0.0,0.788382594305491,44.08355330765536,4293.673423673249,4366.959083160432,-73.28565948718278,-72.36359129426091,-0.9220681929218699,0,1.0,0.0025258163475321282,-0.0025258163475321282,1.034960034011603,1.059924190484086,1.0881655331465125,-0.048894674122843984
2023-01-13 09:57:40.257004,4246.844813607364,4258.587557409861,4246.844813607364,4258.587557409861,88716076,4254.6733094756955,377457920678.6173,0.0,377457920678.6173,0.8546852946831135,46.08249696772102,4288.275598094267,4358.931562734463,-70.65596464019654,-72.02206596344804,1.366101323251499,1,1.0,-0.0007077893273376157,-0.0,1.034960034011603,1.0591739874542743,1.0881655331465125,-0.048894674122843984
2023-01-25 09:57:40.257004,4106.500295273957,4106.500295273957,4105.739977982466,4105.739977982466,106632953,4105.99341707963,437834203061.76154,0.0,437834203061.76154,1.1186084278505217,52.79920598566811,4239.554116213505,4301.367549573147,-61.81343335964175,-58.18545007356739,-3.627983286074361,0,-1.0,-0.014508918772747958,-0.014508918772747958,0.9978136482979837,1.0211585238780567,1.0881655331465125,-0.08303137904696323
2023-01-27 09:57:40.257004,4250.817668507678,4250.817668507678,4211.357495229337,4236.151667066655,134220576,4232.7756102678895,568125580488.9076,568125580488.9076,0.0,1.5696444113732582,61.084109708954465,4229.2824944288095,4287.161085843063,-57.878591414253606,-58.92773199328965,1.0491405790360417,1,1.0,0.01716371228696234,0.0,0.9978136482979837,1.0535938482375633,1.0881655331465125,-0.08303137904696323
2023-02-15 09:57:40.257004,4218.508797668996,4239.73106549001,4215.133891800087,4215.133891800087,105975955,4223.332949696728,447571742627.0777,0.0,447571742627.0777,0.8117951657752971,44.80612274003483,4304.710485070928,4311.861264344351,-7.150779273422813,-2.050839181750236,-5.099940091672577,0,-1.0,-0.0097939498433246,-0.0097939498433246,0.992862970261387,1.0483664153067147,1.0881655331465125,-0.08758094240455405
2023-02-20 09:57:40.257004,4353.913778942551,4353.913778942551,4300.870648194019,4337.605049091988,101740329,4330.796492076186,440616659935.8771,0.0,440616659935.8771,0.8191345001243079,45.02880353642534,4311.943036322409,4313.891516944843,-1.9484806224336353,-3.1845831798628947,1.2361025574292595,1,1.0,0.0010139301239531218,0.0,0.992862970261387,1.0788268114517452,1.0881655331465125,-0.08758094240455405
2023-02-23 09:57:40.257004,4358.54054000921,4429.031884917785,4358.413241748788,4382.1164830991365,107960964,4389.853869921903,473932855615.8993,0.0,473932855615.8993,0.6035207961331986,37.63722912659165,4346.603107886064,4331.779616234926,14.823491651138283,4.053644132153184,10.769847518985099,0,-1.0,-0.007469251330353588,-0.007469251330353588,1.003051485370245,1.0898974663130332,1.0881655331465125,-0.07821792290199991
2023-02-27 09:57:40.257004,4440.750544588241,4499.572916668465,4440.750544588241,4483.369243823989,91484887,4474.564235026898,409355003415.67725,409355003415.67725,0.0,0.8125165849024655,44.828091045919365,4381.631625011665,4351.394861987768,30.236763023896856,12.209199200689767,18.02756382320709,1,1.0,0.00658190229003619,0.0,1.003051485370245,1.115080532029527,1.0881655331465125,-0.07821792290199991
2023-03-14 09:57:40.257004,4397.046500977844,4400.276149925922,4397.046500977844,4400.276149925922,55834384,4399.199600276563,245626599774.4881,0.0,245626599774.4881,0.88004801234466,46.809869033457694,4417.5382763132975,4393.0834870825365,24.45478923076098,27.007505548557152,-2.552716317796172,0,-1.0,-0.004593224586125211,-0.004593224586125211,0.9844613031377026,1.0944140452172992,1.0881655331465125,-0.09530188822369823
2023-03-17 09:57:40.257004,4351.58424552037,4417.6892558621275,4345.749410995515,4345.749410995515,98949898,4369.729359284386,432384274388.79535,0.0,432384274388.79535,0.6575893555856125,39.67142726693558,4395.669717769007,4386.8343750310305,8.835342737976134,20.32887233167743,-11.493529593701297,-1,-1.0,-0.006955138112422099,-0.0,0.9844613031377026,1.0808524352428117,1.0881655331465125,-0.09530188822369823
2023-03-20 09:57:40.257004,4382.920180698435,4382.920180698435,4363.476698152563,4363.476698152563,97102428,4369.957859001187,424333518366.6969,424333518366.6969,0.0,0.9080716231985281,47.591065878141116,4390.716945520323,4385.104176743736,5.612768776586563,17.385651620659257,-11.772882844072694,0,1.0,0.0040792244284022505,-0.0040792244284022505,0.9804454645411266,1.0852614749001523,1.0881655331465125,-0.09899235486158553
2023-03-24 09:57:40.257004,4331.624511260649,4331.624511260649,4310.349069479324,4310.349069479324,88518348,4317.4408834064325,382172734586.79803,0.0,382172734586.79803,0.6547799457561728,39.569004170942065,4365.111560569685,4373.282518235246,-8.170957665561218,5.455215456839008,-13.626173122400226,-1,-1.0,-0.00438037418726156,-0.0,0.9804454645411266,1.0720478444306054,1.0881655331465125,-0.09899235486158553
2023-03-28 09:57:40.257004,4375.197956135947,4376.879813411671,4375.197956135947,4376.879813411671,111586935,4376.319194319763,488340045475.8117,488340045475.8117,0.0,0.8267304336473318,45.25738545870968,4364.821381345101,4371.88176939469,-7.060388049589164,0.6627824069147634,-7.723170456503928,0,1.0,0.006416522314694362,-0.006416522314694362,0.9654249230991564,1.0885950287702846,1.0881655331465125,-0.1127958994367727
2023-03-29 09:57:40.257004,4345.065848405681,4397.4030406110805,4330.3477455711245,4340.186264187363,128240537,4355.979016789856,558613088273.8632,0.0,558613088273.8632,0.5965205500693742,37.36378777231858,4361.031363320833,4369.533954194148,-8.502590873314148,-1.1702922491310188,-7.332298624183129,-1,-1.0,-0.0083834948156154,-0.0,0.9654249230991564,1.0794687979902842,1.0881655331465125,-0.1127958994367727
2023-03-31 09:57:40.257004,4385.750951500156,4389.452459823781,4385.750951500156,4389.452459823781,101978675,4388.218623715907,447504720856.87177,447504720856.87177,0.0,0.7931331368435017,44.231692591419865,4364.046334032988,4369.710996954544,-5.664662921555646,-3.274662262209783,-2.390000659345863,0,1.0,0.008929614128598828,-0.008929614128598828,0.9545076022241479,1.0917220327014345,1.0881655331465125,-0.12282867528057306
2023-04-10 09:57:40.257004,4245.383343280527,4279.34394746527,4245.383343280527,4260.469974710233,107334928,4261.732421818676,457432742651.1732,0.0,457432742651.1732,0.5147206780762957,33.981227398967974,4336.569583395704,4352.706578111678,-16.136994715973742,-9.014874499654157,-7.122120216319585,-1,-1.0,-0.016672038412737344,-0.0,0.9545076022241479,1.0596421726004552,1.0881655331465125,-0.12282867528057306
2023-04-13 09:57:40.257004,4215.539599560854,4241.588307467034,4192.883616798142,4221.600216751107,99642100,4218.690713672094,420359201960.78613,420359201960.78613,0.0,0.7142960962853749,41.66701994090452,4286.359165866675,4322.964283230613,-36.60511736393801,-20.544798488819573,-16.060318875118433,0,1.0,0.003985275082301509,-0.003985275082301509,0.9630635513435689,1.049974686380214,1.0881655331465125,-0.11496594772782576
2023-04-14 09:57:40.257004,4202.028900601187,4202.028900601187,4189.200784948311,4189.200784948311,80471999,4193.476823499269,337457462747.1564,0.0,337457462747.1564,0.5395048765057089,35.0440511582042,4271.411722648465,4313.055875950442,-41.644153301976985,-24.764669451451056,-16.87948385052593,-1,-1.0,-0.007674680249028953,-0.0,0.9630635513435689,1.0419164663926714,1.0881655331465125,-0.11496594772782576
2023-05-03 09:57:40.257004,4131.375366615276,4131.375366615276,4113.560055332531,4113.560055332531,80373481,4119.49849242678,331098433810.59247,331098433810.59247,0.0,0.5116494498188853,33.84709661887466,4124.371981208647,4184.541436267724,-60.16945505907643,-62.11596170884822,1.9465066497717913,0,1.0,0.006549005786907092,-0.006549005786907092,0.9799037723482951,1.0231034932833847,1.0881655331465125,-0.09949015797731664
2023-05-09 09:57:40.257004,4044.0348197855947,4080.2534114150562,4004.79474955172,4080.2534114150562,112528693,4055.100524127278,456315161963.65753,456315161963.65753,0.0,0.6767759995399862,40.36174180246233,4108.245337416455,4160.685086123607,-52.43974870715192,-56.43972457922022,3.9999758720682976,1,1.0,0.006960646996972741,0.0,0.9799037723482951,1.0148196361661557,1.0881655331465125,-0.09949015797731664
2023-06-09 09:57:40.257004,4070.159734087431,4118.126708137428,4070.159734087431,4097.001418042056,101892420,4095.0959534223052,417259236826.40594,0.0,417259236826.40594,1.0305733196963252,50.752824815527894,4183.17747843774,4176.278658405057,6.898820032683034,14.340291783834498,-7.4414717511514645,0,-1.0,-0.002824845838617529,-0.002824845838617529,0.983925933037432,1.018985114208321,1.0881655331465125,-0.09579388147652856
2023-06-22 09:57:40.257004,4125.48914695419,4150.034127478854,4113.304218272443,4113.304218272443,110202487,4125.5475213412465,454645597088.4909,0.0,454645597088.4909,0.6067381964779063,37.76210696975544,4160.13103870695,4166.048951760495,-5.917913053544908,0.8607120850626733,-6.77862513860758,-1,-1.0,-0.014334355001121346,-0.0,0.983925933037432,1.023039862806044,1.0881655331465125,-0.09579388147652856
2023-06-27 09:57:40.257004,4178.938206457008,4191.737482235736,4162.089992914537,4162.089992914537,95235326,4171.972489354936,397319160086.7489,397319160086.7489,0.0,0.8060060064761103,44.629198551160634,4162.962569230033,4166.317941891302,-3.3553726612690298,-1.477034189905913,-1.8783384713631168,0,1.0,-0.003779999664493494,0.003779999664493494,0.9722280834754619,1.0351736096791837,1.0881655331465125,-0.10654394587908778
2023-06-28 09:57:40.257004,4180.987833027398,4285.469922962889,4144.75308472986,4189.871639746004,91789630,4206.698215812918,386131272751.12787,386131272751.12787,0.0,1.0197870785417493,50.489830803255636,4167.10242623249,4168.06266025091,-0.9602340184201239,-1.3736741556087553,0.4134401371886314,1,1.0,0.006674926990709373,0.0,0.9722280834754619,1.0420833179465014,1.0881655331465125,-0.10654394587908778
2023-07-19 09:57:40.257004,4215.045349580023,4275.114521808723,4215.045349580023,4239.915093869492,103523009,4243.358321752746,439285221733.03436,0.0,439285221733.03436,0.7847286477545538,43.9690733233792,4263.555296184362,4240.184654274541,23.370641909821643,24.975735793392477,-1.6050938835708344,0,-1.0,-0.009851057064514834,-0.009851057064514834,0.9838402892126098,1.0545298683896724,1.0881655331465125,-0.09587258625279049
2023-07-20 09:57:40.257004,4212.888150865143,4258.69189735036,4212.888150865143,4220.688874305565,75003593,4230.756307507022,317321924170.4395,0.0,317321924170.4395,0.5739444052043867,36.46535438650747,4256.960462049163,4238.740522424987,18.219939624175822,23.624576559549148,-5.4046369353733255,-1,-1.0,-0.004534576551244229,-0.0,0.9838402892126098,1.049748021975886,1.0881655331465125,-0.09587258625279049
2023-07-24 09:57:40.257004,4257.9857423477515,4318.045043206786,4257.9857423477515,4267.538989533598,100674381,4281.189925029379,431006145645.76917,431006145645.76917,0.0,0.7249772580203087,42.0282212214402,4255.872776357839,4240.692853307277,15.179923050562138,20.588751093079626,-5.408828042517488,0,1.0,0.007420930538836634,-0.007420930538836634,0.9729728804725961,1.0614003415982514,1.0881655331465125,-0.10585949395109784
2023-07-26 09:57:40.257004,4287.387915353345,4334.448701471464,4248.7005015465165,4263.368789055977,77703556,4282.1726640246525,332740043400.70874,332740043400.70874,0.0,0.6213258342860879,38.3220831462094,4253.327639000791,4241.465125401705,11.862513599086014,17.435566306592957,-5.5730527075069425,-1,-1.0,0.00849356289437897,0.0,0.9729728804725961,1.060363150790543,1.0881655331465125,-0.10585949395109784
2023-07-27 09:57:40.257004,4345.970332241106,4385.987132255239,4305.131482932114,4320.180474736382,123938218,4337.099696641245,537532407690.05646,537532407690.05646,0.0,0.8751058317057631,46.669676820837836,4263.6126906524205,4247.295892019089,16.316798633331928,17.211812771940753,-0.8950141386088255,0,1.0,0.013325538674074044,-0.013325538674074044,0.9600074927250333,1.0744930609649654,1.0881655331465125,-0.11777439784450872
2023-07-28 09:57:40.257004,4333.84987032936,4368.853110223826,4333.84987032936,4336.949555285692,88062104,4346.550845279627,382766412578.30237,382766412578.30237,0.0,1.1978891650950376,54.5018003691392,4274.895285211385,4253.936904112911,20.958381098474092,17.961126437247422,2.9972546612266697,1,1.0,0.0038815694500200504,0.0,0.9600074927250333,1.0786637804046655,1.0881655331465125,-0.11777439784450872
2023-08-04 09:57:40.257004,4347.961110338602,4347.961110338602,4258.302354343912,4309.1559173753085,127242648,4305.139794019274,547797387401.18695,547797387401.18695,0.0,1.024669843427865,50.609231265728184,4303.322399098901,4278.515898009084,24.806501089817175,25.50444532752337,-0.6979442377061957,0,-1.0,0.014575397283009162,0.014575397283009162,0.953855219034984,1.071751089777892,1.0881655331465125,-0.12342820096788043
2023-08-07 09:57:40.257004,4347.374055908581,4347.374055908581,4285.9978621948,4335.609946289992,95271023,4322.993954797791,411856056496.4013,411856056496.4013,0.0,1.3358365805218586,57.188785879165145,4308.289714051377,4282.745086770633,25.544627280743953,25.512481718167486,0.03214556257646706,1,1.0,0.0061390280189250745,0.0,0.953855219034984,1.0783305997473518,1.0881655331465125,-0.12342820096788043
2023-08-08 09:57:40.257004,4348.421201706745,4364.170169631445,4331.360325267217,4331.360325267217,97607607,4342.296940055294,423841213202.21967,423841213202.21967,0.0,1.8261809264485573,64.61656114647187,4311.839038853814,4286.3462155481575,25.492823305656202,25.50855003566523,-0.015726730009028245,0,-1.0,-0.000980166822066364,-0.000980166822066364,0.9529202817962311,1.0772736558702605,1.0881655331465125,-0.12428738756245072
2023-08-09 09:57:40.257004,4355.014255561255,4401.039426222039,4308.37381069136,4341.537091182361,77936312,4350.31677603192,339047645555.65784,339047645555.65784,0.0,2.3529272633692453,70.17531483832032,4316.407969981283,4290.434428558098,25.973541423184543,25.601548313169097,0.37199311001544544,1,1.0,0.00234955421643801,0.0,0.9529202817962311,1.079804768730668,1.0881655331465125,-0.12428738756245072
2023-08-10 09:57:40.257004,4294.265991890585,4320.487537240231,4290.658753155585,4290.658753155585,116411070,4300.601681183801,500637643350.4051,0.0,500637643350.4051,1.6490924598953631,62.25122319666037,4312.4465520080985,4290.451045194949,21.995506813149404,24.88034001316516,-2.8848332000157555,0,-1.0,-0.01171896887167212,-0.01171896887167212,0.941753038676676,1.06715057025843,1.0881655331465125,-0.1345498364081371
2023-08-11 09:57:40.257004,4403.772960372303,4405.868865337612,4393.402540654934,4393.402540654934,103686181,4397.557982215826,455965992902.0249,455965992902.0249,0.0,1.6602132681435091,62.40902893105736,4324.901319492227,4298.077081895689,26.824237596538296,25.269119529839788,1.5551180666985083,1,1.0,0.02394592378706073,0.0,0.941753038676676,1.0927044764831568,1.0881655331465125,-0.1345498364081371
2023-09-06 09:57:40.257004,4564.2509240767295,4574.9492867897525,4564.2509240767295,4574.9492867897525,112246644,4571.3831658854115,513122418808.7327,0.0,513122418808.7327,0.7864361903241939,44.022629780102875,4544.200186192295,4478.129187664608,66.07099852768715,67.4633912950382,-1.3923927673510548,0,-1.0,-0.0024141782942446177,-0.0024141782942446177,0.9806687078538608,1.1378578491497315,1.0881655331465125,-0.09878719920655499
2023-09-11 09:57:40.257004,4416.429169952947,4457.385977615812,4361.618300840617,4423.2420804992225,64035705,4414.082119651884,282658860459.80273,0.0,282658860459.80273,0.6639727685528288,39.90286266104532,4520.855881820022,4480.33632106977,40.51956075025191,59.14286797561292,-18.62330722536101,-1,-1.0,-0.01740743875679196,-0.0,0.9806687078538608,1.100126013313058,1.0881655331465125,-0.09878719920655499
2023-10-03 09:57:40.257004,4312.938077007365,4312.938077007365,4230.991534689208,4267.3695217616405,104166450,4270.433044486071,444835850206.806,444835850206.806,0.0,0.795563681847102,44.30718274657366,4253.706242572298,4323.265770826433,-69.55952825413533,-56.36457215031627,-13.19495610381906,0,1.0,0.010250990555938033,-0.010250990555938033,1.0142209845515207,1.0613581924458966,1.0881655331465125,-0.06795340078560996
2023-10-06 09:57:40.257004,4299.299812043711,4332.744261915146,4299.299812043711,4304.104029593038,125421306,4312.049367850632,540822863252.30066,540822863252.30066,0.0,1.1703326645658205,53.924114200250855,4254.287220304917,4308.86761858621,-54.58039828129222,-58.283112312199826,3.7027140309076074,1,1.0,0.024697107473548696,0.0,1.0142209845515207,1.070494610239926,1.0881655331465125,-0.06795340078560996
2023-10-19 09:57:40.257004,4202.10498757251,4228.287211662875,4198.013849271219,4198.013849271219,69990469,4208.104970068438,294527240456.3209,0.0,294527240456.3209,0.5823262835033999,36.80190928852436,4251.297427338026,4283.754591221947,-32.45716388392066,-34.783104853488666,2.325940969568009,0,-1.0,-0.00640838374849706,-0.00640838374849706,0.9892218473565452,1.0441084064091075,1.0881655331465125,-0.09092705362929876
2023-10-20 09:57:40.257004,4140.428451303644,4164.033735964555,4129.4049324340585,4164.033735964555,70424457,4152.490801454389,292436909889.92017,0.0,292436909889.92017,0.4418783858646404,30.646023284388335,4237.8722440497995,4274.886379721399,-37.01413567159943,-35.229311017110824,-1.7848246544886095,-1,-1.0,-0.008094330920933923,-0.0,0.9892218473565452,1.0356570474503033,1.0881655331465125,-0.09092705362929876
2023-11-08 09:57:40.257004,3989.8974810769223,3989.8974810769223,3955.725544070545,3977.4338495609873,121630281,3974.352291569485,483401586016.5904,483401586016.5904,0.0,0.873970017878451,46.63735329489878,4051.8365916919274,4134.712372496361,-82.87578080443382,-65.42937553801323,-17.446405266420584,0,1.0,0.016675599071036773,-0.016675599071036773,1.0331273075458207,0.9892468837337705,1.0881655331465125,-0.05057890911279339
2023-11-13 09:57:40.257004,4074.757946138968,4143.188713451778,4074.757946138968,4085.2383272556553,98595592,4101.0616622821335,404346602421.211,404346602421.211,0.0,1.4795481960104118,59.67007208776994,4053.4692079735332,4118.031618335617,-64.56241036208394,-68.32168880991208,3.7592784478281374,1,1.0,0.00643007304006904,0.0,1.0331273075458207,1.0160594587873486,1.0881655331465125,-0.05057890911279339
2023-12-15 09:57:40.257004,3862.249141964232,3880.4400655959944,3862.249141964232,3880.4400655959944,64952458,3874.376424385407,251650271981.0833,0.0,251650271981.0833,1.1838714881947303,54.209759804747605,3982.5184468664274,4013.1520931158293,-30.633646249401863,-25.579078461489505,-5.054567787912358,0,-1.0,-0.01576969462549238,-0.01576969462549238,0.9813353043114236,0.9651230888051617,1.0881655331465125,-0.09817461184070164
2023-12-28 09:57:40.257004,3889.1563114731357,3911.6169603482713,3858.7881573379727,3901.551893567986,53719118,3890.652337084743,209002411992.8311,0.0,209002411992.8311,0.7888452849178639,44.09801627724805,3913.575053431583,3952.8505292430923,-39.275475811509295,-39.45782710406438,0.18235129255508298,1,1.0,0.004047551752671463,0.0,0.9813353043114236,0.9703739140410161,1.0881655331465125,-0.09817461184070164
2024-01-11 09:57:40.257004,3862.265677702848,3888.514151449407,3862.265677702848,3866.3187283220745,69111323,3872.3661858247765,267624350242.81415,267624350242.81415,0.0,0.8022486822771573,44.513761622702866,3906.0517446555145,3930.8376227188724,-24.785878063357814,-23.472676609918132,-1.3132014534396816,0,-1.0,0.007795280108688241,0.007795280108688241,0.97247330532188,0.9616109024506558,1.0881655331465125,-0.10631859243887254
2024-01-31 09:57:40.257004,3894.9309165915765,3946.541306937055,3882.9811081572598,3884.7511515546125,112051605,3904.7578555496425,437534384850.6956,437534384850.6956,0.0,1.1240809972220558,52.920816046665195,3847.2242195795843,3872.589106426956,-25.36488684737151,-29.989502299726805,4.624615452355297,1,1.0,0.010598136540278968,0.0,0.97247330532188,0.9661953199248678,1.0881655331465125,-0.10631859243887254
2024-02-15 09:57:40.257004,3833.731537979119,3845.456647111437,3827.9183457908766,3827.9183457908766,106759111,3833.7644462310636,409289284063.03564,0.0,409289284063.03564,0.8617689368635733,46.28764181205812,3866.0037203700203,3876.2122222997814,-10.208501929761042,-8.145924288465803,-2.0625776412952384,0,-1.0,-0.005085403139585831,-0.005085403139585831,0.9582462971260892,0.9520601568719793,1.0881655331465125,-0.11939289755369487
2024-02-16 09:57:40.257004,3803.4941763721554,3803.4941763721554,3750.927887608483,3778.0702022121654,88155183,3777.4974220642684,333005976524.1038,0.0,333005976524.1038,0.6530132541913589,39.50441731399231,3852.4754868072737,3868.942443034032,-16.466956226758157,-9.810130676124274,-6.656825550633883,-1,-1.0,-0.013022258856049906,-0.0,0.9582462971260892,0.9396621830626609,1.0881655331465125,-0.11939289755369487
2024-02-28 09:57:40.257004,3809.176349375932,3823.4117037705305,3798.297889017085,3816.6276440773277,112461746,3812.7790789549813,428791792331.5491,428791792331.5491,0.0,0.7465302471625632,42.74361972118069,3779.9805935857285,3812.2808168395154,-32.30022325378695,-34.32909880188084,2.028875548093886,1,2.0,0.0030579262383332306,-0.0030579262383332306,0.9473267372973314,0.949251991630833,1.0881655331465125,-0.12942773094635263
2024-02-29 09:57:40.257004,3790.4600696330067,3803.6770456136546,3788.5047891063828,3788.5047891063828,104797154,3793.5622079421396,397554522914.2924,0.0,397554522914.2924,0.5295183670787527,34.61994170688429,3781.292008281214,3810.519629600024,-29.22762131881018,-33.30880330526671,4.081181986456528,0,-1.0,-0.00736850895438701,-0.00736850895438701,0.9403463517508258,0.9422574198305315,1.0881655331465125,-0.13584255050631533
2024-03-01 09:57:40.257004,3814.6908684914665,3824.765343769438,3788.330650492058,3819.758969562984,109726199,3810.95165460816,418161239632.91425,418161239632.91425,0.0,0.7221396126952481,41.93269856704927,3787.210002324563,3811.204025152836,-23.994022828273046,-31.445847209867978,7.451824381594932,1,1.0,0.0082497402527959,0.0,0.9403463517508258,0.950030798795403,1.0881655331465125,-0.13584255050631533
2024-03-04 09:57:40.257004,3813.618450415206,3813.618450415206,3802.538638851739,3802.538638851739,80031182,3806.2319093728947,304617238673.2296,0.0,304617238673.2296,0.5327779698195871,34.75897881558781,3789.568254097975,3810.5621446860882,-20.993890588113118,-29.355455885517006,8.361565297403889,0,-1.0,-0.004508224432081098,-0.004508224432081098,0.9361070593532445,0.945747846737044,1.0881655331465125,-0.13973836623328761
2024-03-05 09:57:40.257004,3858.4902090673427,3858.4902090673427,3785.597878499902,3812.006277482435,132465133,3818.6981216832264,505844354575.6188,505844354575.6188,0.0,0.7800255810020232,43.821032086680816,3793.0202576955844,3810.669117485818,-17.648859790233473,-27.014136666460303,9.36527687622683,1,1.0,0.0024898204935939194,0.0,0.9361070593532445,0.9481025891076222,1.0881655331465125,-0.13973836623328761
2024-04-02 09:57:40.257004,4125.9055447635155,4125.9055447635155,4094.454145772066,4115.449418359252,87381383,4111.936369631611,359306686786.4094,0.0,359306686786.4094,1.7880574107122789,64.13273284266678,4112.041828141643,4040.078411026587,71.96341711505602,74.29166328001648,-2.3282461649604613,0,-1.0,-0.01196252263200459,-0.01196252263200459,1.0106230085963053,1.0235734059348869,1.0881655331465125,-0.07125986092022896
2024-04-08 09:57:40.257004,4241.57396531828,4248.514865266085,4241.57396531828,4248.514865266085,116743089,4246.20123195015,495714648333.466,495714648333.466,0.0,2.4819758494917656,71.28067386952263,4152.607511507542,4080.1137708299075,72.49374067763438,71.58407756305223,0.9096631145821448,1,1.0,0.012221738814580663,0.0,1.0106230085963053,1.0566687592868362,1.0881655331465125,-0.07125986092022896
2024-04-18 09:57:40.257004,4293.0402168040455,4293.0402168040455,4219.25162825484,4259.945577882117,121883590,4257.412474313667,518908716480.13257,0.0,518908716480.13257,2.3749465398935787,70.36990102866837,4251.144946625136,4175.6358765973255,75.5090700278106,79.0405020742202,-3.5314320464096056,0,-1.0,-0.011426174893117147,-0.011426174893117147,1.0133421096329664,1.0595117473193119,1.0881655331465125,-0.06876106735083631
2024-05-17 09:57:40.257004,4466.58176698496,4466.58176698496,4461.456438038606,4462.3196323081265,71463468,4463.452612443898,318973802938.9009,318973802938.9009,0.0,1.0366009661354547,50.89857971060739,4371.929376101369,4321.676540269522,50.252835831846824,48.29348872248835,1.9593471093584753,1,1.0,0.011380717368586257,0.0,1.0133421096329664,1.1098451809505445,1.0881655331465125,-0.06876106735083631
2024-06-11 09:57:40.257004,4646.641977237178,4649.009631725802,4642.564003781196,4649.009631725802,120400730,4646.8610890776,559485467333.5381,0.0,559485467333.5381,0.7889923051132187,44.10261032750984,4664.801009307239,4563.848905766586,100.9521035406533,101.79123141963423,-0.839127878980932,0,-1.0,-0.00852935693991208,-0.00852935693991208,1.05573728824984,1.1562777571123284,1.0894938909296144,-0.030983746637598397
2024-06-17 09:57:40.257004,4583.262333539201,4587.041157338549,4536.403271201665,4587.041157338549,130005492,4570.161861959587,594146141383.6923,0.0,594146141383.6923,0.5831611394085107,36.83523583874646,4625.293962773956,4569.244795542725,56.04916723123097,81.96595690892192,-25.916789677690957,-1,-1.0,0.0029000429982619647,0.0,1.05573728824984,1.1408652769816805,1.0894938909296144,-0.030983746637598397
2024-06-28 09:57:40.257004,4705.069561810286,4705.069561810286,4633.0387137707285,4666.727985755817,103601420,4668.278753778944,483640307847.3289,483640307847.3289,0.0,0.8489427097012293,45.915035941725314,4650.900397510614,4613.170194114912,37.73020339570212,47.95865284099244,-10.228449445290323,0,1.0,0.0019778998876489595,-0.0019778998876489595,1.0370388655732963,1.160684574968273,1.0894938909296144,-0.04814623174395283
2024-07-03 09:57:40.257004,4821.946703042915,4822.450323304093,4790.046128392119,4822.450323304093,121944403,4811.648925000102,586753655604.7292,586753655604.7292,0.0,1.1383306143198952,53.2345469263155,4688.86391899734,4639.972562140557,48.891356856783204,45.486914161954545,3.40444269482866,1,1.0,0.02478415377507659,0.0,1.0370388655732963,1.199415033594096,1.0894938909296144,-0.04814623174395283
2024-07-09 09:57:40.257004,4722.145399701732,4802.728299153412,4713.303327961632,4713.303327961632,69828880,4743.111651692226,331206174352.6182,0.0,331206174352.6182,0.9427510976918392,48.52660224008681,4717.557296085202,4669.31425830307,48.24303778213198,49.16175245810821,-0.9187146759762328,0,-1.0,-0.005434435198472309,-0.005434435198472309,1.0135674623151434,1.17226855445822,1.0894938909296144,-0.06968963226557101
2024-07-10 09:57:40.257004,4691.140161219471,4691.140161219471,4683.699750622241,4683.699750622241,103699411,4686.179887487983,485954094172.5501,0.0,485954094172.5501,0.6607707497873205,39.78699347106994,4712.348442937055,4670.379850326713,41.96859261034206,47.72312048855498,-5.754527878212926,-1,-1.0,-0.006280855544299135,-0.0,1.0135674623151434,1.1649057050085436,1.0894938909296144,-0.06968963226557101
2024-07-11 09:57:40.257004,4709.312852772169,4788.197933806416,4690.894850692787,4739.685797233629,109055127,4739.592860577611,516876901338.58466,516876901338.58466,0.0,0.8980783830446077,47.31513677554493,4716.554189751912,4675.51362417167,41.0405655802424,46.38660950689247,-5.346043926650069,0,1.0,0.011953380787047774,-0.011953380787047774,1.0014519044847288,1.1788302664815151,1.0894938909296144,-0.08080998634123915
2024-07-26 09:57:40.257004,4815.404383251978,4826.659147822904,4815.404383251978,4826.659147822904,98097767,4822.907559632596,473116462047.37695,0.0,473116462047.37695,1.3364925363243971,57.20080486226896,4773.3207528548255,4734.237567223079,39.083185631746346,37.34684031776933,1.7363453139770186,1,1.0,-0.006355514372941906,-0.0,1.0014519044847288,1.200461830774614,1.0894938909296144,-0.08080998634123915
2024-08-08 09:57:40.257004,4751.908822033609,4800.480230280027,4751.908822033609,4800.480230280027,82576139,4784.289760864554,395068176309.4282,0.0,395068176309.4282,1.0463397560152745,51.132259583948795,4844.840746718652,4799.9659083693705,44.87483834928116,48.090058591256,-3.2152202419748406,0,-1.0,-0.007757536306103874,-0.007757536306103874,0.9960202122877589,1.1939507450901414,1.0894938909296144,-0.0857955050689625
2024-08-19 09:57:40.257004,4994.374610901989,5032.963187749383,4994.374610901989,5032.963187749383,88242873,5020.100328800252,442988075761.5789,442988075761.5789,0.0,0.9821076234793273,49.54865274950951,4885.577640692967,4838.847772485655,46.72986820731239,40.31891965136245,6.410948555949943,1,1.0,0.024640850592461128,0.0,0.9960202122877589,1.25177271018031,1.0894938909296144,-0.0857955050689625
2024-08-21 09:57:40.257004,4982.024315100557,5000.078666152905,4975.390817349069,4975.390817349069,77331579,4983.620100283681,385391211491.0754,0.0,385391211491.0754,0.5694093573456768,36.28176133145479,4914.694216219755,4860.227865132755,54.466351086999566,45.12036145098052,9.345989636019048,0,-1.0,-0.005539005950089715,-0.005539005950089715,0.9846266768199041,1.2374536064159662,1.0894938909296144,-0.09625314559610054
2024-08-23 09:57:40.257004,5039.868654027923,5080.598575311532,5017.379904721801,5054.743583347081,82092912,5050.907354460138,414643692969.8489,414643692969.8489,0.0,0.784550014431837,43.96346463181762,4950.465645665242,4885.8671007595885,64.5985449056534,51.260586466492875,13.337958439160523,1,1.0,0.006125162502739645,0.0,0.9846266768199041,1.257189818116345,1.0894938909296144,-0.09625314559610054
2024-09-18 09:57:40.257004,5474.718812721529,5578.36691292533,5474.718812721529,5484.470567445557,84763506,5512.518764364139,467260417358.2923,467260417358.2923,0.0,2.771833151465655,73.48769259288628,5432.907147539978,5284.734033742313,148.17311379766488,149.20910614283358,-1.0359923451686939,0,-1.0,-0.000657270705610169,-0.000657270705610169,1.0683343160534153,1.3640693027173654,1.0894938909296144,-0.01942147179746423
2024-10-08 09:57:40.257004,5772.463369059472,5772.463369059472,5753.834128355469,5753.834128355469,121798099,5760.043875256803,701562394162.8718,701562394162.8718,0.0,1.73232092195528,63.401078110385775,5645.247340614029,5520.119276482213,125.12806413181625,124.83621927784395,0.2918448539722931,1,1.0,0.005066183396847723,0.0,1.0683343160534153,1.4310640217498325,1.0894938909296144,-0.01942147179746423
2024-10-10 09:57:40.257004,5732.51210735305,5732.51210735305,5691.828022348746,5727.322460964341,100876575,5717.220863555379,576733659234.0089,0.0,576733659234.0089,1.2268386859373512,55.09328958962888,5672.653381704894,5551.836550735372,120.81683096952202,124.04508592295852,-3.2282549534365046,0,-1.0,-0.005462137375243814,-0.005462137375243814,1.0634118029225352,1.4244701762350531,1.0894938909296144,-0.02393963676549349
2024-10-31 09:57:40.257004,5558.3990515879705,5558.3990515879705,5547.109676237888,5547.109676237888,82585444,5550.8728013545815,458421294887.3919,0.0,458421294887.3919,0.49273042605192874,33.00866770399625,5669.527869391415,5639.371486964724,30.15638242669138,55.12340987461082,-24.967027447919442,-1,-1.0,-0.022860062538966885,-0.0,1.0634118029225352,1.3796485795869264,1.0894938909296144,-0.02393963676549349
2024-11-06 09:57:40.257004,5452.342256812637,5587.520091171442,5452.342256812637,5506.761188321807,81639618,5515.541178768629,450286674897.94055,450286674897.94055,0.0,0.6874542204318348,40.739133074431436,5594.315227358188,5607.13064873362,-12.81542137543147,22.35795934028923,-35.1733807157207,0,1.0,0.00623488711914888,-0.00623488711914888,1.0709805904581853,1.3696133112596458,1.0894938909296144,-0.01699256932559079
2024-12-02 09:57:40.257004,5420.835029148556,5435.50495829523,5265.541829968384,5432.698373246239,94733843,5377.915053836618,509470560377.49475,0.0,509470560377.49475,0.7273314819494213,42.107232430487166,5406.348985369834,5458.8694143912935,-52.52042902145968,-53.532915649710645,1.0124866282509686,1,1.0,0.010690925305521848,0.0,1.0709805904581853,1.3511927889366544,1.0894938909296144,-0.01699256932559079
2024-12-27 09:57:40.257004,5666.232886875888,5683.415783562193,5643.250064751893,5679.369020164049,45747748,5668.678289492712,259329265880.78363,0.0,259329265880.78363,0.8816837740765628,46.85610761081519,5692.823136210791,5633.767369018294,59.055767192497115,59.49421752313632,-0.43845033063920624,0,-1.0,-0.00439839368009709,-0.00439839368009709,1.1196082625530899,1.4125434431528074,1.1458885835729795,-0.02293444702795222
2024-12-31 09:57:40.257004,5566.877696617593,5566.877696617593,5548.0817761187645,5548.0817761187645,71383375,5554.347082951707,396488040702.4978,0.0,396488040702.4978,0.6662341524493625,39.984425446447545,5654.904349626414,5623.224712890893,31.679636735520944,51.626704623679316,-19.947067888158372,-1,-1.0,-0.004399046226957526,-0.0,1.1196082625530899,1.3798903552679824,1.1458885835729795,-0.02293444702795222
2025-01-20 09:57:40.257004,5456.569036574663,5470.862049518847,5420.079008264796,5470.862049518847,119677046,5453.93436910083,652710754371.861,652710754371.861,0.0,0.8338061206344904,45.468608227024376,5448.775172941531,5487.046433757183,-38.27126081565166,-41.99777312130776,3.726512305656101,1,2.0,0.002630805612392484,-0.002630805612392484,1.1336860415483452,1.3606846621525153,1.164520864763871,-0.026478549374706284
2025-01-21 09:57:40.257004,5351.0495193862125,5362.267334950577,5351.0495193862125,5362.267334950577,102517730,5358.528063095789,549344133169.877,0.0,549344133169.877,0.8220735505362899,45.11747345733269,5435.466274789077,5477.803537549286,-42.33726276020934,-42.06567104908808,-0.27159171112126046,0,-1.0,-0.019849653232952735,-0.019849653232952735,1.1111827667485716,1.3336755434493903,1.164520864763871,-0.0458026125844595
2025-01-24 09:57:40.257004,5308.932831441636,5310.544712135368,5269.331688122359,5269.331688122359,82128099,5283.0693627933615,433888443651.3601,0.0,433888443651.3601,0.6572906757573751,39.66055474589549,5385.594517964862,5443.5037124930695,-57.90919452820799,-47.099625193436644,-10.809569334771346,-1,-1.0,-0.009359729000882888,-0.0,1.1111827667485716,1.3105610675109045,1.164520864763871,-0.0458026125844595
2025-01-28 09:57:40.257004,5383.216322390273,5383.216322390273,5285.497608280185,5356.48583433021,100244470,5341.733255000222,535479219028.87213,535479219028.87213,0.0,0.7527777171849669,42.9477000879472,5364.52497888286,5424.344610999344,-59.81963211648417,-52.31355400374878,-7.506078112735395,0,1.0,0.018702897048198164,-0.018702897048198164,1.0927156760622316,1.3322375983600878,1.164520864763871,-0.06166071461175515
2025-01-30 09:57:40.257004,5361.429124778166,5368.144679307925,5359.664389670125,5368.144679307925,94688789,5365.317916095325,508035456075.06995,0.0,508035456075.06995,0.7958530337548876,44.316156099414535,5369.025163814485,5418.156422817657,-49.13125900317209,-51.782464025729496,2.6512050225574058,1,1.0,-0.004944018573322273,-0.0,1.0927156760622316,1.335137326299853,1.164520864763871,-0.06166071461175515
2025-03-18 09:57:40.257004,6214.087596530239,6229.682539042166,6214.087596530239,6229.682539042166,92843441,6224.484224871524,577902533887.29,0.0,577902533887.29,1.3808138222266177,57.99755568183126,6228.627136061526,6062.286171416631,166.34096464489448,168.6262111247848,-2.2852464798903043,0,-1.0,-0.015338210630962856,-0.015338210630962856,1.2680864943044243,1.5494145902837233,1.3009739633641084,-0.02527911394524951
2025-04-03 09:57:40.257004,6500.1298819599115,6522.746818792846,6500.1298819599115,6522.746818792846,106165841,6515.207839848535,691692519607.313,691692519607.313,0.0,1.4040061403217208,58.40276847769727,6385.233046745374,6257.149793348027,128.0832533973471,127.93886022218683,0.14439317516027472,1,1.0,0.0010208333107610823,0.0,1.2680864943044243,1.6223040301694533,1.3009739633641084,-0.02527911394524951
2025-04-22 09:57:40.257004,6811.927588149046,6815.652031440583,6766.165632150518,6766.165632150518,118204315,6782.661098580539,801739809034.8601,801739809034.8601,0.0,1.9362288073299139,65.94270863688723,6703.1592110466645,6551.80911593865,151.3500951080141,153.15360065577093,-1.8035055477568278,0,-1.0,0.0010805307572223644,0.0010805307572223644,1.3154095191364075,1.6828459050727478,1.3266069096573887,-0.008440624302094912
2025-04-24 09:57:40.257004,6862.507985631389,6900.90074581553,6862.507985631389,6900.90074581553,75816025,6888.103159087482,522228601311.9555,522228601311.9555,0.0,2.5269716707959295,71.64706458290519,6753.292357185868,6598.433822921396,154.85853426447193,153.344891153267,1.5136431112049138,1,1.0,0.006757871854978559,0.0,1.3154095191364075,1.716356529350595,1.3266069096573887,-0.008440624302094912
2025-04-29 09:57:40.257004,6775.296099398991,6816.137566912928,6664.047668046245,6757.193528505488,103716752,6745.792921154887,699651731446.777,0.0,699651731446.777,2.626568491277397,72.42572414101113,6793.459194401648,6652.213050852482,141.24614354916594,151.45124475014737,-10.205101200981431,0,-1.0,-0.027235798152722812,-0.027235798152722812,1.2880168861192094,1.6806144096143478,1.3266069096573887,-0.02908926770790421
2025-05-29 09:57:40.257004,6801.746169934823,6904.397094765665,6776.949748864036,6832.1560422014445,122553725,6837.834295277048,838002063818.9521,838002063818.9521,0.0,1.1431406869339935,53.33950747626309,6707.691962407602,6685.265435666587,22.42652674101464,17.039643929596046,5.3868828114185945,1,1.0,0.021658247228626415,0.0,1.2880168861192094,1.6992587003493809,1.3266069096573887,-0.02908926770790421
2025-06-20 09:57:40.257004,7003.635480011772,7065.517230369187,7003.635480011772,7062.731191389005,97878187,7043.961300589988,689450161399.91,0.0,689450161399.91,1.40186918881233,58.36575927373974,7012.173611763189,6923.6111388563095,88.56247290687952,89.75431443620535,-1.1918415293258278,0,-1.0,0.003937317600087198,0.003937317600087198,1.3314855486963793,1.7566061651791018,1.3396426801964993,-0.006089035248506458
2025-06-23 09:57:40.257004,7088.544050350605,7136.374208739689,7088.544050350605,7136.374208739689,124668121,7120.430822609994,887690731365.2722,887690731365.2722,0.0,1.470838099094728,59.527902683450506,7031.28139591342,6939.371366255078,91.91002965834195,90.18545748063266,1.724572177709291,1,1.0,0.010426988562225015,0.0,1.3314855486963793,1.7749222775717584,1.3396426801964993,-0.006089035248506458
2025-06-24 09:57:40.257004,6977.6670855548755,6977.6670855548755,6932.619573949566,6932.619573949566,99846220,6947.635411151336,693695133741.6067,0.0,693695133741.6067,1.107957914627326,52.56072272311974,7016.102654072827,6938.871233491707,77.23142058111989,87.5946501007301,-10.363229519610215,0,-1.0,-0.028551562576495937,-0.028551562576495937,1.2934695557330746,1.7242454730952517,1.3396426801964993,-0.034466746354074096
2025-07-09 09:57:40.257004,7201.495118570113,7213.779796611181,7201.495118570113,7213.779796611181,91134730,7209.6849039308245,657052687104.8116,657052687104.8116,0.0,1.8198911118249312,64.53763779010472,7110.035389742945,7041.431188758635,68.60420098431041,68.52768406908767,0.07651691522274007,1,1.0,0.008814307565668145,0.0,1.2934695557330746,1.7941741971464629,1.3396426801964993,-0.034466746354074096
2025-08-01 09:57:40.257004,7681.574404859948,7690.237762311083,7626.558070634012,7690.237762311083,85580597,7669.011198418727,656318556760.3601,0.0,656318556760.3601,1.31128859532429,56.73409188177589,7634.226646942195,7470.226226569961,164.00042037223375,168.6490199834759,-4.648599611242162,0,-1.0,0.0029488784770221876,0.0029488784770221876,1.3789010341805943,1.9126763710671648,1.3995562182726526,-0.01475838113709449
2025-08-07 09:57:40.257004,7912.842092571119,7912.842092571119,7807.021823540104,7895.599515072424,114689534,7871.8211437278815,902815498705.4978,902815498705.4978,0.0,1.8522303533585402,64.93971818151061,7723.368738884941,7560.166365015772,163.2023738691696,163.00995254456242,0.19242132460718153,1,1.0,0.004098301193280474,0.0,1.3789010341805943,1.9637528896570804,1.3995562182726526,-0.01475838113709449
2025-08-18 09:57:40.257004,7987.605842943121,7998.142884925966,7987.605842943121,7998.142884925966,117967191,7994.630537598351,943104107603.2974,0.0,943104107603.2974,1.8100714275801117,64.41371595806203,7900.186244420024,7732.716417668433,167.46982675159143,168.12356056325143,-0.653733811660004,0,-1.0,-0.003564582065049282,-0.003564582065049282,1.3968093840746703,1.9892569490360623,1.4032838808000454,-0.004613818211667842
2025-08-19 09:57:40.257004,8091.267250752393,8129.856158995098,8045.707849980168,8103.1880179364425,122495534,8092.917342303903,991346231463.3773,991346231463.3773,0.0,2.8095377266273234,73.75009589719107,7931.4172864994725,7760.158758429026,171.25852807044612,168.75055406469036,2.507974005755756,1,1.0,0.013133690473128956,0.0,1.3968093840746703,2.0153832340762228,1.4032838808000454,-0.004613818211667842
2025-08-21 09:57:40.257004,8122.485775656669,8122.485775656669,8090.77940014832,8090.77940014832,113664248,8101.348191984437,920833650028.0707,0.0,920833650028.0707,3.4877890719806333,77.71731282462744,7976.046279227297,7806.991651810161,169.05462741713654,169.15481285986965,-0.10018544273310681,0,-1.0,0.0006019542691750868,0.0006019542691750868,1.3946704143591113,2.0122970265005273,1.4032838808000454,-0.006138078373723932
2025-09-01 09:57:40.257004,7755.627425967741,7838.898790436496,7755.627425967741,7813.732141398338,94821224,7802.752785934191,739866569731.69,0.0,739866569731.69,0.4777166194857228,32.3280264420372,7940.131658804892,7861.354050201195,78.77760860369744,124.51539691431934,-45.737788310621895,-1,-1.0,-0.010684211264182064,-0.0,1.3946704143591113,1.943391257672806,1.4032838808000454,-0.006138078373723932
2025-09-16 09:57:40.257004,7800.762392486236,7800.762392486236,7767.896020721353,7771.104512045417,71231776,7779.920975084336,554177588194.9089,554177588194.9089,0.0,0.6834180566401935,40.597049196690676,7738.717617465082,7760.315900663484,-21.598283198401987,-8.856379080262176,-12.74190411813981,0,1.0,0.021956442162114786,-0.021956442162114786,1.3983288568840724,1.932789133013212,1.4562102285991456,-0.039747950246685426
2025-09-17 09:57:40.257004,7654.508465992474,7655.960718882206,7576.5562410085395,7655.960718882206,89696582,7629.492559590984,684339404989.7426,0.0,684339404989.7426,0.5305676140600548,34.664761568595225,7725.9857869138705,7752.585887198204,-26.600100284333166,-12.405123321076374,-14.194976963256792,-1,-1.0,-0.014816914762211142,-0.0,1.3983288568840724,1.9041511611760273,1.4562102285991456,-0.039747950246685426
2025-09-19 09:57:40.257004,7600.491901670456,7600.491901670456,7480.322492372187,7592.545777884954,108789053,7557.786723975866,822204460477.3069,822204460477.3069,0.0,0.7110452095513157,41.55619065949589,7679.018062207568,7724.976894667491,-45.95883245992354,-23.6640195437654,-22.294812916158143,0,1.0,0.009259165407761838,-0.009259165407761838,1.4094612436609142,1.8883789233120043,1.4562102285991456,-0.03210318401842527
2025-09-23 09:57:40.257004,7777.139910760156,7870.160186728435,7777.139910760156,7870.160186728435,99512028,7839.153428072343,780090055430.631,780090055430.631,0.0,1.2934642745464617,56.39783836625262,7720.302300632868,7738.837107167749,-18.53480653488168,-24.4960695831525,5.961263048270819,1,1.0,0.012856627508684104,0.0,1.4094612436609142,1.9574257507930743,1.4562102285991456,-0.03210318401842527
2025-10-08 09:57:40.257004,7725.301604198198,7803.039989096495,7725.301604198198,7803.039989096495,74288179,7777.127194130397,577748617103.3267,0.0,577748617103.3267,1.9927530835441734,66.58595039134508,7908.806154501971,7865.992474026543,42.813680475427645,50.58417541171886,-7.770494936291215,0,-1.0,-0.0019875647777982675,-0.0019875647777982675,1.3974407364559134,1.9407319605618885,1.4562102285991456,-0.04035783500832002
2025-10-16 09:57:40.257004,7662.196753730841,7663.169532584746,7662.196753730841,7663.169532584746,110085414,7662.845272966778,843567494292.4907,0.0,843567494292.4907,0.5087479393869093,33.71987633624492,7775.318530328004,7802.978737243373,-27.66020691536869,2.56803212509299,-30.22823904046168,-1,-1.0,-0.016675505028328153,-0.0,1.3974407364559134,1.9059441002318063,1.4562102285991456,-0.04035783500832002
2025-11-06 09:57:40.257004,7311.005735213435,7336.43286922618,7288.6937050494025,7288.6937050494025,109828910,7304.606759774994,802256998404.7195,802256998404.7195,0.0,0.8534825076186041,46.047508088715524,7370.827779693909,7509.434542887231,-138.60676319332197,-119.27177029963481,-19.334992893687158,0,1.0,0.001398531734445374,-0.001398531734445374,1.4677325895583782,1.81280639903186,1.4803191194563088,-0.0085025787565004
2025-11-10 09:57:40.257004,7415.782185574103,7415.782185574103,7346.946437472461,7385.302652691039,77259342,7382.677091912535,570380774319.636,0.0,570380774319.636,0.8330565987164127,45.44631078493462,7374.512029475038,7491.500788721409,-116.98875924637105,-120.12313150065947,3.1343722542884223,1,1.0,0.00044429612274266006,0.0,1.4677325895583782,1.8368344794500513,1.4803191194563088,-0.0085025787565004
2025-11-25 09:57:40.257004,7132.881356268561,7155.162723653064,7132.881356268561,7135.94599554008,47637336,7141.330025153901,340193937895.14484,0.0,340193937895.14484,0.632938911377985,38.7607219699277,7272.499877777138,7367.50534705169,-95.00546927455161,-91.14334713570055,-3.8621221388510634,-1,-2.0,-0.007513198085591699,-0.007513198085591699,1.4181762058412615,1.7748157745878492,1.4803191194563088,-0.04197940349366769
2025-12-02 09:57:40.257004,7042.056125857457,7148.760636089167,7042.056125857457,7148.760636089167,73093290,7113.19246601193,519926639744.02515,0.0,519926639744.02515,0.3931455930734624,28.219993303509042,7199.33604615256,7294.858782398097,-95.52273624553709,-97.19055599884169,1.6678197533045989,0,1.0,-0.007199867009676453,0.007199867009676453,1.4151559164130483,1.7780029660557228,1.4803191194563088,-0.04401969966259278
2025-12-09 09:57:40.257004,7168.132717413327,7183.220874979715,7148.776788694559,7183.220874979715,97434730,7171.739512884663,698776503068.2487,698776503068.2487,0.0,0.8302480095698369,45.362595955778154,7186.334979636222,7256.526004240379,-70.19102460415706,-84.94936951952063,14.758344915363566,1,1.0,0.0027581979883668506,0.0,1.4151559164130483,1.7865737393795729,1.4803191194563088,-0.04401969966259278
2026-01-12 09:57:40.257004,7565.4654920310395,7565.4654920310395,7485.451951015111,7505.943982536561,116182255,7518.953808527571,873569008715.5714,0.0,873569008715.5714,0.8566061755002181,46.13828106380321,7600.47576475496,7508.099855988777,92.37590876618378,97.79956379135494,-5.423655025171158,0,-1.0,-0.011867987204504327,-0.011867987204504327,1.478735127322885,1.8668397703268196,1.5373992347413348,-0.03815801783478834
2026-01-14 09:57:40.257004,7387.182285866893,7501.037229479293,7387.182285866893,7456.940667384341,90340321,7448.3867275768425,672889647901.4315,0.0,672889647901.4315,0.6561281463117172,39.61819909727085,7566.815090243463,7504.5457538900355,62.26933635342721,87.59568365323892,-25.326347299811715,-1,-1.0,-0.007267797919245256,-0.0,1.478735127322885,1.8546519178972165,1.5373992347413348,-0.03815801783478834
2026-01-15 09:57:40.257004,7463.268277773167,7477.835631663895,7463.268277773167,7477.835631663895,110613662,7472.979847033651,826613666932.5919,826613666932.5919,0.0,0.8745763185200087,46.65461255855899,7553.125942769683,7502.5672263177285,50.55871645195475,80.18829021298208,-29.62957376102733,0,1.0,0.002802082678617035,-0.002802082678617035,1.474591589236351,1.8598488059112201,1.5373992347413348,-0.040853178592580086
2026-01-22 09:57:40.257004,7334.456207374752,7346.497895156149,7334.456207374752,7346.497895156149,52385217,7342.483999229017,384637617618.6399,384637617618.6399,0.0,0.6631118661794837,39.87175364834541,7450.222710673665,7461.4551261466595,-11.232415472994944,30.128460552710106,-41.36087602570505,-1,-1.0,0.004352047161334083,0.0,1.474591589236351,1.827183159800908,1.5373992347413348,-0.040853178592580086
2026-01-23 09:57:40.257004,7407.029263995722,7441.418669355144,7407.029263995722,7441.418669355144,63406363,7429.955534235337,471106457677.5847,471106457677.5847,0.0,0.8486291866554424,45.905863262431254,7448.868242778508,7459.9709441621035,-11.102701383595559,21.88222816544897,-32.98492954904453,0,1.0,0.012920547389196235,-0.012920547389196235,1.4555390587279127,1.850791366405857,1.5373992347413348,-0.053245880551771596
2026-01-26 09:57:40.257004,7393.616227300154,7393.616227300154,7333.526631764433,7356.323494227395,112319340,7361.1554510973265,826800121904.6539,0.0,826800121904.6539,0.6325443212617763,38.74592028061385,7434.63058915526,7452.2933552780505,-17.662766122790345,13.973229307801109,-31.635995430591453,-1,-1.0,-0.011435343031858114,-0.0,1.4555390587279127,1.8296269322506047,1.5373992347413348,-0.053245880551771596
2026-01-27 09:57:40.257004,7481.327517559383,7508.449093126717,7481.327517559383,7484.534159992364,120743628,7491.436923559489,904543273083.7313,904543273083.7313,0.0,0.8972382569526107,47.2918071130284,7442.308061591738,7454.681563034666,-12.3735014429285,8.703883157655188,-21.077384600583688,0,1.0,0.017428633456043396,-0.017428633456043396,1.4301710019923894,1.8615148294141057,1.5373992347413348,-0.06974651107263385
2026-02-02 09:57:40.257004,7538.648081261286,7538.648081261286,7387.769830311307,7523.29676265084,113864352,7483.238224741144,852074071321.7808,0.0,852074071321.7808,1.2227875653071862,55.011445285739605,7469.936664425119,7466.333058254226,3.6036061708928173,3.0990568167713866,0.5045493541214308,1,1.0,0.006389525054090184,0.0,1.4301710019923894,1.871155664519268,1.5373992347413348,-0.06974651107263385
2026-02-10 09:57:40.257004,7491.7148698631245,7508.503577867401,7437.84289307164,7437.84289307164,95439885,7461.396454670226,712114819573.1342,0.0,712114819573.1342,1.0369009548572161,50.90581122192568,7486.35594663826,7479.839470882143,6.516475756116961,10.01230251812413,-3.4958267620071695,0,-1.0,-0.00016005134930352494,-0.00016005134930352494,1.413926308989325,1.8499020177254826,1.5373992347413348,-0.08031285755959405
2026-02-17 09:57:40.257004,7516.369335403674,7585.092888542377,7516.369335403674,7571.801633443859,81867029,7557.75461912997,618730916579.1971,618730916579.1971,0.0,0.9318970731054027,48.2374079902423,7474.255394294425,7471.7284213476705,2.5269729467545403,-0.760084991091816,3.2870579378463565,1,1.0,0.0071614975149016935,0.0,1.413926308989325,1.8832195464322754,1.5373992347413348,-0.08031285755959405
2026-02-19 09:57:40.257004,7471.288990007376,7481.787299441753,7471.288990007376,7481.787299441753,113270912,7478.287862963628,847072486436.4211,0.0,847072486436.4211,0.6602466905378848,39.76798714918557,7478.406295439571,7474.2233244155195,4.182971024051767,1.017877574632275,3.165093449419492,0,-1.0,-0.0020611877467272555,-0.0020611877467272555,1.3971174118214997,1.8608316443901627,1.5373992347413348,-0.09124619015661029
2026-02-20 09:57:40.257004,7514.391347352436,7581.052316833125,7449.811441355718,7581.052316833125,79478383,7537.305358340655,599052842058.1509,599052842058.1509,0.0,0.867941459485878,46.465131713751106,7494.19799103858,7482.13658311312,12.061407925460117,3.2265836447978433,8.834824280662273,1,1.0,0.013267554050724994,0.0,1.3971174118214997,1.8855203288114086,1.5373992347413348,-0.09124619015661029
2026-03-11 09:57:40.257004,7773.385098253601,7826.942935478241,7760.105731017593,7771.721041385589,109828255,7786.256569293808,855150971987.8254,855150971987.8254,0.0,2.472682351313504,71.20381598905063,7800.151061049919,7708.038131745999,92.11292930392028,96.31075609463699,-4.197826790716704,0,-1.0,0.006408514683799327,0.006408514683799327,1.4322558838737969,1.9329424730187437,1.5373992347413348,-0.06839040145953246
2026-03-23 09:57:40.257004,7960.46692001555,7960.46692001555,7878.018113319123,7886.470036574293,85925792,7908.318356636322,679528518182.1145,0.0,679528518182.1145,1.3097249652198857,56.70480186783624,7794.659895579043,7737.264592312424,57.39530326661952,57.19196281719183,0.20334044942769225,1,1.0,0.00039748847688159117,0.0,1.4322558838737969,1.961482252734888,1.5373992347413348,-0.06839040145953246
