date,open,high,low,close,volume,typical_price,money_flow,positive_mf,negative_mf,money_ratio,mfi,ma,position,signal,daily_return,strategy_return,cumulative_return,benchmark_return,cum_max,drawdown
2021-04-05 09:31:08.882524,4038.730775980713,4046.8641060275986,4020.6685661204488,4020.6685661204488,135695500,4029.400412756165,546771503709.15424,0.0,0.0,,,,0,,,,,,,
2021-04-30 09:31:08.882524,3961.6751396751606,3962.952684951573,3960.5715054146913,3962.952684951573,116756610,3962.158958439279,462608248268.5011,0.0,462608248268.5011,0.5341698727598411,34.818169893984106,4114.308173631277,-1,-1.0,-0.012873330591952503,-0.0,1.0,0.9856452029756421,1.0,0.0
2021-05-28 09:31:08.882524,3818.274677531608,3871.105218222912,3818.274677531608,3836.489449644041,140451804,3841.9564484661873,539609714076.50903,539609714076.50903,0.0,1.160042440546538,53.70461333403346,3945.461143781083,0,1.0,0.002865074123360678,-0.002865074123360678,1.0310617508243702,0.9541919177252346,1.0340243071095958,-0.002865074123360567
2021-06-07 09:31:08.882524,3811.5866402249726,3821.7979319017713,3789.4164126966753,3789.4164126966753,83627899,3800.2102524317074,317803599169.12335,0.0,317803599169.12335,0.8652370400674331,46.38751115708878,3901.0189331388656,-1,-1.0,-0.006450254924163623,-0.0,1.0310617508243702,0.9424841541597373,1.0340243071095958,-0.002865074123360567
2021-06-21 09:31:08.882524,3850.296889679416,3850.296889679416,3850.0021749163475,3850.0021749163475,115667174,3850.1004131707036,445330234407.6877,445330234407.6877,0.0,0.6895501564363851,40.81264789976941,3825.19886777509,0,1.0,0.00980856063640978,-0.00980856063640978,1.0140554819277336,0.9575527332339213,1.0422631653988341,-0.027063878305923272
2021-06-23 09:31:08.882524,3807.0642593810567,3809.341871903345,3796.1020618180632,3809.341871903345,74744604,3804.9286018749176,284397881595.41437,0.0,284397881595.41437,0.7505044433737907,42.87360973087991,3815.6091844149914,-1,-1.0,-0.0026538381664092947,-0.0,1.0140554819277336,0.9474399118599786,1.0422631653988341,-0.027063878305923272
2021-06-24 09:31:08.882524,3842.135130287386,3844.6496941876067,3820.217412961197,3823.5323275255273,84482503,3829.466478224777,323522913235.0242,323522913235.0242,0.0,1.0092216877228375,50.22948407781943,3815.5093495200113,1,2.0,0.003725172509941199,-0.003725172509941199,1.0102779503229014,0.9509692889744604,1.0422631653988341,-0.030688233200386827
2021-06-30 09:31:08.882524,3815.709965722998,3815.709965722998,3743.0187804269194,3797.987266598576,120537892,3785.5720042494977,456304869406.4495,0.0,456304869406.4495,0.7868881426089454,44.03678796928215,3809.7690110540925,-1,-2.0,-0.010762307428223261,-0.010762307428223261,1.00352827238547,0.9446158528463987,1.0422631653988341,-0.037164215621629304
2021-07-05 09:31:08.882524,3840.505822122711,3840.505822122711,3784.9035956139505,3837.187689662142,108316532,3820.865702466268,413862922128.89,413862922128.89,0.0,1.1482059611578415,53.449528672706066,3804.975615754818,1,2.0,0.01378201297011361,-0.01378201297011361,0.9928823554768729,0.9543655803901915,1.0422631653988341,-0.047378446788978734
2021-07-09 09:31:08.882524,3835.72762021389,3864.1517471707407,3835.72762021389,3864.1517471707407,118208369,3854.677038185124,455655085705.6142,0.0,455655085705.6142,0.836422001592755,45.546285160345185,3818.4530009916075,0,-1.0,-0.006341748858612717,-0.006341748858612717,0.9998593759141267,0.9610719420475058,1.0422631653988341,-0.04068434047410774
2021-07-12 09:31:08.882524,3882.4884306970503,3904.769267074285,3878.4291953932857,3878.4291953932857,131474684,3887.209219286952,511069603747.6387,511069603747.6387,0.0,1.1119468293037018,52.65032309882087,3823.25205186322,1,1.0,0.003694846671846941,0.0,0.9998593759141267,0.9646229555139855,1.0422631653988341,-0.04068434047410774
2021-07-23 09:31:08.882524,3826.7181228732397,3864.4946953535837,3826.7181228732397,3840.969953003995,105575996,3844.060923743606,405840560708.91125,0.0,405840560708.91125,1.4040310334840826,58.40319920701136,3874.879775078338,0,-1.0,-0.020030711469530615,-0.020030711469530615,0.9902023800452683,0.9553062854693727,1.0422631653988341,-0.04994975077493424
2021-07-28 09:31:08.882524,3870.0834278801763,3900.5370895732613,3870.0834278801763,3900.5370895732613,117157976,3890.3858690088996,455789734272.0838,455789734272.0838,0.0,1.3525164675057568,57.492327309392024,3879.606882182042,1,1.0,0.014531822624240798,0.0,0.9902023800452683,0.9701215172124712,1.0422631653988341,-0.04994975077493424
2021-07-29 09:31:08.882524,3878.671674425386,3879.292441693254,3815.540997106691,3879.292441693254,111071390,3858.0419601644003,428518083193.78455,0.0,428518083193.78455,1.3676977377337918,57.764879187782824,3885.8917533522363,0,-1.0,-0.005446595530855802,-0.005446595530855802,0.9848091481874709,0.9648376576924347,1.0422631653988341,-0.05512429021645193
2021-08-02 09:31:08.882524,3817.501095436983,3881.0694571887025,3817.501095436983,3826.301054915782,121642246,3841.6238691804897,467303755734.32495,0.0,467303755734.32495,0.7280528414790411,42.131399225957715,3888.4369058623015,-1,-1.0,-0.005331971062252583,-0.0,0.9848091481874709,0.9516579126062578,1.0422631653988341,-0.05512429021645193
2021-08-10 09:31:08.882524,3931.4295205899934,3947.730191465148,3905.1260308893043,3905.1260308893043,124674485,3919.3274177479193,488640127354.1017,488640127354.1017,0.0,0.801201125364349,44.48149149375426,3885.6069900001553,0,1.0,0.009217686235853728,-0.009217686235853728,0.9647128285153355,0.9712628550871499,1.0422631653988341,-0.07440571580961808
2021-08-11 09:31:08.882524,3894.6620358637806,3953.8252085790314,3875.8329672542473,3875.8329672542473,83898096,3901.830381029175,327356139883.3023,0.0,327356139883.3023,0.5910755086389545,37.14943165359733,3882.5499210184694,-1,-1.0,-0.0075011826515586355,-0.0,0.9647128285153355,0.9639772350084669,1.0422631653988341,-0.07440571580961808
2021-09-09 09:31:08.882524,3719.5707050437077,3803.75179551584,3688.299194043505,3748.2158529769786,123866220,3746.755614178774,464096455192.10315,464096455192.10315,0.0,0.3854876432396607,27.823246574634325,3733.067478371914,0,1.0,0.023734507418641027,-0.023734507418641027,0.9956316119589619,0.9322369629172493,1.0422631653988341,-0.04474067105885693
2021-09-15 09:31:08.882524,3700.5405313944893,3743.351659339032,3693.8002190328784,3693.8002190328784,83969448,3710.317365801596,311553301111.17413,0.0,311553301111.17413,0.7294641729399769,42.17862297198878,3717.635508750788,-1,-1.0,-0.012592569383227725,-0.0,0.9956316119589619,0.918702986403337,1.0422631653988341,-0.04474067105885693
2021-09-16 09:31:08.882524,3748.1958411301543,3748.1958411301543,3732.53394826488,3732.53394826488,93056270,3737.754579219971,347821499317.63,347821499317.63,0.0,0.9815855583271678,49.535360923593494,3714.2536064471205,0,1.0,0.01048614622751387,-0.01048614622751387,0.9851912732872249,0.9283366402584161,1.0422631653988341,-0.054757660067330516
2021-09-17 09:31:08.882524,3776.690837467937,3776.690837467937,3757.0637636539923,3757.0637636539923,115416044,3763.606121591974,434380529728.3286,434380529728.3286,0.0,1.3552940161062286,57.54245571203889,3712.6645428278434,1,1.0,0.00657189344534026,0.0,0.9851912732872249,0.9344375697395996,1.0422631653988341,-0.054757660067330516
2021-09-21 09:31:08.882524,3706.7009888048838,3808.3128297026647,3706.7009888048838,3745.205580897553,108556287,3753.406466468367,407455869601.59595,0.0,407455869601.59595,0.9672298360370228,49.16709874558957,3716.7171525387334,0,-1.0,-0.010039728293464667,-0.010039728293464667,0.9820817763759117,0.9314882635330745,1.0422631653988341,-0.057741068686710584
2021-09-22 09:31:08.882524,3814.999273716714,3815.4271188626026,3794.071019273689,3794.071019273689,65961955,3801.1897191366606,250733905200.15506,250733905200.15506,0.0,1.2725722411205527,55.996998383341904,3721.457556953467,1,1.0,0.013047464904296646,0.0,0.9820817763759117,0.9436418239602865,1.0422631653988341,-0.057741068686710584
2021-10-04 09:31:08.882524,3677.380296918474,3697.8611862421,3677.380296918474,3682.5834181182786,112275417,3685.9416337596176,413840633968.02234,0.0,413840633968.02234,1.0056244169151047,50.14021610595856,3744.0942709714136,0,-1.0,-0.016490490750994402,-0.016490490750994402,0.9532236077147582,0.9159132013886964,1.0422631653988341,-0.08542905538641377
2021-10-05 09:31:08.882524,3685.9847856298466,3698.4626561480413,3655.611476998745,3681.4071192177544,107509117,3678.4937507881805,395471615037.2553,0.0,395471615037.2553,0.9717845057345704,49.28451881573849,3745.0518334809813,-1,-1.0,-0.00031942220093017504,-0.0,0.9532236077147582,0.9156206383780477,1.0422631653988341,-0.08542905538641377
2021-10-25 09:31:08.882524,3611.0346728710006,3616.619330086672,3589.498293071308,3616.619330086672,70051066,3607.578984414884,252714753537.46002,252714753537.46002,0.0,1.0974926361834878,52.32402809196226,3656.4652080713736,0,1.0,0.006854664164667401,-0.006854664164667401,0.9690649277603929,0.8995069527892857,1.0422631653988341,-0.07023009165869454
2021-10-27 09:31:08.882524,3513.8717076416797,3518.106684492037,3513.8717076416797,3518.106684492037,93927478,3516.695025541918,330314294644.2979,0.0,330314294644.2979,0.7558948221727402,43.04898064665386,3632.8308361820973,-1,-1.0,-0.014125726072994893,-0.0,0.9690649277603929,0.8750053944104785,1.0422631653988341,-0.07023009165869454
2021-10-29 09:31:08.882524,3530.428665990766,3562.4861429269527,3530.428665990766,3540.439429225773,131778806,3544.4514127144976,467083575092.5297,467083575092.5297,0.0,1.0131274408539095,50.32604594690591,3610.9438957542175,0,1.0,0.002051533814973583,-0.002051533814973583,0.9629304058744211,0.8805598797818717,1.0422631653988341,-0.07611586224872047
2021-11-08 09:31:08.882524,3514.6240638250347,3541.0047054445427,3492.102680956975,3512.1926433831336,114793509,3515.1000099282173,403510664625.5949,0.0,403510664625.5949,0.7423926087932812,42.60765369680005,3574.8333696575596,-1,-1.0,-0.007971362073322275,-0.0,0.9629304058744211,0.873534484532769,1.0422631653988341,-0.07611586224872047
2021-11-09 09:31:08.882524,3596.659681408127,3596.659681408127,3574.776717257792,3574.776717257792,151439906,3582.071038641237,542468501377.1513,542468501377.1513,0.0,1.0837257014880444,52.00903846001068,3571.8244600432467,1,2.0,0.017819089164304414,-0.017819089164304414,0.945771863113125,0.8891000734007531,1.0422631653988341,-0.09257863607679695
2021-11-11 09:31:08.882524,3558.3601898394545,3558.3601898394545,3543.291978325447,3543.291978325447,112174711,3548.314715496783,398031177747.8988,0.0,398031177747.8988,0.9775928138454175,49.433473210518706,3565.177443518123,-1,-2.0,-0.012687792344606597,-0.012687792344606597,0.9374420057388396,0.8812693511179851,1.0422631653988341,-0.1005707225774245
2021-11-12 09:31:08.882524,3574.152623957182,3574.152623957182,3563.808252650825,3563.808252650825,88857388,3567.2563764196107,316977083934.9914,316977083934.9914,0.0,1.0034642828328282,50.08645731452547,3563.518106939846,1,2.0,0.005790173220518557,-0.005790173220518557,0.9320140541414214,0.8863720533148922,1.0422631653988341,-0.10577857389330714
2021-11-15 09:31:08.882524,3516.0515899849106,3526.429491201075,3516.0515899849106,3526.429491201075,88271697,3522.9701907956874,310978557221.9491,0.0,310978557221.9491,1.0643876466844144,51.559485370584994,3559.758958360458,0,-1.0,-0.010488432261176572,-0.010488432261176572,0.9222386878680945,0.877075400075499,1.0422631653988341,-0.11515755474751987
2021-11-17 09:31:08.882524,3583.0722253676713,3590.1568889259556,3583.0722253676713,3590.1568889259556,81824606,3587.7953344065277,293569939646.4524,293569939646.4524,0.0,1.38159180778905,58.01127646100069,3555.4404847126716,1,1.0,0.01086254665061226,0.0,0.9222386878680945,0.8929253505692726,1.0422631653988341,-0.11515755474751987
2021-11-18 09:31:08.882524,3579.507827917603,3579.507827917603,3558.2316829156243,3558.2316829156243,133690496,3565.323731249617,476649898031.33203,0.0,476649898031.33203,0.9291850992976323,48.164642140141204,3554.04503020572,0,-1.0,-0.008892426430946898,-0.008892426430946898,0.9140377481844545,0.8849850775810079,1.0422631653988341,-0.12302595109490666
2021-11-22 09:31:08.882524,3581.0014988441317,3602.5561595085173,3579.728165230115,3602.5561595085173,100463919,3594.9468280823835,361162446945.7755,361162446945.7755,0.0,1.2765559179013297,56.073997913397974,3553.246411905675,1,1.0,0.0034728842223632483,0.0,0.9140377481844545,0.8960092333560912,1.0422631653988341,-0.12302595109490666
2021-12-01 09:31:08.882524,3577.5325264541616,3585.0527561758317,3577.5325264541616,3585.0527561758317,102057171,3582.5460129352746,365624511057.50354,365624511057.50354,0.0,1.8240346919553911,64.589670132289,3586.9005693790277,0,-1.0,-0.0012599662355083918,-0.0012599662355083918,0.9095967982979284,0.8916558769316956,1.0422631653988341,-0.12728682304544403
2021-12-02 09:31:08.882524,3611.5655141016387,3611.5655141016387,3554.6361604120157,3595.610134756527,102986838,3587.2706030900604,369441656462.5983,369441656462.5983,0.0,1.8553574702837965,64.97811533556921,3590.0273367861946,1,1.0,0.0029448321401988053,0.0,0.9095967982979284,0.8942816538160812,1.0422631653988341,-0.12728682304544403
2021-12-24 09:31:08.882524,3650.1798109900715,3689.619767114954,3650.1798109900715,3678.5434029533076,122370998,3672.780993686111,449441875632.8011,0.0,449441875632.8011,0.7230317504173305,41.96276419411349,3691.093405863428,-1,-2.0,-0.015160892501450807,-0.015160892501450807,0.9305767801082427,0.9149083896021649,1.0422631653988341,-0.10715756730005255
2022-01-12 09:31:08.882524,3673.7061768322014,3755.524828499072,3673.7061768322014,3691.337948677027,118519502,3706.856318002767,439334764795.2416,439334764795.2416,0.0,1.0502869755920607,51.22633992681779,3688.0128344689424,1,2.0,0.011212038991075035,-0.011212038991075035,0.9267486709809584,0.9180905831884582,1.0422631653988341,-0.11083044882783788
2022-01-14 09:31:08.882524,3654.774101977018,3749.449544654179,3654.774101977018,3681.9752479094536,96448080,3695.39963151355,356414199292.1894,0.0,356414199292.1894,1.4685802498074372,59.49088549671393,3685.571058749791,0,-1.0,-0.013340274031675259,-0.013340274031675259,0.9243980678625822,0.9157619404233055,1.0422631653988341,-0.11308573635637365
2022-01-19 09:31:08.882524,3703.814894166086,3704.1958361200855,3655.2392801782858,3690.5874169829403,99598024,3683.340844427104,366853469823.43097,366853469823.43097,0.0,2.0639331250978383,67.3622119292154,3671.527520565596,1,1.0,0.005668231197718976,0.0,0.9243980678625822,0.9179039148068834,1.0422631653988341,-0.11308573635637365
2022-02-16 09:31:08.882524,3963.392719236715,4034.35472247532,3954.6700301965316,3969.8072869701364,135363385,3986.277346547329,539595995177.46454,0.0,539595995177.46454,0.8560365359509716,46.12175026567388,3964.2023400123967,0,-1.0,-0.009738728623485793,-0.009738728623485793,0.994335527448896,0.9873500443237498,1.0422631653988341,-0.04598420009556614
2022-02-17 09:31:08.882524,3948.542253907061,4033.175193498318,3933.3336580986497,3945.6303277023244,106399303,3970.7130597664304,422481101972.14557,0.0,422481101972.14557,0.864257373361576,46.35933780984177,3975.9007775390696,-1,-1.0,-0.006090209806195568,-0.0,0.994335527448896,0.9813368754016617,1.0422631653988341,-0.04598420009556614
2022-02-23 09:31:08.882524,3982.0742074564287,4030.1525041852033,3971.4961108914986,3971.4961108914986,134091841,3991.0482419893997,535167006288.1721,535167006288.1721,0.0,1.250400206577697,55.56345946480546,3987.4707486210123,0,1.0,0.0016042329417527146,-0.0016042329417527146,0.9877467909346193,0.9877700799207133,1.0422631653988341,-0.05230576717479363
2022-02-24 09:31:08.882524,3973.332192562524,3973.332192562524,3950.2250187908867,3950.2250187908867,77837750,3957.9274100480993,308076164261.47144,0.0,308076164261.47144,0.9660889257338863,49.137600699992355,3985.1489085281937,-1,-1.0,-0.005355939300123569,-0.0,0.9877467909346193,0.9824796433301798,1.0422631653988341,-0.05230576717479363
2022-02-25 09:31:08.882524,4097.69115839188,4097.69115839188,4029.838281637013,4039.6761131237704,119520814,4055.735184384221,484744770606.0422,484744770606.0422,0.0,1.0125469557545057,50.3117183357792,3987.784546140825,1,2.0,0.022644556679017658,-0.022644556679017658,0.9653797027427825,1.004727459299551,1.0422631653988341,-0.07376588294438213
2022-03-03 09:31:08.882524,3992.5542468936655,3992.5542468936655,3983.450146143165,3983.450146143165,79273815,3986.4848463933317,316023862213.2884,0.0,316023862213.2884,1.0661981200954807,51.60193060509661,3991.911510396848,0,-1.0,-0.005376444132263347,-0.005376444132263347,0.9519431286783857,0.9907432260667038,1.0422631653988341,-0.08665761174231501
2022-03-04 09:31:08.882524,4034.584771680638,4034.584771680638,3982.6436950628104,4022.472863326771,95930777,4013.2337766900732,384992634480.5232,384992634480.5232,0.0,1.067429848961812,51.63076510179227,3994.2000138347257,1,1.0,0.009796210760008695,0.0,0.9519431286783857,1.0004487555183041,1.0422631653988341,-0.08665761174231501
2022-03-07 09:31:08.882524,3986.329386475481,3995.6947807171487,3986.329386475481,3995.6947807171487,99268200,3992.5729826365928,396335533354.9658,0.0,396335533354.9658,0.8361904465870026,45.539418209111254,3990.368142906898,0,-1.0,-0.0066571195181353016,-0.0066571195181353016,0.9456059294963061,0.9937886485810491,1.0422631653988341,-0.09273784118192552
2022-03-08 09:31:08.882524,4016.2077398682536,4029.560886355819,3975.216939276419,3996.2587073450395,113192999,4000.3455109924257,452811105425.4201,452811105425.4201,0.0,1.1897786498301148,54.33328386512577,3990.183996885963,1,1.0,0.00014113355970346575,0.0,0.9456059294963061,0.9939289055106162,1.0422631653988341,-0.09273784118192552
2022-03-15 09:31:08.882524,4000.6855662276184,4000.6855662276184,3977.438696004269,3996.6155378545664,105870750,3991.579933362151,422591561230.001,0.0,422591561230.001,1.2551752523641349,55.65754816829935,3997.2616323514885,0,-1.0,-0.003409734826843036,-0.003409734826843036,0.9456903637310102,0.9940176545591036,1.0422631653988341,-0.09265683070634967
2022-03-17 09:31:08.882524,4068.3282601551214,4099.374891391356,4051.5774113336047,4051.5774113336047,93466535,4067.5099046861883,380176056869.1983,380176056869.1983,0.0,1.159832446270377,53.7001121671817,4002.862942104331,1,1.0,0.01903751902177775,0.0,0.9456903637310102,1.0076874889598213,1.0422631653988341,-0.09265683070634967
2022-03-28 09:31:08.882524,4139.233520873689,4139.233520873689,4138.791347008897,4138.791347008897,132734799,4138.938738297161,549381201501.18726,0.0,549381201501.18726,0.9582343723042905,48.93358965897011,4048.447656401895,0,-1.0,-0.003447403059155585,-0.003447403059155585,0.9660472198830027,1.0293788903377379,1.0422631653988341,-0.0731254332361122
2022-04-01 09:31:08.882524,4220.52745991781,4288.195573190618,4220.52745991781,4236.134308480147,121979667,4248.285780529525,518204484829.8266,518204484829.8266,0.0,1.2086901061413364,54.72429576157077,4088.4801533533073,1,1.0,0.009162717812949639,0.0,0.9660472198830027,1.0535895308992347,1.0422631653988341,-0.0731254332361122
2022-04-06 09:31:08.882524,4065.0798872597215,4075.593680335281,4063.0823791370553,4075.593680335281,101655458,4071.423246602539,413882394845.2281,0.0,413882394845.2281,1.1701194104783224,53.919586398262425,4112.027140578635,0,-1.0,-0.03104735303932038,-0.03104735303932038,0.9294360512552395,1.0136606918256443,1.0422631653988341,-0.10825204026127122
2022-04-07 09:31:08.882524,4071.0674448159702,4071.0674448159702,3966.2551168589075,4039.5078634366027,100735656,4025.6101417038267,405522478424.78796,0.0,405522478424.78796,0.8993712407603431,47.35099813348301,4110.912213725582,-1,-1.0,-0.008854125246290478,-0.0,0.9294360512552395,1.0046856131029787,1.0422631653988341,-0.10825204026127122
2022-04-08 09:31:08.882524,4045.618232001637,4045.618232001637,4034.9447404123393,4034.9447404123393,52313864,4038.5025709421047,211269674259.91562,211269674259.91562,0.0,1.1454039297308267,53.388730851934945,4111.740451584388,0,1.0,-0.0011296235032901558,0.0011296235032901558,0.9304859640635426,1.0035506966210002,1.0422631653988341,-0.10724470080693937
2022-04-11 09:31:08.882524,3974.321413496061,3990.1676596853476,3974.321413496061,3990.1676596853476,114903017,3984.8855776222517,457875375268.5844,0.0,457875375268.5844,0.847393932238336,45.86969337999385,4110.734356476691,-1,-1.0,-0.011097321923277614,-0.0,0.9304859640635426,0.9924139714742675,1.0422631653988341,-0.10724470080693937
2022-05-02 09:31:08.882524,4052.2639401837873,4072.100029152195,4052.2639401837873,4066.3560109453592,114062850,4063.573326760447,463502754834.27783,463502754834.27783,0.0,0.9187154726529959,47.881798304502844,4054.2354015459723,0,1.0,0.0023984290141156883,-0.0023984290141156883,0.911915944412965,1.0113631462214723,1.0422631653988341,-0.12506171695705115
2022-05-03 09:31:08.882524,4094.7690372314655,4098.3846640527145,4053.4130814478017,4098.3846640527145,110664146,4083.394136517744,451885324899.14355,451885324899.14355,0.0,1.256232879960218,55.67833405487682,4048.8454058549555,1,1.0,0.007876499996838371,0.0,0.911915944412965,1.0193291480394882,1.0422631653988341,-0.12506171695705115
2022-05-13 09:31:08.882524,4209.4593028461095,4209.4593028461095,4155.708076607478,4160.306684809421,97164848,4175.1580214210035,405678594527.35254,0.0,405678594527.35254,0.9109488412997031,47.66997533435458,4102.516444182376,0,-1.0,-0.0051143573445900925,-0.0051143573445900925,0.9256939771421994,1.034730074462144,1.0422631653988341,-0.11184237544462028
2022-06-01 09:31:08.882524,4229.778860259751,4264.420420232801,4229.778860259751,4264.420420232801,115068389,4252.873233575118,489371271608.7096,489371271608.7096,0.0,1.076875394118412,51.8507464226337,4185.410404273781,1,1.0,0.008321775702509804,0.0,0.9256939771421994,1.0606247070863495,1.0422631653988341,-0.11184237544462028
2022-07-20 09:31:08.882524,4643.274642697878,4643.274642697878,4631.701017352034,4641.426394420798,120977282,4638.80068482357,561189498589.6941,0.0,561189498589.6941,0.8458975230629363,45.825811698328785,4650.610808401678,-1,-2.0,-0.0033005065297451175,-0.0033005065297451175,1.007532099386583,1.1543916933445009,1.0422631653988341,-0.03332274147763903
2022-07-21 09:31:08.882524,4649.515016392835,4660.055404562761,4649.515016392835,4660.055404562761,99415671,4656.541941839452,462933241687.6121,462933241687.6121,0.0,1.10815092912122,52.56506608770898,4654.360778751476,1,2.0,0.004013639032250271,-0.004013639032250271,1.00348822922624,1.1590250049034139,1.0422631653988341,-0.037202635054033095
2022-07-22 09:31:08.882524,4657.748375655962,4657.748375655962,4622.30280013326,4633.137300241997,115502302,4637.729492010406,535668432380.4925,0.0,535668432380.4925,1.0328608119313494,50.80824057747784,4656.97009692115,0,-1.0,-0.005776348558948152,-0.005776348558948152,0.9976917314394275,1.152330072486555,1.0422631653988341,-0.04276408822559785
2022-07-25 09:31:08.882524,4584.441826793617,4649.687414436026,4546.709465383442,4594.280641820895,79089410,4596.892507213454,363565516228.93286,0.0,363565516228.93286,0.7589105331009868,43.1466250738186,4657.327549597378,-1,-1.0,-0.008386683990364907,-0.0,0.9976917314394275,1.142665844316016,1.0422631653988341,-0.04276408822559785
2022-08-11 09:31:08.882524,4523.679217859128,4523.679217859128,4501.026842337732,4501.026842337732,92509316,4508.577634178197,417085433070.7232,417085433070.7232,0.0,1.0287052882076624,50.70747802488905,4559.892291826103,0,1.0,-0.0020883259567811008,0.0020883259567811008,1.0175081742502865,1.1194722390860425,1.0422631653988341,-0.023751190649700105
2022-08-15 09:31:08.882524,4421.0893748431545,4450.397804865377,4421.0893748431545,4450.397804865377,60853228,4440.628328191303,270226568118.68417,0.0,270226568118.68417,0.8101830357741577,44.75696765259256,4537.368288225996,-1,-1.0,-0.010552985296425565,-0.0,1.0175081742502865,1.1068800453650847,1.0422631653988341,-0.023751190649700105
2022-08-16 09:31:08.882524,4449.720935112583,4462.771857989022,4447.095624963444,4447.095624963444,86637139,4452.32103597197,385736356466.12756,385736356466.12756,0.0,1.0503874424151851,51.22872978474334,4526.883260443037,0,1.0,-0.0007419965690085295,0.0007419965690085295,1.0182631618245184,1.1060587441691199,1.0422631653988341,-0.023026817382663545
2022-08-17 09:31:08.882524,4478.712854326916,4478.712854326916,4431.695777346524,4431.695777346524,103867589,4447.368136339987,461937405717.0578,0.0,461937405717.0578,0.754246279277624,42.99546125235123,4516.396729589323,-1,-1.0,-0.0034629000398538334,-0.0,1.0182631618245184,1.102228573299856,1.0422631653988341,-0.023026817382663545
2022-08-22 09:31:08.882524,4424.381196609191,4424.381196609191,4423.875369321449,4423.875369321449,138005368,4424.043978417363,610541817289.6722,610541817289.6722,0.0,1.0483559729649659,51.18036058192979,4485.575515594834,0,1.0,0.004548337205073194,-0.004548337205073194,1.0199545469799225,1.1002835216507416,1.0422631653988341,-0.02140401691196192
2022-08-23 09:31:08.882524,4511.1287579908885,4511.1287579908885,4488.700913774693,4488.700913774693,120461131,4496.176861846758,541614549954.0912,541614549954.0912,0.0,1.503127651327833,60.04997989337338,4479.781482653086,1,1.0,0.014653564813962294,0.0,1.0199545469799225,1.1164065975489854,1.0422631653988341,-0.02140401691196192
2022-09-02 09:31:08.882524,4432.065711850972,4477.0822910359875,4432.065711850972,4468.154452245733,130806479,4459.100818377564,583279277557.9877,0.0,583279277557.9877,1.4469233565401254,59.13235298820437,4473.718192976289,0,-1.0,-0.00852485460312502,-0.00852485460312502,1.0152858338570454,1.1112963873461124,1.0422631653988341,-0.025883416432034734
2022-09-06 09:31:08.882524,4456.80113729756,4541.1438622921805,4456.80113729756,4484.090381376782,94920965,4494.011793655508,426575936175.1617,426575936175.1617,0.0,1.9485133129233132,66.08460285334283,4476.937659485612,1,1.0,0.004142016078007238,0.0,1.0152858338570454,1.1152598896515076,1.0422631653988341,-0.025883416432034734
2022-09-21 09:31:08.882524,4550.542664186214,4558.405568770585,4549.3725480588055,4555.124200269135,95722496,4554.300772366176,435949037465.61816,0.0,435949037465.61816,1.3494429040493163,57.43671836942799,4584.132136258677,0,-1.0,-0.022172343884378054,-0.022172343884378054,1.0313692808691084,1.1329270556275621,1.0818667380067981,-0.046676226714137514
2022-09-26 09:31:08.882524,4477.253273406669,4493.905003508192,4477.253273406669,4490.425798315952,104411670,4487.194691743604,468515491380.08496,0.0,468515491380.08496,0.7883765321105204,44.083363763453775,4583.349953904196,-1,-1.0,0.000523190820136632,0.0,1.0313692808691084,1.1168356019578032,1.0818667380067981,-0.046676226714137514
2022-09-29 09:31:08.882524,4651.258486540053,4651.258486540053,4587.665711725058,4620.165243852018,117973383,4619.696480705709,545001222262.04675,545001222262.04675,0.0,0.7484519980992543,42.806551104228085,4592.440523619456,0,1.0,0.008498896468806638,-0.008498896468806638,1.0020131645024422,1.1491037293606174,1.0818667380067981,-0.0738109146894339
2022-09-30 09:31:08.882524,4586.034211222043,4588.933948937208,4586.034211222043,4588.933948937208,100753931,4587.96736969882,462255747796.8864,0.0,462255747796.8864,0.71702102254627,41.759594852423994,4598.479498454029,-1,-1.0,-0.006759778766867508,-0.0,1.0020131645024422,1.1413360423699572,1.0818667380067981,-0.0738109146894339
2022-10-07 09:31:08.882524,4619.063317166181,4648.945187686784,4619.063317166181,4623.214542695513,89780216,4630.40768251616,415719001904.3603,415719001904.3603,0.0,0.7185213525670682,41.810440789331224,4600.378825311436,0,1.0,0.010774610806687512,-0.010774610806687512,0.9938564130038187,1.149862135280764,1.0818667380067981,-0.08135043061322622
2022-10-10 09:31:08.882524,4588.843981123448,4596.903043976751,4588.843981123448,4596.903043976751,48929008,4594.216689692316,224790465163.68887,0.0,224790465163.68887,0.7639640218468194,43.30950134952136,4598.247686486771,-1,-1.0,-0.005691169742562119,-0.0,0.9938564130038187,1.1433180746883362,1.0818667380067981,-0.08135043061322622
2022-10-12 09:31:08.882524,4555.6412444433545,4570.145090460141,4547.536324311913,4570.145090460141,93479750,4562.608835077398,426511533250.8264,426511533250.8264,0.0,1.031655658916614,50.779060634061736,4584.642859105913,0,1.0,0.012520518245015877,-0.012520518245015877,0.9991906962626466,1.1366629741555336,1.0818667380067981,-0.07641980184775032
2022-10-14 09:31:08.882524,4602.738173769186,4612.188979234036,4602.738173769186,4612.188979234036,96921895,4609.038710745753,446716765973.8352,446716765973.8352,0.0,1.9151189890736984,65.69608294727763,4567.606137028159,1,1.0,0.011367383915472429,0.0,0.9991906962626466,1.1471199138615746,1.0818667380067981,-0.07641980184775032
2022-10-17 09:31:08.882524,4539.6331075727885,4539.6331075727885,4488.553336145545,4534.163599194796,93592298,4520.783347637709,423110502265.5461,0.0,423110502265.5461,1.4744947330532088,59.587709497117075,4559.7667217556955,0,-1.0,-0.016917212280446958,-0.016917212280446958,0.9822871751453238,1.1277138427676503,1.0818667380067981,-0.09204420411790915
2022-10-19 09:31:08.882524,4455.626950655833,4498.358702836825,4447.621310478724,4498.358702836825,81200643,4481.446238717457,363896316153.789,0.0,363896316153.789,0.8807687938321727,46.83025349636711,4549.1349985904235,-1,-1.0,-0.0009293518803416001,-0.0,0.9822871751453238,1.1188086331565734,1.0818667380067981,-0.09204420411790915
2022-10-20 09:31:08.882524,4499.062815561294,4499.062815561294,4489.134994538386,4496.081155123074,109533020,4494.759655074252,492324599194.44116,492324599194.44116,0.0,1.2026763300868222,54.60068343492921,4547.59881868974,0,1.0,-0.0005063063806616253,0.0005063063806616253,0.9827845134097419,1.118242173206867,1.0818667380067981,-0.09158450030509546
2022-10-26 09:31:08.882524,4480.455397907448,4480.455397907448,4378.21905101556,4432.305719629138,119049563,4430.326722850715,527428460302.59973,0.0,527428460302.59973,0.8125035597756288,44.82769456608457,4536.629156001172,-1,-1.0,-0.002366013014666768,-0.0,0.9827845134097419,1.1023802750063216,1.0818667380067981,-0.09158450030509546
2022-10-31 09:31:08.882524,4481.788644342186,4533.529662540499,4433.336916291331,4479.760807093167,85190197,4482.209128641666,381840278664.1819,381840278664.1819,0.0,1.0356182706729407,50.87487598205644,4517.287455492458,0,1.0,0.006195497013795848,-0.006195497013795848,0.9723189952835062,1.1141830602107283,1.0818667380067981,-0.1012580744696151
2022-11-01 09:31:08.882524,4418.053049692591,4425.398776436095,4418.053049692591,4425.398776436095,117296488,4422.950200854927,518796525159.17755,0.0,518796525159.17755,0.7656662527675637,43.36415512090312,4510.510920253788,-1,-1.0,-0.012135029747792792,-0.0,0.9723189952835062,1.1006624156305844,1.0818667380067981,-0.1012580744696151
2022-11-10 09:31:08.882524,4480.180759579038,4494.008091842094,4480.180759579038,4494.008091842094,93204819,4489.398981087742,418433619451.0674,418433619451.0674,0.0,0.9994168441413083,49.98541685140844,4460.674155786623,0,1.0,0.01098111817038383,-0.01098111817038383,0.9566944411024481,1.1177265715732363,1.0818667380067981,-0.11570029145638039
2022-11-11 09:31:08.882524,4514.537399992776,4514.537399992776,4472.264264434753,4493.52033583993,104632149,4493.4406667558205,470158353366.65436,470158353366.65436,0.0,1.0084136652039788,50.20946046498654,4454.740723616917,1,1.0,-0.00010853474052452405,-0.0,0.9566944411024481,1.1176052594098131,1.0818667380067981,-0.11570029145638039
2022-11-29 09:31:08.882524,4583.447631131462,4583.447631131462,4559.426692395642,4559.426692395642,101659748,4567.433671974249,464324156099.61676,0.0,464324156099.61676,2.1613796002077987,68.36824024757199,4585.318517481512,0,-1.0,-0.02091080550711455,-0.02091080550711455,0.9707262558574115,1.1339971493335592,1.0818667380067981,-0.10273028853271604
2022-12-02 09:31:08.882524,4602.104539125125,4674.977019769701,4602.104539125125,4641.806218072972,82483151,4639.6292589892655,382691240753.2297,382691240753.2297,0.0,1.595716131765352,61.474986121849234,4614.646897788735,1,1.0,0.01455431001033114,0.0,0.9707262558574115,1.1544861611291322,1.0818667380067981,-0.10273028853271604
2022-12-07 09:31:08.882524,4648.422929266041,4650.05166015295,4648.422929266041,4650.05166015295,99112770,4649.508749857313,460825691337.5954,0.0,460825691337.5954,1.4291156350259326,58.8327543744403,4651.738870330251,0,-1.0,-0.01417436793102056,-0.01417436793102056,0.9724505990854899,1.1565369250616426,1.0818667380067981,-0.10113642935625655
2022-12-13 09:31:08.882524,4556.291969765136,4578.617253230292,4556.291969765136,4578.617253230292,81551740,4571.17549207524,372787315224.09204,372787315224.09204,0.0,0.9634588753850989,49.069470589045714,4654.977415089203,-1,-1.0,-0.0005988924307597232,-0.0,0.9724505990854899,1.1387701268916592,1.0818667380067981,-0.10113642935625655
2023-01-17 09:31:08.882524,4242.943016765849,4312.380951764182,4242.943016765849,4279.21041711461,125102915,4278.178128548214,535212554770.6263,535212554770.6263,0.0,1.106462841913514,52.52705245483474,4307.5019152857185,0,1.0,0.006618867544041951,-0.006618867544041951,1.0384468702964231,1.064303199018372,1.0818667380067981,-0.04013421079048107
2023-01-18 09:31:08.882524,4327.2271320770415,4337.654244489526,4313.797216659018,4313.797216659018,90046549,4321.749559269188,389158633454.4613,389158633454.4613,0.0,1.0034080872535975,50.08505724009205,4302.14545486574,1,1.0,0.008082519010067513,0.0,1.0384468702964231,1.0729054498569137,1.0818667380067981,-0.04013421079048107
2023-01-19 09:31:08.882524,4289.033304022293,4303.257921175403,4284.71377847002,4293.210758124472,74637263,4293.7274859232975,320472067617.186,0.0,320472067617.186,1.0029921245971756,50.07469137198373,4296.910609691427,0,-1.0,-0.004772236037207667,-0.004772236037207667,1.033491156719269,1.06778529180459,1.0818667380067981,-0.04471491690062945
2023-01-31 09:31:08.882524,4258.080558977514,4258.080558977514,4221.413366321352,4256.311942771062,92002000,4245.268622689976,390573203824.72314,390573203824.72314,0.0,1.4765008403581936,59.620445763492526,4242.736832123629,1,1.0,0.006529090222189282,0.0,1.033491156719269,1.0586080082890246,1.0818667380067981,-0.04471491690062945
2023-02-13 09:31:08.882524,4320.336726640259,4334.969839488386,4259.348434894648,4280.2061033928,58284151,4291.508125925277,250126907629.15588,0.0,250126907629.15588,1.0790822979409043,51.90185588178079,4296.822346639634,0,-1.0,-0.013248047333480839,-0.013248047333480839,1.0392929879834785,1.06455084098682,1.083219953447232,-0.040552212248270214
2023-02-15 09:31:08.882524,4218.508797668996,4239.73106549001,4215.133891800087,4215.133891800087,105975955,4223.332949696728,447571742627.0777,0.0,447571742627.0777,0.8117951657752971,44.80612274003483,4290.769910669102,-1,-1.0,-0.0097939498433246,-0.0,1.0392929879834785,1.0483664153067147,1.083219953447232,-0.040552212248270214
2023-02-16 09:31:08.882524,4276.341911151077,4290.744655375924,4275.787328901587,4290.744655375924,84530883,4285.758879884478,362278982441.7259,362278982441.7259,0.0,0.7498756757559836,42.85308300156931,4290.646605531673,0,1.0,0.017937926888378586,-0.017937926888378586,1.0206502263494264,1.0671719354167182,1.083219953447232,-0.057762716518177215
2023-02-17 09:31:08.882524,4328.592345063549,4358.33791787118,4328.592345063549,4333.211475443576,137974699,4340.0472461261015,598816712430.0278,598816712430.0278,0.0,1.0821767112343506,51.97333662390342,4293.762131433126,1,1.0,0.009897307688642165,0.0,1.0206502263494264,1.0777340644182212,1.083219953447232,-0.057762716518177215
2023-02-20 09:31:08.882524,4353.913778942551,4353.913778942551,4300.870648194019,4337.605049091988,101740329,4330.796492076186,440616659935.8771,0.0,440616659935.8771,0.8191345001243079,45.02880353642534,4297.558357747728,0,-1.0,0.0010139301239531218,0.0010139301239531218,1.0216850943599416,1.0788268114517452,1.083219953447232,-0.05680735375254331
2023-03-01 09:31:08.882524,4454.9010587864,4464.586763445937,4439.177342441893,4439.177342441893,94764834,4447.647149443242,421480543807.562,421480543807.562,0.0,1.0444297708655619,51.08660545592503,4377.160192547914,1,1.0,-0.0006846529750237362,-0.0,1.0216850943599416,1.1040893496787927,1.083219953447232,-0.05680735375254331
2023-03-03 09:31:08.882524,4389.501989661041,4389.501989661041,4341.5606091951195,4350.281166787523,61901110,4360.447921881228,269916566461.64127,0.0,269916566461.64127,1.0082717372605516,50.20594168376425,4371.504716292594,0,-1.0,-0.012591229590995345,-0.012591229590995345,1.0012254707392927,1.0819795502281637,1.083219953447232,-0.07569513693594787
2023-03-06 09:31:08.882524,4430.941547262122,4430.941547262122,4369.35306069271,4396.121278625711,91322530,4398.805295526848,401710028564.9094,401710028564.9094,0.0,1.359020401495841,57.60952303058058,4368.347677176059,1,1.0,0.010537275656607559,0.0,1.0012254707392927,1.09338066700373,1.083219953447232,-0.07569513693594787
2023-03-14 09:31:08.882524,4397.046500977844,4400.276149925922,4397.046500977844,4400.276149925922,55834384,4399.199600276563,245626599774.4881,0.0,245626599774.4881,0.88004801234466,46.809869033457694,4399.140226446357,0,-1.0,-0.004593224586125211,-0.004593224586125211,1.0021717510418042,1.0944140452172992,1.083219953447232,-0.07482155599839213
2023-03-15 09:31:08.882524,4332.929756802959,4368.141798375386,4313.303988572256,4368.141798375386,95388272,4349.862528441009,414925870025.5387,0.0,414925870025.5387,0.8972578979458232,47.29235276433909,4406.790621775122,-1,-1.0,-0.007302803382255196,-0.0,1.0021717510418042,1.0864217546262986,1.083219953447232,-0.07482155599839213
2023-03-31 09:31:08.882524,4385.750951500156,4389.452459823781,4385.750951500156,4389.452459823781,101978675,4388.218623715907,447504720856.87177,447504720856.87177,0.0,0.7931331368435017,44.231692591419865,4382.842905500709,0,1.0,0.008929614128598828,-0.008929614128598828,0.9968815902988138,1.0917220327014345,1.083219953447232,-0.07970529242344138
2023-04-03 09:31:08.882524,4312.711523091873,4322.2624404445705,4292.185379090784,4322.2624404445705,106767148,4312.2367533266415,460405219653.465,0.0,460405219653.465,0.7454455041169618,42.70803656480183,4379.149963591652,-1,-1.0,-0.015307152770008159,-0.0,0.9968815902988138,1.07501087676449,1.083219953447232,-0.07970529242344138
2023-05-04 09:31:08.882524,4157.732680889598,4177.984567000439,4157.732680889598,4177.984567000439,71903661,4171.233938296825,299926991050.9898,299926991050.9898,0.0,0.6550092518579087,39.57737705227915,4154.556592288075,0,1.0,0.015661497778400424,-0.015661497778400424,1.0293763423933822,1.0391268263705162,1.083219953447232,-0.04970699707155346
2023-05-05 09:31:08.882524,4070.9807552064526,4079.6948684362164,4052.6851737071875,4079.6948684362164,102144159,4070.6916368598736,415797373795.3852,0.0,415797373795.3852,0.46870128605744094,31.912635367509992,4141.906085765752,-1,-1.0,-0.02352562509219347,-0.0,1.0293763423933822,1.0146807182300825,1.083219953447232,-0.04970699707155346
2023-05-11 09:31:08.882524,4077.7330916556975,4150.988510448353,4048.9235631354336,4096.559942498653,104101506,4098.824005360813,426693751787.01276,426693751787.01276,0.0,1.1840537983879202,54.213582067524456,4112.990378215128,0,1.0,0.004865459301904851,-0.004865459301904851,1.0250167416907652,1.0188753126824945,1.083219953447232,-0.05373166508910887
2023-05-12 09:31:08.882524,4056.0409024284554,4089.201707405178,4056.0409024284554,4076.4349460668905,67532349,4073.8925186335077,275119531356.84705,0.0,275119531356.84705,0.9539603132303621,48.82188787413181,4107.352086271056,-1,-1.0,-0.00491265762352977,-0.0,1.0250167416907652,1.0138699271102185,1.083219953447232,-0.05373166508910887
2023-05-15 09:31:08.882524,4098.207687778916,4098.207687778916,4084.511906634898,4084.511906634898,137768738,4089.077167016237,563347000884.4423,563347000884.4423,0.0,1.374125671874611,57.87923057963485,4100.490961421375,0,1.0,0.00198137850226221,-0.00198137850226221,1.0229857955543202,1.015878787187885,1.083219953447232,-0.05560658082527281
2023-05-17 09:31:08.882524,4139.9087091374295,4139.9087091374295,4117.4693130456035,4134.739323354529,113951739,4130.705781845853,470701107138.68964,470701107138.68964,0.0,1.407854801655362,58.469256563455744,4095.487196767088,1,1.0,0.012765039197698558,0.0,1.0229857955543202,1.0283710918615068,1.083219953447232,-0.05560658082527281
2023-06-08 09:31:08.882524,4092.591005180709,4148.679362930371,4085.871019304217,4108.6076011266105,65055566,4114.3859944537335,267663709611.6605,0.0,267663709611.6605,1.070182590164372,51.69508212700213,4173.365763237534,0,-1.0,-0.018000332632140292,-0.018000332632140292,1.0165204833394637,1.0218717443529572,1.083219953447232,-0.06157518599570144
2023-06-14 09:31:08.882524,4192.478135182645,4192.478135182645,4188.096927749408,4188.096927749408,105949241,4189.557330227154,443880419263.55334,443880419263.55334,0.0,1.6672644507497731,62.508404454650226,4182.323861528116,1,1.0,0.003885484653158855,0.0,1.0165204833394637,1.0416419207093477,1.083219953447232,-0.06157518599570144
2023-06-15 09:31:08.882524,4216.57825066765,4216.57825066765,4144.5386365319955,4181.382753549553,102789955,4180.833213583066,429747657886.70874,0.0,429747657886.70874,1.6986988839414499,62.94510640107058,4183.910990124115,0,-1.0,-0.0016031563537529658,-0.0016031563537529658,1.014890842067878,1.039972005845827,1.083219953447232,-0.06307962769879183
2023-06-16 09:31:08.882524,4235.42486797598,4235.42486797598,4218.371423129338,4218.427346345437,94303261,4224.0745458169185,398344004377.62933,398344004377.62933,0.0,1.7392471726102976,63.49361934187652,4186.434047935355,1,1.0,0.008859412060385319,0.0,1.014890842067878,1.0491855463768807,1.083219953447232,-0.06307962769879183
2023-06-19 09:31:08.882524,4107.469664193961,4182.299115394696,4107.469664193961,4127.381216730853,97876118,4139.04999877317,405114146087.82263,0.0,405114146087.82263,1.3134747465365308,56.77497662349306,4185.051903132073,0,-1.0,-0.021582955480662802,-0.021582955480662802,0.9929864982057945,1.0265410214384736,1.083219953447232,-0.08330113838309483
2023-06-20 09:31:08.882524,4105.774097885548,4139.2102830674385,4105.774097885548,4139.2102830674385,161965988,4128.064888006808,668606108114.1321,0.0,668606108114.1321,0.891211494431257,47.12384083194622,4185.068074724475,-1,-1.0,0.0028659980058625134,0.0,0.9929864982057945,1.0294830859588524,1.083219953447232,-0.08330113838309483
2023-06-28 09:31:08.882524,4180.987833027398,4285.469922962889,4144.75308472986,4189.871639746004,91789630,4206.698215812918,386131272751.12787,386131272751.12787,0.0,1.0197870785417493,50.489830803255636,4180.782569607925,1,2.0,0.006674926990709373,-0.006674926990709373,0.9805026144016646,1.0420833179465014,1.083219953447232,-0.09482592959876746
2023-07-19 09:31:08.882524,4215.045349580023,4275.114521808723,4215.045349580023,4239.915093869492,103523009,4243.358321752746,439285221733.03436,0.0,439285221733.03436,0.7847286477545538,43.9690733233792,4246.54309057418,-1,-2.0,-0.009851057064514834,-0.009851057064514834,0.9922136504000714,1.0545298683896724,1.083219953447232,-0.08401461102848296
2023-07-24 09:31:08.882524,4257.9857423477515,4318.045043206786,4257.9857423477515,4267.538989533598,100674381,4281.189925029379,431006145645.76917,431006145645.76917,0.0,0.7249772580203087,42.0282212214402,4260.094201738057,0,1.0,0.007420930538836634,-0.007420930538836634,0.9857033205345528,1.0614003415982514,1.083219953447232,-0.09002477530287634
2023-07-25 09:31:08.882524,4260.66667050903,4260.66667050903,4227.462569835447,4227.462569835447,105371871,4238.5306033933075,446621899970.31177,0.0,446621899970.31177,0.7143150231460325,41.66766396500185,4263.362830584103,-1,-1.0,-0.009390990872360283,-0.0,0.9857033205345528,1.051432740678382,1.083219953447232,-0.09002477530287634
2023-07-27 09:31:08.882524,4345.970332241106,4385.987132255239,4305.131482932114,4320.180474736382,123938218,4337.099696641245,537532407690.05646,537532407690.05646,0.0,0.8751058317057631,46.669676820837836,4268.728845000015,0,1.0,0.013325538674074044,-0.013325538674074044,0.9643077228514982,1.0744930609649654,1.083219953447232,-0.10977662497566465
2023-07-28 09:31:08.882524,4333.84987032936,4368.853110223826,4333.84987032936,4336.949555285692,88062104,4346.550845279627,382766412578.30237,382766412578.30237,0.0,1.1978891650950376,54.5018003691392,4270.80625047811,1,1.0,0.0038815694500200504,0.0,0.9643077228514982,1.0786637804046655,1.083219953447232,-0.10977662497566465
2023-08-02 09:31:08.882524,4311.871716990565,4325.671715001705,4304.199075515652,4325.671715001705,100687506,4318.5141685063545,434820421252.5686,0.0,434820421252.5686,0.8941422494144546,47.20565468041617,4284.60094970174,0,-1.0,-0.012766997647315259,-0.012766997647315259,0.9618001288976602,1.0758588139921095,1.083219953447232,-0.11209156936517473
2023-08-03 09:31:08.882524,4236.614493335531,4247.25055320191,4159.11734183888,4247.25055320191,103211788,4217.8728160809005,435334194904.3049,0.0,435334194904.3049,0.7115780159110587,41.574383948387634,4282.515730838417,-1,-1.0,-0.01812924488185841,-0.0,0.9618001288976602,1.0563543060949407,1.083219953447232,-0.11209156936517473
2023-08-04 09:31:08.882524,4347.961110338602,4347.961110338602,4258.302354343912,4309.1559173753085,127242648,4305.139794019274,547797387401.18695,547797387401.18695,0.0,1.024669843427865,50.609231265728184,4285.328732200597,1,2.0,0.014575397283009162,-0.014575397283009162,0.9477815099121274,1.071751089777892,1.083219953447232,-0.1250331874926105
2023-08-10 09:31:08.882524,4294.265991890585,4320.487537240231,4290.658753155585,4290.658753155585,116411070,4300.601681183801,500637643350.4051,0.0,500637643350.4051,1.6490924598953631,62.25122319666037,4299.201441867244,0,-1.0,-0.01171896887167212,-0.01171896887167212,0.9437131330491385,1.06715057025843,1.083219953447232,-0.12878900536694127
2023-08-11 09:31:08.882524,4403.772960372303,4405.868865337612,4393.402540654934,4393.402540654934,103686181,4397.557982215826,455965992902.0249,455965992902.0249,0.0,1.6602132681435091,62.40902893105736,4303.07612180508,1,1.0,0.02394592378706073,0.0,0.9437131330491385,1.0927044764831568,1.083219953447232,-0.12878900536694127
2023-09-06 09:31:08.882524,4564.2509240767295,4574.9492867897525,4564.2509240767295,4574.9492867897525,112246644,4571.3831658854115,513122418808.7327,0.0,513122418808.7327,0.7864361903241939,44.022629780102875,4498.509029831608,0,-1.0,-0.0024141782942446177,-0.0024141782942446177,0.9827097983909462,1.1378578491497315,1.083219953447232,-0.09278831573995927
2023-09-08 09:31:08.882524,4499.398060644254,4501.603467161193,4499.398060644254,4501.603467161193,72368165,4500.868331655547,325719582068.5234,0.0,325719582068.5234,0.8291600155025428,45.330097338408066,4516.963723151994,-1,-1.0,-0.010973889623628219,-0.0,0.9827097983909462,1.1196156542454818,1.083219953447232,-0.09278831573995927
2023-10-06 09:31:08.882524,4299.299812043711,4332.744261915146,4299.299812043711,4304.104029593038,125421306,4312.049367850632,540822863252.30066,540822863252.30066,0.0,1.1703326645658205,53.924114200250855,4289.0054142119025,1,2.0,0.024697107473548696,-0.024697107473548696,1.0244103046578974,1.070494610239926,1.083219953447232,-0.0542915117120758
2023-10-17 09:31:08.882524,4234.820277798934,4234.820277798934,4230.64593287257,4230.64593287257,127849118,4232.037381181358,541062246527.0664,0.0,541062246527.0664,0.7819008817004216,43.88015572192062,4249.585650272428,-1,-2.0,-0.006453120445924054,-0.006453120445924054,1.006926705115783,1.0522244903550262,1.083219953447232,-0.07043190820908884
2023-11-09 09:31:08.882524,3994.080707523395,4011.377636970322,3994.080707523395,4011.377636970322,100750836,4005.6119938213465,403568757069.1275,403568757069.1275,0.0,1.1356192887907472,53.17517474913656,4118.302007872382,0,1.0,0.008534092254753878,-0.008534092254753878,1.0592078408292467,0.9976892079022822,1.0864420979919658,-0.02506738022491517
2023-11-17 09:31:08.882524,3967.9859171953462,3976.573776518534,3924.473028679721,3976.573776518534,82125079,3959.2068605722634,325150176201.8391,0.0,325150176201.8391,0.8955606928597579,47.245160560312144,4060.0336976763965,-1,-1.0,-0.012915163331529422,-0.0,1.0592078408292467,0.989032970791604,1.0864420979919658,-0.02506738022491517
2023-11-20 09:31:08.882524,3986.1615105337,4002.178419175544,3986.1615105337,4002.178419175544,92240700,3996.839449628262,368671268621.3256,368671268621.3256,0.0,1.2247055483320544,55.05023122049848,4051.9209792974434,0,1.0,0.006438870267717389,-0.006438870267717389,1.052387738955598,0.9954012257810263,1.0864420979919658,-0.031344844883412826
2023-11-28 09:31:08.882524,4041.3505589188812,4041.3505589188812,4040.8147214448572,4040.8147214448572,98265977,4040.9933339361983,397092158009.7278,397092158009.7278,0.0,2.5022873266814436,71.44723128848655,4009.6629280260377,1,1.0,0.011032095909996098,0.0,1.052387738955598,1.0050106481031935,1.0864420979919658,-0.031344844883412826
2023-11-29 09:31:08.882524,4012.64225314242,4012.64225314242,3975.480840046141,3995.026689301056,125152381,3994.3832608298726,499906575719.4026,0.0,499906575719.4026,1.6830666000975083,62.72921440102687,4005.7545227855785,0,-1.0,-0.011331386193185522,-0.011331386193185522,1.040462727060519,0.9936224843212725,1.0864420979919658,-0.04232105053405888
2023-11-30 09:31:08.882524,4020.8771523016753,4020.8771523016753,3990.0265114776766,4017.601461938004,108121122,4009.501708572452,433511823391.77057,433511823391.77057,0.0,1.6532325658391847,62.31012641427788,4003.9109519479257,1,1.0,0.005650718854370629,0.0,1.040462727060519,0.9992371656275534,1.0864420979919658,-0.04232105053405888
2023-12-06 09:31:08.882524,4000.2407672742747,4000.2407672742747,3927.000328858707,3984.45396379817,62531173,3970.5650199770503,248284088171.93338,0.0,248284088171.93338,1.6419426625683462,62.14906499795658,4016.04216758885,0,-1.0,-0.012906126286824526,-0.012906126286824526,1.0318783175225033,0.9909928904293575,1.0864420979919658,-0.05022244680163901
2023-12-07 09:31:08.882524,4025.9414872490784,4090.547234719293,4019.7518426179686,4019.7518426179686,112917808,4043.3503066517437,456566253603.24274,456566253603.24274,0.0,2.229516706914269,69.03561459028718,4016.4608778712327,1,1.0,0.008858899899586437,0.0,1.0318783175225033,0.9997719972468729,1.0864420979919658,-0.05022244680163901
2023-12-08 09:31:08.882524,4048.895347148383,4048.895347148383,4008.6790078652684,4010.919665614478,78019104,4022.831340209377,313857696706.25476,0.0,313857696706.25476,1.6951740594458362,62.89664496824323,4014.049972407784,0,-1.0,-0.00219719459043477,-0.00219719459043477,1.0296110800652558,0.997575303622854,1.0864420979919658,-0.052309292903642834
2023-12-12 09:31:08.882524,4029.2955755393896,4047.4306034117085,3983.1427450671295,4029.319861768489,103225990,4019.9644034157755,414964805307.3528,414964805307.3528,0.0,1.465869914558236,59.44636032516941,4008.8854117753044,1,1.0,0.010190513495945686,0.0,1.0296110800652558,1.0021517057438984,1.0864420979919658,-0.052309292903642834
2023-12-13 09:31:08.882524,4016.220327495599,4083.3184078996,3999.879049012619,3999.879049012619,112882475,4027.692168641613,454655860534.3827,454655860534.3827,0.0,1.433078661870605,58.899808063288106,4008.284593363017,0,-1.0,-0.007306645728281325,-0.007306645728281325,1.022088076665306,0.994829338264035,1.0864420979919658,-0.059233733160380275
2023-12-21 09:31:08.882524,3855.8899892408044,3880.909201046778,3808.233525204997,3837.853935164485,123619798,3842.3322204720866,474988332943.6508,0.0,474988332943.6508,0.8545215235465492,46.07773556126648,3976.725631719813,-1,-1.0,-0.020906410097303874,-0.0,1.022088076665306,0.954531285543795,1.0864420979919658,-0.059233733160380275
2023-12-22 09:31:08.882524,3886.5144892221847,3993.244688071404,3886.5144892221847,3902.7004484099434,108065491,3927.486541901177,424425761546.4428,424425761546.4428,0.0,1.1244086086826395,52.928076269653836,3971.1851634141785,0,1.0,0.016896555820246295,-0.016896555820246295,1.0048183084247224,0.9706595766921572,1.0864420979919658,-0.07512944290184065
2023-12-25 09:31:08.882524,3914.5925432225827,3918.4727784497804,3861.466938498071,3910.802464516581,80665962,3896.9140604881445,314348321520.60236,0.0,314348321520.60236,0.8444230171147689,45.78250267315032,3966.8891618625903,-1,-1.0,0.0020760025561117335,0.0,1.0048183084247224,0.9726746684544845,1.0864420979919658,-0.07512944290184065
2023-12-26 09:31:08.882524,3912.173957754963,3912.173957754963,3907.0066515328144,3907.0066515328144,84078717,3908.7290869401972,328640926730.51324,328640926730.51324,0.0,1.0446200559375003,51.0911576409496,3960.1987583669884,0,1.0,-0.0009705969601396802,0.0009705969601396802,1.005793582020372,0.9717305933780777,1.0864420979919658,-0.07423176635059858
2023-12-27 09:31:08.882524,3924.7571010961387,3924.7571010961387,3885.8238205525363,3885.8238205525363,102058347,3898.8015807337374,397905244610.6723,0.0,397905244610.6723,0.7620485779859072,43.24787565487891,3954.738614929562,-1,-1.0,-0.005421754521960587,-0.0,1.005793582020372,0.9664621086393026,1.0864420979919658,-0.07423176635059858
2023-12-29 09:31:08.882524,3924.5918296116038,3943.4795588948596,3883.834332789635,3900.4236657552424,133468837,3909.2458524799126,521762497477.5675,521762497477.5675,0.0,1.1573355597693082,53.64652497050882,3941.9829579577317,0,1.0,-0.0002891741141783921,0.0002891741141783921,1.0020122526844923,0.9700933070240015,1.0864420979919658,-0.07771223654120385
2024-01-01 09:31:08.882524,3942.7303158698123,3962.652359555818,3942.7303158698123,3943.912161016558,108834934,3949.7649454807292,429872407156.90875,429872407156.90875,0.0,1.163338700199796,53.77515319687829,3937.9207514375184,1,1.0,0.011149685005537702,0.0,1.0020122526844923,0.9809095418232995,1.0864420979919658,-0.07771223654120385
2024-01-02 09:31:08.882524,3943.524157591218,3949.000966571726,3943.524157591218,3949.000966571726,124540691,3947.175363578224,491583947278.20825,0.0,491583947278.20825,0.8182716912043858,45.00271852455556,3933.543290250229,0,-1.0,0.0012902938370353834,0.0012902938370353834,1.0033051429187652,0.9821752033598032,1.0864420979919658,-0.07652221432403972
2024-01-08 09:31:08.882524,3950.346605925944,3990.1116532120614,3950.346605925944,3953.9812942304884,73582432,3964.813184456165,291740596537.9492,291740596537.9492,0.0,1.1226776063417943,52.88969003053685,3922.9780678324146,1,1.0,0.003348468473509003,0.0,1.0033051429187652,0.9834138848320163,1.0864420979919658,-0.07652221432403972
2024-01-09 09:31:08.882524,3852.545918192327,3887.543748127912,3852.545918192327,3887.543748127912,115428035,3875.87780481605,447384958910.03015,0.0,447384958910.03015,0.8295584478286261,45.34200308348556,3915.889262150385,-1,-2.0,-0.016802696107723114,-0.016802696107723114,0.9864469114989854,0.9668898801770686,1.0864420979919658,-0.09203913091898597
2024-01-12 09:31:08.882524,3883.9645288406027,3928.6669143237327,3874.440453211226,3874.440453211226,109857679,3892.5159402487284,427622766666.22797,427622766666.22797,0.0,1.054704605002803,51.331203640406706,3903.6012121596323,0,1.0,0.002100635115686922,-0.002100635115686922,0.9895473363534978,0.9636308960799711,1.0864420979919658,-0.08918538946305132
2024-01-15 09:31:08.882524,3853.3309898144817,3868.944552682516,3837.4520845320176,3868.944552682516,116672064,3858.4470632990165,450172982709.8349,0.0,450172982709.8349,0.7990722697905804,44.4157960304505,3901.8862104195737,-1,-1.0,-0.0014185017411108003,-0.0,0.9895473363534978,0.9622639839760935,1.0864420979919658,-0.08918538946305132
2024-01-16 09:31:08.882524,3890.2504078592256,3890.2504078592256,3866.426144572834,3871.405447554317,87977468,3876.027333328793,341003070685.0592,341003070685.0592,0.0,1.039125685396662,50.959374051262834,3902.8219476407444,0,1.0,0.0006360636184601365,-0.0006360636184601365,0.9889179212940992,0.9628760450876551,1.0864420979919658,-0.08976472549997583
2024-01-19 09:31:08.882524,3819.3528336657423,3908.6823102118256,3815.2359098805537,3839.7073123379255,70104877,3854.5418441434344,270222181875.02866,0.0,270222181875.02866,0.7768428418434177,43.72040247732141,3899.512424281417,-1,-1.0,-0.0072452885918680154,-0.0,0.9889179212940992,0.9549922479790123,1.0864420979919658,-0.08976472549997583
2024-01-24 09:31:08.882524,3841.765125494029,3841.765125494029,3832.01334845608,3832.01334845608,85668530,3835.2639408020636,328561423970.51984,328561423970.51984,0.0,1.0468175175141146,51.143666133241204,3889.1044891305,0,1.0,0.00471136938614336,-0.00471136938614336,0.9907914814316634,0.9530786448666649,1.0864420979919658,-0.08804023402359884
2024-01-25 09:31:08.882524,3769.7340939738274,3815.6139364096252,3769.252113822381,3769.252113822381,116191888,3784.7060546847956,439752142018.85767,0.0,439752142018.85767,0.7054931108791592,41.36593143524848,3882.4895001432196,-1,-1.0,-0.01637813570221136,-0.0,0.9907914814316634,0.937468993486159,1.0864420979919658,-0.08804023402359884
2024-01-29 09:31:08.882524,3844.6756050054023,3893.7597082727057,3831.3670998340162,3831.3670998340162,117162781,3852.1646359802457,451330321621.2983,451330321621.2983,0.0,1.0536107635898375,51.305280546351504,3872.3729959048314,0,1.0,0.005439628264564567,-0.005439628264564567,0.9745821941024434,0.9529179132342421,1.0864420979919658,-0.10295983936582476
2024-01-31 09:31:08.882524,3894.9309165915765,3946.541306937055,3882.9811081572598,3884.7511515546125,112051605,3904.7578555496425,437534384850.6956,437534384850.6956,0.0,1.1240809972220558,52.920816046665195,3863.5790144695106,1,1.0,0.010598136540278968,0.0,0.9745821941024434,0.9661953199248678,1.0864420979919658,-0.10295983936582476
2024-02-06 09:31:08.882524,3878.8334064824935,3878.837422338261,3878.8334064824935,3878.837422338261,142105948,3878.836083719672,551205678813.5913,0.0,551205678813.5913,0.8555087674763217,46.1064254975146,3865.00988271949,0,-1.0,-0.011934422984618442,-0.011934422984618442,0.9730985945177716,0.9647244876194689,1.0864420979919658,-0.10432539726109946
2024-02-07 09:31:08.882524,3858.235546568366,3874.5808392150625,3858.0561407629666,3858.0561407629666,100697758,3863.564373580332,389052270308.21387,0.0,389052270308.21387,0.8194187819214521,45.03739271373687,3866.092048967124,-1,-1.0,-0.005357605723718906,-0.0,0.9730985945177716,0.9595558741827871,1.0864420979919658,-0.10432539726109946
2024-02-09 09:31:08.882524,3883.249863717116,3886.26542466167,3883.249863717116,3886.26542466167,127361587,3885.260237680152,494832909778.94135,494832909778.94135,0.0,1.1146057807831509,52.70986161639799,3866.4979031714356,1,2.0,0.00612398832752703,-0.00612398832752703,0.9659975756701842,0.9665719421413362,1.0864420979919658,-0.11086142790710629
2024-02-12 09:31:08.882524,3845.8662272578335,3861.7980415708184,3804.5677096384884,3861.7980415708184,102518027,3842.721264260042,393948202322.88513,0.0,393948202322.88513,1.110212375341183,52.61140481946428,3866.1405776158513,0,-1.0,-0.006295860013982857,-0.006295860013982857,0.9599157901599179,0.9604865405001708,1.0864420979919658,-0.11645931989003577
2024-02-13 09:31:08.882524,3889.631687545246,3889.631687545246,3872.8404028754494,3872.8404028754494,117022481,3878.437497765381,453864378391.9368,453864378391.9368,0.0,1.155699349867382,53.611341949816904,3866.212325381908,1,1.0,0.002859383423411632,0.0,0.9599157901599179,0.9632329397924869,1.0864420979919658,-0.11645931989003577
2024-02-14 09:31:08.882524,3860.144819285119,3860.144819285119,3847.4843548083263,3847.4843548083263,124477118,3851.704509633924,479449076746.8341,0.0,479449076746.8341,1.1392815939465357,53.25533567765593,3864.250072437738,0,-1.0,-0.006547145100091689,-0.006547145100091689,0.9536310821978717,0.9569265139704777,1.0864420979919658,-0.12224398892454935
2024-02-15 09:31:08.882524,3833.731537979119,3845.456647111437,3827.9183457908766,3827.9183457908766,106759111,3833.7644462310636,409289284063.03564,0.0,409289284063.03564,0.8617689368635733,46.28764181205812,3862.2594830598055,-1,-1.0,-0.005085403139585831,-0.0,0.9536310821978717,0.9520601568719793,1.0864420979919658,-0.12224398892454935
2024-03-01 09:31:08.882524,3814.6908684914665,3824.765343769438,3788.330650492058,3819.758969562984,109726199,3810.95165460816,418161239632.91425,418161239632.91425,0.0,0.7221396126952481,41.93269856704927,3805.989559722064,0,1.0,0.0082497402527959,-0.0082497402527959,0.9541413653786754,0.950030798795403,1.0864420979919658,-0.12177430611149676
2024-03-06 09:31:08.882524,3917.2174723308176,3971.3870871089994,3871.3004113640627,3914.5892335179165,139827408,3919.0922439969927,547996510191.00305,547996510191.00305,0.0,1.1048701301721882,52.49113065620845,3799.317176740794,1,1.0,0.026910489796787562,0.0,0.9541413653786754,0.9736164941581108,1.0864420979919658,-0.12177430611149676
2024-05-14 09:31:08.882524,4336.224083399347,4336.224083399347,4322.151741474943,4331.273439691208,91503373,4329.8830881885,396198907264.9042,0.0,396198907264.9042,0.8432890817348175,45.74914971780515,4321.693623237398,0,-1.0,-0.0032903127780837815,-0.0032903127780837815,1.0557039083923199,1.0772520461368076,1.0864420979919658,-0.028292524430393762
2024-05-15 09:31:08.882524,4420.60230571222,4420.60230571222,4398.732919076452,4398.732919076452,110049993,4406.0227146217085,484882768901.96,484882768901.96,0.0,1.1417895186692715,53.31007126128265,4326.171116334249,1,1.0,0.015574975887473252,0.0,1.0557039083923199,1.0940302207801196,1.0864420979919658,-0.028292524430393762
2024-05-21 09:31:08.882524,4399.4765476863995,4427.959233840327,4399.4765476863995,4416.803763544806,117250869,4414.746515023845,517632865301.2674,517632865301.2674,0.0,0.9949645649005964,49.873796377439554,4359.614836771651,0,-1.0,0.003685539386336867,0.003685539386336867,1.0600409439623717,1.0985247082443752,1.0864420979919658,-0.024300562430699668
2024-05-22 09:31:08.882524,4460.938826760258,4522.2664515947245,4460.509271248393,4460.509271248393,66100531,4481.094998030504,296202758831.26025,296202758831.26025,0.0,1.291478378543417,56.360050814197415,4367.215877068726,1,1.0,0.009895279492451392,0.0,1.0600409439623717,1.109394917261817,1.0864420979919658,-0.024300562430699668
2024-06-11 09:31:08.882524,4646.641977237178,4649.009631725802,4642.564003781196,4649.009631725802,120400730,4646.8610890776,559485467333.5381,0.0,559485467333.5381,0.7889923051132187,44.10261032750984,4587.059301007428,0,-1.0,-0.00852935693991208,-0.00852935693991208,1.104838093325049,1.1562777571123284,1.1401646664762919,-0.030983746637598064
2024-06-13 09:31:08.882524,4601.026028041949,4645.338805575726,4572.695729873456,4572.695729873456,117088040,4596.910088440879,538243192311.76917,538243192311.76917,0.0,0.8107067309525405,44.77294512105006,4605.415194210622,-1,-1.0,-0.007071480020479526,-0.0,1.104838093325049,1.1372973560677377,1.1401646664762919,-0.030983746637598064
2024-06-18 09:31:08.882524,4659.434315443062,4660.62015668805,4659.434315443062,4660.62015668805,101490191,4660.224876273054,472967112795.9036,472967112795.9036,0.0,0.5381794647515455,34.988080200282425,4632.501678819724,0,1.0,0.01604062331810252,-0.01604062331810252,1.0837068009238833,1.1591654671464464,1.1401646664762919,-0.04951729097770863
2024-06-19 09:31:08.882524,4612.4233036152855,4616.424397057416,4612.4233036152855,4616.424397057416,120512642,4615.090699243373,556176773235.4463,0.0,556176773235.4463,0.5236965897374638,34.370135974885784,4640.297435110175,-1,-1.0,-0.00948280661044909,-0.0,1.0837068009238833,1.148173325191986,1.1401646664762919,-0.04951729097770863
2024-06-20 09:31:08.882524,4658.389896113407,4664.078981027004,4658.389896113407,4664.078981027004,152840238,4662.182619389138,712569101146.8993,712569101146.8993,0.0,0.5749551451213386,36.50612824767416,4650.075801055812,0,1.0,0.010322834269735681,-0.010322834269735681,1.0725198752209606,1.1600257281408741,1.1401646664762919,-0.059328966459195054
2024-06-21 09:31:08.882524,4661.390460593416,4661.390460593416,4656.1940954927595,4656.1940954927595,111961983,4657.926217192978,521510655944.6145,0.0,521510655944.6145,0.4314529731364106,30.14091145384036,4656.865591052446,-1,-1.0,-0.0016905557488026135,-0.0,1.0725198752209606,1.1580646399774066,1.1401646664762919,-0.059328966459195054
2024-06-25 09:31:08.882524,4726.658986401689,4726.658986401689,4689.124793712552,4689.124793712552,114448939,4701.636191275597,538097273655.49316,538097273655.49316,0.0,0.45660732283061584,31.34731754219756,4670.618481799722,0,1.0,0.007144986341300452,-0.007144986341300452,1.0649334285925114,1.1662549938148945,1.1401646664762919,-0.06598278309771222
2024-06-26 09:31:08.882524,4657.409943194983,4657.409943194983,4578.783792240072,4638.196284086421,92694382,4624.796673173826,428692669495.5038,0.0,428692669495.5038,0.4492394216935579,30.99828882439479,4668.634914562516,-1,-1.0,-0.010860984057071588,-0.0,1.0649334285925114,1.1535883169205907,1.1401646664762919,-0.06598278309771222
2024-07-01 09:31:08.882524,4695.168986157623,4787.350108935444,4691.0442821656,4691.0442821656,94541333,4723.146224422214,446532540010.7933,446532540010.7933,0.0,1.1133367337262825,52.6814641490295,4667.78678931438,1,2.0,0.005210566479126877,-0.005210566479126877,1.0528852111445612,1.1667323991074423,1.1401646664762919,-0.07654986853913837
2024-07-08 09:31:08.882524,4753.662289005351,4819.418709465393,4727.231196441697,4739.057428458428,111529026,4761.902444788506,531090341574.2808,0.0,531090341574.2808,0.8882392094017229,47.040608254457126,4670.5818447161,0,-1.0,-0.006083584908696094,-0.006083584908696094,1.0636615604244923,1.1786739818326148,1.1401646664762919,-0.06709829579988158
2024-07-12 09:31:08.882524,4793.774869222893,4815.605824381666,4768.880582813867,4807.179474323551,134146596,4797.221960506361,643530996258.3748,643530996258.3748,0.0,1.2348940631521832,55.25514983070113,4697.738056460476,1,1.0,0.014240116323600116,0.0,1.0636615604244923,1.1956169466019924,1.1401646664762919,-0.06709829579988158
2024-07-15 09:31:08.882524,4806.358795822273,4806.358795822273,4779.0703701795255,4779.79608387249,84583623,4788.408416624763,405020932281.8159,0.0,405020932281.8159,0.9437577238458414,48.5532590954062,4707.375802787173,0,-1.0,-0.005696352840022567,-0.005696352840022567,1.0576025688739454,1.188806290612637,1.1401646664762919,-0.0724124330720638
2024-07-23 09:31:08.882524,4720.002724017853,4720.002724017853,4700.9437462855885,4700.9437462855885,106404331,4707.29673886301,500876760317.2003,0.0,500876760317.2003,0.7040739288016706,41.31709997445859,4734.126817048447,-1,-1.0,-0.015303749125020638,-0.0,1.0576025688739454,1.1691945428920372,1.1401646664762919,-0.0724124330720638
2024-07-24 09:31:08.882524,4802.837646598495,4802.837646598495,4715.435727547875,4772.826641057338,124425898,4763.700005067903,592727650933.1783,592727650933.1783,0.0,0.9961506914895177,49.903581715376156,4740.858334896993,0,1.0,0.01529116250934659,-0.01529116250934659,1.0414305961229915,1.1870728866524405,1.1401646664762919,-0.08659632529960837
2024-07-25 09:31:08.882524,4863.215051449754,4863.215051449754,4857.53125754726,4857.53125754726,102679167,4859.425855514758,498961798942.5177,498961798942.5177,0.0,1.3102552323355015,56.714739306571246,4750.859103493909,1,1.0,0.017747264432625087,0.0,1.0414305961229915,1.208140183072661,1.1401646664762919,-0.08659632529960837
2024-08-08 09:31:08.882524,4751.908822033609,4800.480230280027,4751.908822033609,4800.480230280027,82576139,4784.289760864554,395068176309.4282,0.0,395068176309.4282,1.0463397560152745,51.132259583948795,4815.012593961527,0,-1.0,-0.007757536306103874,-0.007757536306103874,1.0291991389925759,1.1939507450901414,1.1401646664762919,-0.09732412409047708
2024-08-12 09:31:08.882524,4884.865336744982,4884.865336744982,4880.2281674873,4880.2281674873,114764744,4881.773890573194,560255530817.5166,560255530817.5166,0.0,1.3782542679139342,57.952351290127545,4819.505463424579,1,1.0,0.017433870696777154,0.0,1.0291991389925759,1.213785241740588,1.1401646664762919,-0.09732412409047708
2024-08-14 09:31:08.882524,4865.035762937473,4892.971450437138,4860.651657302862,4860.651657302862,101749475,4871.424921680954,495664928282.9532,0.0,495664928282.9532,0.7622106283617085,43.25309449928356,4830.059841001381,0,-1.0,0.0016923312697099124,0.0016923312697099124,1.025070617387678,1.2089162728458633,1.1401646664762919,-0.10094511123933969
2024-08-26 09:31:08.882524,5185.541478707595,5243.986977681831,5118.3509259096445,5144.434250446081,121257073,5168.924051345853,626768601025.4998,626768601025.4998,0.0,1.1079525577074363,52.560602166133265,4918.289137479572,1,1.0,0.017743860914030796,0.0,1.025070617387678,1.279497219391537,1.1401646664762919,-0.10094511123933969
2024-10-16 09:31:08.882524,5742.462869120283,5742.462869120283,5725.274919211149,5725.274919211149,99668631,5731.004235847527,571201346442.1241,0.0,571201346442.1241,0.973770651214095,49.33555226465216,5654.95488949205,0,-1.0,0.0003379932542950659,0.0003379932542950659,1.1408078732158096,1.423960922184509,1.153395045285553,-0.010913149073418449
2024-10-18 09:31:08.882524,5712.905347443373,5862.169985494959,5712.905347443373,5741.830210150602,111814886,5772.301847696312,645429273057.7524,645429273057.7524,0.0,1.0226768621129945,50.56056561821014,5670.835498370759,1,1.0,0.010957030298395454,0.0,1.1408078732158096,1.4280784689723627,1.153395045285553,-0.010913149073418449
2024-10-21 09:31:08.882524,5668.224748195158,5738.956024125794,5648.887762970657,5648.887762970657,95597725,5678.910516689037,542890925874.04645,0.0,542890925874.04645,0.7927593955901705,44.2200664261027,5675.693163323788,-1,-2.0,-0.016186902743247078,-0.016186902743247078,1.1223417271233347,1.4049623016853818,1.153395045285553,-0.026923401733991548
2024-10-24 09:31:08.882524,5684.838707153357,5710.323806305032,5684.838707153357,5710.323806305032,70447751,5701.828773254473,401681013662.8666,401681013662.8666,0.0,1.019625575876645,50.485871641532526,5697.506094103567,1,2.0,0.014687932028937478,-0.014687932028937478,1.109970826180704,1.4202423583038402,1.153395045285553,-0.037649042522198695
2024-10-25 09:31:08.882524,5735.731194329632,5735.731194329632,5634.708312411816,5701.205494042404,105152017,5690.548333594616,598372635113.4628,0.0,598372635113.4628,0.9800000129151052,49.49494982438284,5700.040144023655,0,-1.0,-0.0015968117696864015,-0.0015968117696864015,1.10819841170145,1.4179744985902933,1.153395045285553,-0.03918573585766827
2024-10-28 09:31:08.882524,5643.589203971305,5683.025849372032,5634.209509581512,5664.285486941335,137843835,5660.506948631627,780265985843.5315,0.0,780265985843.5315,0.6778269918815105,40.39909926120554,5701.8779744831645,-1,-1.0,-0.006475824654917139,-0.0,1.10819841170145,1.4087919443722785,1.153395045285553,-0.03918573585766827
2024-10-29 09:31:08.882524,5765.100825846897,5849.169949737054,5765.100825846897,5765.512283586574,82325617,5793.261019723508,476933787890.787,476933787890.787,0.0,0.6704749415032573,40.136785344406185,5708.442319162227,0,1.0,0.017871061915684106,-0.017871061915684106,1.0883937292710706,1.4339685524364725,1.153395045285553,-0.056356507061628425
2024-10-30 09:31:08.882524,5703.960605314583,5726.807071831983,5676.883590134805,5676.883590134805,84539405,5693.524750700531,481327194776.9962,0.0,481327194776.9962,0.6839224017559914,40.61484074579674,5710.155697396211,-1,-1.0,-0.015372214834071252,-0.0,1.0883937292710706,1.4119252797831168,1.153395045285553,-0.056356507061628425
2024-11-15 09:31:08.882524,5541.6622512531585,5567.317846836438,5541.6622512531585,5567.317846836438,131588757,5558.765981642012,731471105978.1571,731471105978.1571,0.0,1.4324642508454952,58.889426652317205,5570.047943705111,0,1.0,0.017728738313445236,-0.017728738313445236,1.1082909684044833,1.3846746518100461,1.153395045285553,-0.039105488674873845
2024-11-21 09:31:08.882524,5369.68466762842,5369.68466762842,5369.360118056251,5369.360118056251,96760903,5369.468301246974,519554601458.53326,0.0,519554601458.53326,0.7480574929804205,42.793643572042356,5523.346939571662,-1,-1.0,-0.001094000684959462,-0.0,1.1082909684044833,1.3354396239720774,1.153395045285553,-0.039105488674873845
2024-11-22 09:31:08.882524,5412.788199197843,5412.788199197843,5379.104423613109,5379.104423613109,108768253,5390.3323488080205,586297032669.235,586297032669.235,0.0,1.032947550302959,50.81033940836419,5507.241886050198,0,1.0,0.0018147982892950942,-0.0018147982892950942,1.1062796438509817,1.3378631775171188,1.153395045285553,-0.04084931839021966
2024-11-27 09:31:08.882524,5319.70006030658,5319.70006030658,5308.531923237407,5308.531923237407,92370211,5312.254635593798,490694081575.5273,0.0,490694081575.5273,0.8153533212453997,44.91430465370989,5454.418774704692,-1,-1.0,-0.013053786323212524,-0.0,1.1062796438509817,1.320310748309108,1.153395045285553,-0.04084931839021966
2024-11-28 09:31:08.882524,5452.422358006925,5452.422358006925,5374.429999564197,5382.338554779844,73590131,5403.063637450322,397612160881.3057,397612160881.3057,0.0,1.0068422907928212,50.17047405329788,5446.180218631789,0,1.0,0.013903397890357994,-0.013903397890357994,1.090898597784518,1.3386675539817658,1.153395045285553,-0.054184771953448396
2024-12-06 09:31:08.882524,5504.201280497262,5572.914156138846,5504.201280497262,5522.9853985887,117534283,5533.366945074937,650360316465.2831,650360316465.2831,0.0,1.0346953475269998,50.85259317983817,5429.985274240676,1,1.0,0.004103824547288637,0.0,1.090898597784518,1.3736485133659821,1.153395045285553,-0.054184771953448396
2024-12-27 09:31:08.882524,5666.232886875888,5683.415783562193,5643.250064751893,5679.369020164049,45747748,5668.678289492712,259329265880.78363,0.0,259329265880.78363,0.8816837740765628,46.85610761081519,5645.425155494768,0,-1.0,-0.00439839368009709,-0.00439839368009709,1.1217874488643356,1.4125434431528074,1.153395045285553,-0.027403964106150758
2024-12-30 09:31:08.882524,5620.682000370955,5620.682000370955,5572.595883012289,5572.595883012289,97010886,5588.624588798511,542157422880.7292,0.0,542157422880.7292,0.6701190105141437,40.12402746723112,5652.420030983069,-1,-1.0,-0.018800176000656532,-0.0,1.1217874488643356,1.3859873778129612,1.153395045285553,-0.027403964106150758
2025-01-22 09:31:08.882524,5314.739086321222,5461.958618544515,5314.739086321222,5352.247599846451,90468971,5376.315101570729,486389695010.8643,486389695010.8643,0.0,1.0592492727131377,51.43861341844921,5446.844357819666,0,1.0,-0.0018685631428367877,0.0018685631428367877,1.1657098731875988,1.3311834864843979,1.171920220203037,-0.0052992916312701865
2025-01-23 09:31:08.882524,5301.818082162668,5319.153503424206,5301.818082162668,5319.117183483706,73908211,5313.3629230235265,392701148034.39954,0.0,392701148034.39954,0.8407430992323164,45.67411387188952,5427.577243059678,-1,-1.0,-0.006190000694978104,-0.0,1.1657098731875988,1.3229434597779162,1.171920220203037,-0.0052992916312701865
2025-01-29 09:31:08.882524,5405.17402679111,5453.187851297224,5350.195391825726,5394.816753537082,76066688,5399.399998886677,410714475102.51324,410714475102.51324,0.0,1.033656766045341,50.82749376903926,5380.79056181106,1,2.0,0.007155982558789908,-0.007155982558789908,1.1487860353862847,1.3417710673781167,1.1791189191055238,-0.02572504200191239
2025-01-30 09:31:08.882524,5361.429124778166,5368.144679307925,5359.664389670125,5368.144679307925,94688789,5365.317916095325,508035456075.06995,0.0,508035456075.06995,0.7958530337548876,44.316156099414535,5382.712487006056,-1,-2.0,-0.004944018573322273,-0.004944018573322273,1.1431064158905615,1.335137326299853,1.1791189191055238,-0.030541875489777826
2025-01-31 09:31:08.882524,5349.267083086127,5403.181854932524,5349.267083086127,5403.181854932524,127402037,5385.210264317058,686086757347.3016,686086757347.3016,0.0,1.1790412760838838,54.10825802266701,5384.302478635518,1,2.0,0.006526868726108193,-0.006526868726108193,1.1356455103740717,1.3438515923599392,1.1791189191055238,-0.03686940140391515
2025-03-05 09:31:08.882524,6041.30174327903,6041.30174327903,5955.467515192246,6029.631400672876,126651029,6008.800219714717,761020730882.295,0.0,761020730882.295,0.8018290011963783,44.500837796704346,5856.404140952919,0,-1.0,0.0010273721699125549,0.0010273721699125549,1.2673132263970759,1.4996589003830458,1.2717174208898239,-0.0034631864126437595
2025-03-06 09:31:08.882524,6145.242179097163,6212.5796117174195,6106.088997364406,6166.688000815639,118578640,6161.7855366324875,730656148905.5505,730656148905.5505,0.0,1.0920173099386068,52.19924829258002,5888.942807788796,1,1.0,0.022730510546211447,0.0,1.2673132263970759,1.5337469128339225,1.2717174208898239,-0.0034631864126437595
2025-04-01 09:31:08.882524,6452.926001973983,6472.971056765285,6437.513389302217,6437.513389302217,115464799,6449.332611789906,744670893704.4666,0.0,744670893704.4666,0.9660481162936162,49.13654494452583,6304.6138935455665,0,-1.0,-0.003187470010409532,-0.003187470010409532,1.3229704279334222,1.6011052101003642,1.3272008408112985,-0.003187470010409532
2025-04-02 09:31:08.882524,6544.204616079534,6545.076855718196,6447.018517748594,6516.094971989357,96843249,6502.730115152049,629745511721.4685,629745511721.4685,0.0,1.0122303824154557,50.30390114676567,6328.937072111392,1,1.0,0.012206822407193174,0.0,1.3229704279334222,1.620649617055291,1.3272008408112985,-0.003187470010409532
2025-05-01 09:31:08.882524,6770.450318755217,6788.083416151982,6706.631746737109,6732.863286703033,120378464,6742.526149864042,811654941400.4672,0.0,811654941400.4672,1.7959684973311982,64.23421791216468,6751.314124925256,0,-1.0,-0.01616162718133274,-0.01616162718133274,1.3669811538838468,1.6745631170488602,1.4103324823165806,-0.03073837479905861
2025-05-15 09:31:08.882524,6654.350582607485,6722.249763360261,6627.832619015209,6640.6222528588005,108724714,6663.568211744757,724494548041.4402,0.0,724494548041.4402,0.9161412048527444,47.81177934760554,6743.229147084996,-1,-1.0,-0.011752830202864883,-0.0,1.3669811538838468,1.6516214016780666,1.4103324823165806,-0.03073837479905861
2025-05-19 09:31:08.882524,6720.032990363893,6720.032990363893,6687.805827548577,6687.805827548577,113574561,6698.548215153683,760784672873.4131,760784672873.4131,0.0,1.1835977112880767,54.204018678417064,6735.602744286254,0,1.0,-0.0038922736308772965,0.0038922736308772965,1.3571508646082284,1.6633566576221557,1.4103324823165806,-0.03770856757195096
2025-05-20 09:31:08.882524,6622.0427180225915,6754.288687943407,6545.4743642431295,6590.502192009096,81417273,6630.088414731877,539803718476.3624,0.0,539803718476.3624,0.8947201299620419,47.22175670239839,6726.819572279183,-1,-1.0,-0.014549410980005728,-0.0,1.3571508646082284,1.6391557980040823,1.4103324823165806,-0.03770856757195096
2025-05-22 09:31:08.882524,6675.685187482976,6759.182007565301,6636.23494913201,6674.06164351556,93064568,6689.826200070957,622585785304.6852,622585785304.6852,0.0,1.239259877187732,55.34238744741447,6701.194315912768,0,1.0,0.016007107314886415,-0.016007107314886415,1.3398015312515372,1.6599382748813272,1.4103324823165806,-0.05001015856146973
2025-05-23 09:31:08.882524,6736.193512636669,6737.2983283484755,6736.193512636669,6737.2983283484755,88284145,6736.93005644454,594764109958.0079,594764109958.0079,0.0,1.6107978852275333,61.69753293971091,6693.844246216087,1,1.0,0.00947499262227458,0.0,1.3398015312515372,1.675666177789259,1.4103324823165806,-0.05001015856146973
2025-05-28 09:31:08.882524,6718.223619419928,6768.784987117927,6479.15012458292,6687.320403603169,119176326,6645.085171768005,791936836728.3898,0.0,791936836728.3898,0.8292562839730184,45.33297445735329,6672.009060619583,0,-1.0,-0.0023189477637177713,-0.0023189477637177713,1.3298627550775943,1.6632359254758908,1.4103324823165806,-0.057057274258342616
2025-05-29 09:31:08.882524,6801.746169934823,6904.397094765665,6776.949748864036,6832.1560422014445,122553725,6837.834295277048,838002063818.9521,838002063818.9521,0.0,1.1431406869339935,53.33950747626309,6676.973698394502,1,1.0,0.021658247228626415,0.0,1.3298627550775943,1.6992587003493809,1.4103324823165806,-0.057057274258342616
2025-06-24 09:31:08.882524,6977.6670855548755,6977.6670855548755,6932.619573949566,6932.619573949566,99846220,6947.635411151336,693695133741.6067,0.0,693695133741.6067,1.107957914627326,52.56072272311974,6984.298303368458,0,-1.0,-0.028551562576495937,-0.028551562576495937,1.3494177401057657,1.7242454730952517,1.4103324823165806,-0.043191760081110586
2025-06-25 09:31:08.882524,7050.756876076927,7100.025762829569,6935.541093030279,7080.129942758446,92242484,7038.565599539431,649254774698.4663,649254774698.4663,0.0,1.4306238739764225,58.858299274250435,7003.938780326222,1,1.0,0.021277724420819766,0.0,1.3494177401057657,1.7609334931056184,1.4103324823165806,-0.043191760081110586
2025-07-03 09:31:08.882524,7043.2286290417405,7043.2286290417405,7011.06526823215,7011.06526823215,127840775,7021.786388502013,897670613790.5485,0.0,897670613790.5485,1.1146132499936015,52.71002865403279,7051.139990637428,0,-1.0,-0.006012966393247554,-0.006012966393247554,1.3362545499137923,1.7437560825853238,1.4103324823165806,-0.05252515511881961
2025-07-04 09:31:08.882524,7110.277406960828,7146.64171642152,6983.90650283264,7146.64171642152,102222587,7092.396645225227,725003133105.044,725003133105.044,0.0,1.500480421132181,60.00768526125013,7059.637580598629,1,1.0,0.019337496229521856,0.0,1.3362545499137923,1.7774759592575233,1.4103324823165806,-0.05252515511881961
2025-08-27 09:31:08.882524,7855.0611698558805,8012.776068969833,7852.42360790227,7852.42360790227,53970565,7905.874428258125,426684509712.14294,0.0,426684509712.14294,0.8956325928170679,47.24716151277412,7929.988170997528,-1,-2.0,-0.01511551847870618,-0.01511551847870618,1.4682192266333287,1.9530144001595955,1.5151062957156718,-0.03094638918399817
2025-08-28 09:31:08.882524,8000.182817937875,8000.182817937875,7971.653863525119,7971.653863525119,83582421,7981.163514996038,667084968980.2386,667084968980.2386,0.0,0.9315494483860999,48.22809217565997,7945.18952104946,0,1.0,0.015183879726363925,-0.015183879726363925,1.4459259624841931,1.9826687359154755,1.5151062957156718,-0.045660382659027055
2025-08-29 09:31:08.882524,7871.182659087162,7898.117295169216,7839.382805669445,7898.117295169216,91463916,7878.539132002626,720602041372.201,0.0,720602041372.201,0.7102959454664945,41.53058699281174,7955.583497692368,-1,-1.0,-0.009224756821463953,-0.0,1.4459259624841931,1.9643790989691359,1.5151062957156718,-0.045660382659027055
2025-09-22 09:31:08.882524,7728.574240975197,7806.900910413269,7728.574240975197,7770.26083749544,125359209,7768.578662961302,973862876243.1064,973862876243.1064,0.0,0.9622299247036848,49.03757264067771,7720.287847962421,0,1.0,0.023406518025629985,-0.023406518025629985,1.4636748351666176,1.9325792986197265,1.5258576739141163,-0.04075271226836508
2025-09-23 09:31:08.882524,7777.139910760156,7870.160186728435,7777.139910760156,7870.160186728435,99512028,7839.153428072343,780090055430.631,780090055430.631,0.0,1.2934642745464617,56.39783836625262,7715.148921783466,1,1.0,0.012856627508684104,0.0,1.4636748351666176,1.9574257507930743,1.5258576739141163,-0.04075271226836508
2025-10-07 09:31:08.882524,7751.364455275156,7843.314651377062,7751.364455275156,7818.579923164178,102336603,7804.419676605464,798677798090.1617,0.0,798677798090.1617,1.908572387063838,65.61887184078353,7854.872175032389,0,-1.0,-0.01791474318708075,-0.01791474318708075,1.4540820528116187,1.9445969730124613,1.5258576739141163,-0.04703952559243574
2025-10-13 09:31:08.882524,7598.614168695191,7676.146257966047,7598.614168695191,7631.413521814619,106602275,7635.39131615862,813950084817.7532,0.0,813950084817.7532,0.7645462246066896,43.3282060818273,7842.8428073787845,-1,-1.0,0.0007963363566687587,0.0,1.4540820528116187,1.8980459086132,1.5258576739141163,-0.04703952559243574
2025-11-13 09:31:08.882524,7435.332918967552,7435.332918967552,7385.441515394662,7385.441515394662,102753238,7402.071983252292,760586864188.2548,760586864188.2548,0.0,1.233322520097219,55.223663801300454,7404.380227827323,0,1.0,0.004673240656461353,-0.004673240656461353,1.4998850952715037,1.8368690166672677,1.5331520945982224,-0.021698433863103883
2025-11-19 09:31:08.882524,7250.978292267068,7270.932779619129,7250.978292267068,7270.932779619129,130016860,7264.281283835109,944479042681.0096,0.0,944479042681.0096,0.8635077600764544,46.337760355826326,7356.301435263211,-1,-1.0,-0.00729979178934792,-0.0,1.4998850952715037,1.808388993036267,1.5331520945982224,-0.021698433863103883
2025-12-05 09:31:08.882524,7218.765026111743,7287.066796910846,7218.765026111743,7252.190426249452,110556786,7252.674083090681,801832336532.0027,801832336532.0027,0.0,0.5584602666114314,35.8341036069976,7240.5515297186885,0,1.0,0.021046812282976557,-0.021046812282976557,1.5013740471872392,1.803727491332892,1.5389770431036431,-0.024433760129761395
2025-12-08 09:31:08.882524,7146.174043570713,7163.462626772809,7146.174043570713,7163.462626772809,62006594,7157.699765705444,443824583345.9926,0.0,443824583345.9926,0.574700926750579,36.49587785132531,7229.459528422778,-1,-1.0,-0.012234620750648073,-0.0,1.5013740471872392,1.7816595695389161,1.5389770431036431,-0.024433760129761395
2025-12-10 09:31:08.882524,7204.562399492584,7301.362160617916,7173.812538246414,7226.489396377878,72333184,7233.888031747403,523250154035.7828,523250154035.7828,0.0,1.1543037823245264,53.581291171434295,7215.0012743279,1,2.0,0.0060235543569144845,-0.0060235543569144845,1.488214296189107,1.7973352634113617,1.5389770431036431,-0.032984733035499536
2025-12-11 09:31:08.882524,7179.736793566667,7254.331032577621,7179.736793566667,7254.331032577621,118034573,7229.466286240637,853326966114.3093,0.0,853326966114.3093,0.8118576192755478,44.80802523545755,7208.445750187049,0,-1.0,0.0038527194426796196,0.0038527194426796196,1.4939479683429084,1.8042598919257204,1.5389770431036431,-0.02925909451509745
2025-12-12 09:31:08.882524,7279.976888115964,7279.976888115964,7239.044131659426,7239.044131659426,115682928,7252.6883838116055,839012228110.9143,839012228110.9143,0.0,1.1351487601001202,53.164855831726285,7201.217388707922,1,1.0,-0.0021072792032159615,-0.0,1.4939479683429084,1.8004578125782686,1.5389770431036431,-0.02925909451509745
2025-12-23 09:31:08.882524,7267.1127879115475,7302.743483854702,7267.1127879115475,7302.743483854702,119403501,7290.8665852069835,870554995597.6287,0.0,870554995597.6287,0.9535053690566422,48.80996920510614,7219.426292085627,0,-1.0,-0.013746198450607316,-0.013746198450607316,1.5070938362318331,1.8163007877322093,1.5389770431036431,-0.020717142607606043
2025-12-24 09:31:08.882524,7262.633643416389,7367.560649927731,7262.633643416389,7296.139502163317,78031815,7308.7779318358125,570317207453.0947,570317207453.0947,0.0,1.273823922706507,56.02122090396026,7230.199406505523,1,1.0,-0.0009043151667569305,-0.0,1.5070938362318331,1.8146582793824704,1.5389770431036431,-0.020717142607606043
2026-01-08 09:31:08.882524,7604.07014475331,7643.102832545365,7604.07014475331,7643.102832545365,111982066,7630.091936614681,854433458832.053,0.0,854433458832.053,0.8368054039703695,45.557651461693354,7489.719517680358,0,-1.0,-0.009835830260608525,-0.009835830260608525,1.5787627368144237,1.9009532138383174,1.6119395620159398,-0.020581928741809752
2026-01-12 09:31:08.882524,7565.4654920310395,7565.4654920310395,7485.451951015111,7505.943982536561,116182255,7518.953808527571,873569008715.5714,0.0,873569008715.5714,0.8566061755002181,46.13828106380321,7521.468841442409,-1,-1.0,-0.011867987204504327,-0.0,1.5787627368144237,1.8668397703268196,1.6119395620159398,-0.020581928741809752
2026-01-28 09:31:08.882524,7556.119825843694,7645.691571792849,7521.31776245472,7521.31776245472,81790265,7562.775698900762,618561428548.6536,618561428548.6536,0.0,1.2167170529845077,54.888243465550275,7530.582556005577,0,1.0,0.004914614814503393,-0.004914614814503393,1.57332874088714,1.8706634577721621,1.6188215694523758,-0.028102435391088476
2026-02-02 09:31:08.882524,7538.648081261286,7538.648081261286,7387.769830311307,7523.29676265084,113864352,7483.238224741144,852074071321.7808,0.0,852074071321.7808,1.2227875653071862,55.011445285739605,7491.37814027914,1,1.0,0.006389525054090184,0.0,1.57332874088714,1.871155664519268,1.6188215694523758,-0.028102435391088476
2026-02-09 09:31:08.882524,7437.61125179279,7527.699311440835,7422.767381298896,7439.033520424098,149968609,7463.166737721276,1119240734391.1277,0.0,1119240734391.1277,1.0289004237963357,50.712218881157796,7460.791675340006,0,-1.0,-0.013218291685586192,-0.013218291685586192,1.555706974130068,1.8501981444349782,1.6188215694523758,-0.03898798762834532
2026-02-11 09:31:08.882524,7388.8769098885305,7395.750560998276,7377.822104898599,7377.822104898599,71860450,7383.798256931824,530603065452.3365,0.0,530603065452.3365,0.8654582559022002,46.39386880751371,7453.151243315204,-1,-1.0,-0.008069649901983111,-0.0,1.555706974130068,1.8349739560894658,1.6188215694523758,-0.03898798762834532
2026-02-16 09:31:08.882524,7559.760396858963,7559.760396858963,7517.961768918622,7517.961768918622,102160282,7531.894644898736,769460480917.1448,769460480917.1448,0.0,0.9318657851287573,48.236569657278196,7455.229443370596,0,1.0,0.011965856671584119,-0.011965856671584119,1.526153422213387,1.8698287723259712,1.6188215694523758,-0.0572442009593046
2026-02-25 09:31:08.882524,7827.691639289987,7827.691639289987,7782.100992669963,7825.613130891109,123637800,7811.801920950354,965834003542.0757,965834003542.0757,0.0,1.3287957223180027,57.05935087322152,7526.2238666846115,1,1.0,0.005117574247611945,0.0,1.526153422213387,1.9463462362534538,1.6188215694523758,-0.0572442009593046
2026-03-12 09:31:08.882524,7694.0035728114735,7729.279440713619,7636.917598368771,7696.236356217071,75535595,7687.477798433153,580678209553.9382,0.0,580678209553.9382,1.9449134454639265,66.04314461125139,7730.328448003289,0,-1.0,-0.009712737341774136,-0.009712737341774136,1.5009223247746066,1.9141683104815532,1.6188215694523758,-0.07283029019538745
2026-03-17 09:31:08.882524,7803.33674891078,7803.33674891078,7689.504407631499,7779.736905541837,117645729,7757.526020694706,912639803941.0978,912639803941.0978,0.0,1.38802221417184,58.12434264365511,7749.419818181389,1,1.0,0.026319783765445415,0.0,1.5009223247746066,1.934936137511209,1.6188215694523758,-0.07283029019538745
