date,open,high,low,close,volume,tr,plus_dm,minus_dm,smooth_tr,smooth_plus_dm,smooth_minus_dm,plus_di,minus_di,dx,adx,ma20,ma50,ma100,uptrend,downtrend,position,signal,daily_return,strategy_return,cumulative_return,benchmark_return,cum_max,drawdown
2021-04-05 09:25:39.531119,4038.730775980713,4046.8641060275986,4020.6685661204488,4020.6685661204488,135695500,,0.0,0.0,,,,,,,,,,,False,False,0,,,,,,,
2021-10-04 09:25:39.531119,3677.380296918474,3697.8611862421,3677.380296918474,3682.5834181182786,112275417,66.94894798150563,0.0,32.03551641870445,67.62271283616188,16.55356962984823,19.844094970558608,24.479304268603748,29.345310382086286,9.040484813615207,22.539585995307768,3744.0942709714136,3774.5714941703654,3816.944327772634,False,True,-1,-1.0,-0.016490490750994402,-0.0,1.0,0.9159132013886964,1.0,0.0
2021-10-26 09:25:39.531119,3538.1426494900975,3575.474038338231,3538.1426494900975,3568.514543419885,127264579,78.47668059657462,0.0,51.35564358121064,52.4179483417156,19.288838064859323,16.76370875347428,36.79815535532655,31.980856336060132,7.004024775583824,23.825296682233,3645.2778113451554,3699.8334319449978,3774.690650728668,False,True,0,1.0,-0.013301036762869534,0.013301036762869534,1.0304698143296473,0.8875425777417787,1.0304698143296473,0.0
2021-10-27 09:25:39.531119,3513.8717076416797,3518.106684492037,3513.8717076416797,3518.106684492037,93927478,54.64283577820515,0.0,24.270941848417806,53.896940157007165,16.977866227676518,18.497347456932694,31.500612424783853,34.31984710643698,4.283219384568215,22.282611121618704,3632.8308361820973,3694.149140941653,3771.69890373475,False,True,-1,-1.0,-0.014125726072994893,-0.0,1.0304698143296473,0.8750053944104785,1.0304698143296473,0.0
2021-10-29 09:25:39.531119,3530.428665990766,3562.4861429269527,3530.428665990766,3540.439429225773,131778806,32.057476936186504,29.29517444777366,0.0,52.05823913061551,15.332343507161243,17.36732102247067,29.452289903029534,33.36133014198885,6.223236674080743,17.935159552027937,3610.9438957542175,3683.8414082881973,3766.4265689907097,False,True,0,1.0,0.002051533814973583,-0.002051533814973583,1.0239465779109607,0.8805598797818717,1.0304698143296473,-0.006330351775447496
2022-01-25 09:25:39.531119,3898.169181742371,3961.0894181262283,3898.169181742371,3927.892521382214,87655755,79.79128150800352,77.42858962087394,0.0,60.67765507595531,31.539348791800876,12.898584778601064,51.97852282247959,21.25755315108144,41.947864168048454,18.16533390664167,3701.9356576090067,3684.489716871968,3665.44053573267,True,False,1,1.0,0.012004845575863676,0.0,1.0239465779109607,0.9769252194722042,1.0304698143296473,-0.006330351775447496
2022-02-17 09:25:39.531119,3948.542253907061,4033.175193498318,3933.3336580986497,3945.6303277023244,106399303,99.84153539966837,0.0,21.33637209788185,78.70381798754904,28.01292912406734,17.92078531883934,35.592846497610815,22.76990592968998,21.97110320301232,32.58306121949652,3975.9007775390696,3809.0993705926235,3706.0326584338077,True,False,0,-1.0,-0.006090209806195568,-0.006090209806195568,1.0285705756355044,0.9813368754016617,1.0615999793435222,-0.03111285262876773
2022-02-25 09:25:39.531119,4097.69115839188,4097.69115839188,4029.838281637013,4039.6761131237704,119520814,147.4661396009933,124.35896582935584,0.0,72.47873437666333,27.966648662933494,15.930815890549022,38.58600581736729,21.979986305718963,27.418059094781217,19.554004510180892,3987.784546140825,3836.1209289492563,3724.445237666071,True,False,1,1.0,0.022644556679017658,0.0,1.0285705756355044,1.004727459299551,1.0615999793435222,-0.03111285262876773
2022-03-03 09:25:39.531119,3992.5542468936655,3992.5542468936655,3983.450146143165,3983.450146143165,79273815,21.5325658014508,0.0,0.0,64.28201285478579,22.12147457400634,13.730211763484801,34.413164105453795,21.359337011586106,23.405489860449197,19.097546892526925,3991.911510396848,3856.6333462830753,3739.28391043825,True,False,0,-1.0,-0.005376444132263347,-0.005376444132263347,1.0142544835520269,0.9907432260667038,1.0615999793435222,-0.04459824483113983
2022-03-04 09:25:39.531119,4034.584771680638,4034.584771680638,3982.6436950628104,4022.472863326771,95930777,51.94107661782755,42.030524786972364,0.0,64.6296646164552,23.34272658666438,13.730211763484801,36.11766628403816,21.244442230927167,25.928656456606163,20.311263560928648,3994.2000138347257,3863.5119354905446,3743.5386892293545,True,False,1,1.0,0.009796210760008695,0.0,1.0142544835520269,1.0004487555183041,1.0615999793435222,-0.04459824483113983
2022-03-15 09:25:39.531119,4000.6855662276184,4000.6855662276184,3977.438696004269,3996.6155378545664,105870750,32.85086583502607,0.0,32.336400082068394,50.784623672709586,18.69502837782027,16.33642418277564,36.8123794680525,32.16805206248764,6.732818717593332,22.857931295110273,3997.2616323514885,3911.515502420495,3772.615907979507,True,False,0,-1.0,-0.003409734826843036,-0.003409734826843036,1.0077346363873756,0.9940176545591036,1.0615999793435222,-0.050739773930154164
2022-03-17 09:25:39.531119,4068.3282601551214,4099.374891391356,4051.5774113336047,4051.5774113336047,93466535,123.48849299563744,106.03469787206905,0.0,48.90207503569919,17.386152095156927,14.927938861914104,35.55299459678305,30.52618697880714,7.607248604048733,20.60855160494799,4002.862942104331,3925.9089042199794,3782.3775695470877,True,False,1,1.0,0.01903751902177775,0.0,1.0077346363873756,1.0076874889598213,1.0615999793435222,-0.050739773930154164
2022-03-18 09:25:39.531119,4078.168504955318,4081.4627154608975,4073.55563312587,4073.55563312587,102495041,29.885304127292784,0.0,0.0,48.81918513030252,17.386152095156927,14.927938861914104,35.613359888641774,30.578017273475943,7.607248604048731,17.674231202380007,4007.7023222530383,3935.0859843264484,3787.708731586089,True,False,0,-1.0,0.0054246086304028385,0.0054246086304028385,1.0132012023930783,1.0131537992091817,1.0615999793435222,-0.04559040871531761
2022-03-21 09:25:39.531119,4020.3431740505857,4027.741440428523,3995.7684850655974,4027.741440428523,130308896,77.78714806027256,0.0,77.78714806027256,45.61948438698106,17.386152095156927,11.728238118592637,38.11124200281099,25.708835328133727,19.43339336673548,18.552401469393224,4011.4839066030554,3943.065031698992,3792.5251481174423,True,False,1,1.0,-0.011246733032142409,-0.0,1.0132012023930783,1.0017591289089751,1.0615999793435222,-0.04559040871531761
2022-04-06 09:25:39.531119,4065.0798872597215,4075.593680335281,4063.0823791370553,4075.593680335281,101655458,143.102198735995,0.0,141.69332212773543,65.04089039806756,26.47350592577241,22.33418387658318,40.702865172582214,34.33868100496784,8.480880914362514,32.917985096125044,4112.027140578635,4041.3430465584474,3866.695044726721,True,False,0,-1.0,-0.03104735303932038,-0.03104735303932038,1.0252387047322482,1.0136606918256443,1.0656236102370098,-0.037897907963750366
2022-05-11 09:25:39.531119,4156.153140142619,4237.082874458968,4156.153140142619,4165.2450329218245,49364613,100.96736994877301,40.55215480432071,0.0,63.19161333321453,25.078041428073902,10.502421095043376,39.685711608335346,16.619960373005913,40.96523569237044,23.157029652894742,4085.5813354551865,4082.1135627470753,3966.8906724862386,True,False,1,1.0,0.0070427260505334655,0.0,1.0252387047322482,1.0359583149975653,1.0656236102370098,-0.037897907963750366
2022-07-20 09:25:39.531119,4643.274642697878,4643.274642697878,4631.701017352034,4641.426394420798,120977282,25.095163270601006,0.0,0.0,62.544021917496856,14.400110604704357,19.050914609983984,23.023960025627787,30.460008848030988,13.903322769424292,43.32876496525105,4650.610808401678,4443.968633345224,4263.041098046149,True,False,0,-1.0,-0.0033005065297451175,-0.0033005065297451175,1.1424465900840461,1.1543916933445009,1.1636438855373132,-0.01821630802750207
2022-09-16 09:25:39.531119,4763.037422204811,4849.318785723264,4677.988551028008,4735.122930449645,109179880,171.33023469525597,0.0,92.41248546927181,74.97915932433905,30.42794763810395,15.248922416106,40.58187356633473,20.337547864658482,33.23131642773087,19.406351472394448,4558.575074801199,4556.062743365237,4456.540610395798,True,False,1,1.0,-0.009005010497418864,-0.0,1.1424465900840461,1.1776954137303017,1.1636438855373132,-0.01821630802750207
2022-09-21 09:25:39.531119,4550.542664186214,4558.405568770585,4549.3725480588055,4555.124200269135,95722496,109.03956759373068,0.0,109.03956759373068,78.37164564424054,25.08469309602216,20.49698700518411,32.00735787773471,26.153574850562567,10.06480252735713,23.07905141847311,4584.132136258677,4552.111828286798,4472.252986963079,True,False,0,-1.0,-0.022172343884378054,-0.022172343884378054,1.0990181641414372,1.1329270556275621,1.1636438855373132,-0.055537370323597846
2022-11-02 09:25:39.531119,4349.502909333286,4353.649753753087,4314.443697649375,4353.649753753087,103028060,110.95507878672015,0.0,103.60935204321595,64.3307411241452,12.444312355657464,27.315244815287056,19.344270154827658,42.46064064857298,37.40215816713614,19.36643568098537,4503.3831235456,4542.951480913163,4554.5071968095945,False,True,-1,-1.0,-0.01621300730344355,-0.0,1.0990181641414372,1.0828173678473398,1.1636438855373132,-0.055537370323597846
2022-11-04 09:25:39.531119,4425.848247792824,4425.848247792824,4416.232203124163,4416.232203124163,84348028,20.444181774949357,0.0,0.0,62.23576285570477,19.595994820714946,19.159184985026968,31.486711050925443,30.784847981132707,1.127100526632726,19.32594192945364,4484.607599700513,4539.003877438456,4552.456449364553,False,True,0,1.0,0.00245792144012702,-0.00245792144012702,1.0832843213634724,1.098382552677151,1.1636438855373132,-0.06905855405817285
2022-11-07 09:25:39.531119,4368.234558050178,4379.4702158536475,4349.630155699235,4379.4702158536475,114140647,66.60204742492806,0.0,66.60204742492806,61.647621479679856,17.981379939249305,23.916474086807543,29.168002767432455,38.79545311361418,14.165628014902918,19.801945148409768,4473.735958294357,4536.554573096729,4550.779828857214,False,True,-1,-1.0,-0.008324287668684871,-0.0,1.0832843213634724,1.089239300338402,1.1636438855373132,-0.06905855405817285
2022-11-08 09:25:39.531119,4449.454599740413,4452.149720928821,4443.687877616137,4443.687877616137,141694258,72.67950507517344,72.67950507517344,0.0,62.91602617785884,23.17277315890455,21.075018462142776,36.83127267668952,33.49705908406436,4.740925184984682,18.530540672250332,4470.238748291152,4535.255846472103,4549.41302843855,False,True,0,1.0,0.0146633402209293,-0.0146633402209293,1.0673997548033214,1.105211186781271,1.1636438855373132,-0.08270926520578159
2022-12-02 09:25:39.531119,4602.104539125125,4674.977019769701,4602.104539125125,4641.806218072972,82483151,99.75992959174346,89.501542343648,0.0,67.68438439003187,26.589847501446652,22.432296052440183,39.28505480410728,33.14249845750813,8.480966248316625,27.259551966267132,4614.646897788735,4551.29246229979,4548.246608622435,True,False,1,1.0,0.01455431001033114,0.0,1.0673997548033214,1.1544861611291322,1.1636438855373132,-0.08270926520578159
2022-12-05 09:25:39.531119,4645.654783749839,4645.654783749839,4643.229875090125,4643.229875090125,83884006,3.8485656768671106,0.0,0.0,61.571669351859065,20.202234914926198,22.432296052440183,32.810926076208816,36.43282095251957,5.230645410925082,24.931767254223093,4627.834880750559,4554.348543835273,4547.720560013255,True,False,0,-1.0,0.0003067032422874316,0.0003067032422874316,1.0677271297689364,1.1548402457779265,1.1636438855373132,-0.0824279291633
2022-12-06 09:25:39.531119,4720.892475737792,4771.583381414547,4714.670666038063,4716.910890614356,120205491,128.3535063244226,125.92859766470792,0.0,67.56569027211228,29.19713474811962,19.692489001758922,43.21296005492115,29.14569350575701,19.441028621915525,24.130623095069968,4641.496031400469,4558.660113480367,4548.321707113172,True,False,1,1.0,0.015868483255484067,0.0,1.0677271297689364,1.1731658088808126,1.1636438855373132,-0.0824279291633
2022-12-07 09:25:39.531119,4648.422929266041,4650.05166015295,4648.422929266041,4650.05166015295,99112770,68.48796134831446,0.0,66.24773677202211,69.47257675991308,27.716554695929776,24.4244701997605,39.89567681031046,35.15699480122617,6.313808565817785,22.547727016567187,4651.738870330251,4560.036549769553,4548.407959770494,True,False,0,-1.0,-0.01417436793102056,-0.01417436793102056,1.0525927725816588,1.1565369250616426,1.1636438855373132,-0.09543393329856797
2022-12-23 09:25:39.531119,4340.039527493253,4351.161151952404,4340.039527493253,4351.161151952404,126677714,57.86813411748426,0.0,5.291998981756478,70.73826035303611,12.103313851607579,31.983469919779118,17.109996473200095,45.21382030058133,45.09323286375497,20.825834187132813,4537.153966392244,4537.937316241893,4539.914844851281,False,True,-1,-1.0,-0.010629261288585767,-0.0,1.0525927725816588,1.0821984156109752,1.1636438855373132,-0.09543393329856797
2023-01-16 09:25:39.531119,4250.1463412256,4328.360268990954,4244.393504426364,4251.073127165863,70119244,83.96676456458954,69.77271158109306,0.0,71.75342433611624,25.13697129070923,23.79539484917385,35.03243437269214,33.16273065618238,2.7416954203690285,44.61205492968366,4316.706696927186,4487.585903531796,4512.0702383142625,False,True,0,1.0,-0.0017645358097481134,0.0017645358097481134,1.0762730143544146,1.0573050370246575,1.1636438855373132,-0.07508385707071807
2023-01-24 09:25:39.531119,4178.9305661934395,4178.9305661934395,4166.186844501429,4166.186844501429,65070665,95.49367829851326,0.0,95.49367829851326,69.57812036522026,23.081561461520973,23.08606889973115,33.17359155488003,33.18006979572144,0.009763200265880317,20.7661542027976,4277.370993454711,4456.914951637069,4498.53255790841,False,True,-1,-1.0,-0.022407516890959656,-0.0,1.0762730143544146,1.0361925575281588,1.1636438855373132,-0.07508385707071807
2023-01-25 09:25:39.531119,4106.500295273957,4106.500295273957,4105.739977982466,4105.739977982466,106632953,60.44686651896245,0.0,60.44686651896245,71.05838011515223,23.081561461520973,25.492904699694723,32.48253256564055,35.87600035123614,4.96421974082155,17.566514554508718,4265.309855431364,4446.138791418673,4494.137016476675,False,True,0,1.0,-0.014508918772747958,0.014508918772747958,1.0918885720969833,1.0211585238780567,1.1636438855373132,-0.0616643238813539
2023-04-26 09:25:39.531119,4072.2743782811717,4072.2743782811717,4014.442456389536,4061.1321564418345,93371372,57.83192189163583,0.0,57.033943586528494,51.44929497845055,7.226467476939043,32.163136094741176,14.04580467033773,62.514240687287646,63.30774203508549,21.216058483700316,4224.575531320161,4322.9725542074975,4330.126685683418,False,True,-1,-1.0,-0.002540661548299905,-0.0,1.0918885720969833,1.0100638960053416,1.1636438855373132,-0.0616643238813539
2023-05-04 09:25:39.531119,4157.732680889598,4177.984567000439,4157.732680889598,4177.984567000439,71903661,64.42451166790761,46.609200385162694,0.0,55.279637920056466,18.91596234772016,27.27500490370741,34.21867989634046,49.3400570806046,18.096703865253883,28.55798989978621,4154.556592288075,4293.719556597979,4304.602517593267,False,True,0,1.0,0.015661497778400424,-0.015661497778400424,1.0606798433127262,1.0391268263705162,1.1636438855373132,-0.0884841518133731
2023-05-05 09:25:39.531119,4070.9807552064526,4079.6948684362164,4052.6851737071875,4079.6948684362164,102144159,125.29939329325134,0.0,105.0475071824103,59.352306596903254,14.954968335968747,34.778398273879574,25.1969454827372,58.596540333436955,39.85941690499864,30.72109850274299,4141.906085765752,4286.2323919364,4301.212510643216,False,True,-1,-1.0,-0.02352562509219347,-0.0,1.0606798433127262,1.0146807182300825,1.1636438855373132,-0.0884841518133731
2023-05-17 09:25:39.531119,4139.9087091374295,4139.9087091374295,4117.4693130456035,4134.739323354529,113951739,57.284247070665515,38.671390875038014,0.0,66.50196533683827,21.348849819603238,21.71169419893392,32.10258480553085,32.64819932608351,0.8426377037282231,22.46811146784987,4095.487196767088,4231.281003210533,4276.389063574587,False,True,0,1.0,0.012765039197698558,-0.012765039197698558,1.0462349402166211,1.0283710918615068,1.1636438855373132,-0.1008976601690117
2023-06-08 09:25:39.531119,4092.591005180709,4148.679362930371,4085.871019304217,4108.6076011266105,65055566,98.04852533195753,0.0,98.04852533195753,59.783567141065795,17.8618437832877,23.448775778928425,29.877514235878145,39.22277793092959,13.524202868045807,23.71382312071774,4173.365763237534,4173.92628774735,4262.262221781574,False,True,-1,-1.0,-0.018000332632140292,-0.0,1.0462349402166211,1.0218717443529572,1.1636438855373132,-0.1008976601690117
2023-06-09 09:25:39.531119,4070.159734087431,4118.126708137428,4070.159734087431,4097.001418042056,101892420,47.966974049997134,0.0,15.71128521678611,61.32617156968432,17.8618437832877,23.84065331538568,29.125972364003623,38.87516977689661,14.336814215108893,23.917062346729804,4174.394086836293,4168.077266911716,4260.52322638785,False,False,0,1.0,-0.002824845838617529,0.002824845838617529,1.0491903926337083,1.018985114208321,1.1636438855373132,-0.0983578346658488
2023-07-31 09:25:39.531119,4378.843665149077,4495.811155096782,4378.843665149077,4417.107187431873,66510610,158.86159981108995,126.95804487295663,0.0,69.82723104443026,27.620088563560266,9.538854538955873,39.55489592016892,13.66065129073557,48.65917196493154,24.468318925827923,4276.301796288142,4224.672660159333,4219.538991015845,True,False,1,1.0,0.01848249123591672,0.0,1.0491903926337083,1.0986001742724956,1.1636438855373132,-0.0983578346658488
2023-08-03 09:25:39.531119,4236.614493335531,4247.25055320191,4159.11734183888,4247.25055320191,103211788,166.55437316282496,0.0,145.08173367677227,80.63990582429558,22.507572685294367,25.2335919182557,27.911209041260037,31.29169318877503,5.709997348407007,20.5744205440295,4282.515730838417,4235.581102230241,4217.6382877153155,True,False,0,-1.0,-0.01812924488185841,-0.01812924488185841,1.0088445415603526,1.0563543060949407,1.1636438855373132,-0.13302982630762672
2023-08-04 09:25:39.531119,4347.961110338602,4347.961110338602,4258.302354343912,4309.1559173753085,127242648,100.71055713669193,100.71055713669193,0.0,85.18914806057533,29.70118390934379,22.589222930486034,34.86498525401875,26.516549871379798,13.600890504911014,19.738220244845472,4285.328732200597,4239.131888355359,4217.272352779114,True,False,1,1.0,0.014575397283009162,0.0,1.0088445415603526,1.071751089777892,1.1636438855373132,-0.13302982630762672
2023-08-10 09:25:39.531119,4294.265991890585,4320.487537240231,4290.658753155585,4290.658753155585,116411070,50.878338026775964,0.0,17.715057535774577,87.56739280561916,33.53442464601936,19.140325239876933,38.29556136318754,21.857822445809653,27.326374472252514,20.790320187357022,4299.201441867244,4246.522256328186,4216.034222165165,True,False,0,-1.0,-0.01171896887167212,-0.01171896887167212,1.004514050040617,1.06715057025843,1.1636438855373132,-0.13675131840117738
2023-08-11 09:25:39.531119,4403.772960372303,4405.868865337612,4393.402540654934,4393.402540654934,103686181,115.21011218202693,85.3813280973809,0.0,89.9436950332421,35.145411583335445,19.140325239876933,39.074902993863134,21.28034125438465,29.48304155027107,22.138588005783667,4303.07612180508,4247.947155004745,4216.864756876921,True,False,1,1.0,0.02394592378706073,0.0,1.004514050040617,1.0927044764831568,1.1636438855373132,-0.13675131840117738
2023-09-08 09:25:39.531119,4499.398060644254,4501.603467161193,4499.398060644254,4501.603467161193,72368165,52.153632412785555,0.0,27.44356948490622,79.74795023601708,33.45071292280792,19.05273728190702,41.94554571472905,23.891193724126733,27.42291332238566,42.11140840267693,4516.963723151994,4382.575304879274,4267.021980053896,True,False,0,-1.0,-0.010973889623628219,-0.010973889623628219,1.0292532697904986,1.1196156542454818,1.1636438855373132,-0.11549118885694121
2023-11-03 09:25:39.531119,3985.7996346559607,3993.9283229482985,3985.7996346559607,3993.9283229482985,109019252,68.67324403510702,0.0,68.67324403510702,71.07839506228599,12.14345764468437,34.06285538714825,17.084597413944223,47.92293826738627,47.43810164503514,29.12722269930888,4184.858806592219,4302.170431399002,4304.327936251081,False,True,-1,-1.0,-0.01493278104312179,-0.0,1.0292532697904986,0.9933493042929529,1.1636438855373132,-0.11549118885694121
2023-11-24 09:25:39.531119,4006.457110371325,4059.1560453024495,4006.457110371325,4013.509814522648,81972486,61.00069948434157,61.00069948434157,0.0,66.12878303170318,26.49875223653271,21.557679181201202,40.0714348906569,32.599540159186226,10.2818143369425,18.968380357513556,4021.3937265113796,4149.030545768284,4272.498275274624,False,True,0,1.0,0.00384038822318411,-0.00384038822318411,1.0229594085607234,0.9982195121333475,1.1636438855373132,-0.1208999408883833
2024-01-15 09:25:39.531119,3853.3309898144817,3868.944552682516,3837.4520845320176,3868.944552682516,116672064,36.988368679208634,0.0,36.988368679208634,53.66434309500346,8.82764562725278,18.38357716921376,16.449741333132422,34.25659592379395,35.117611631925065,19.35565033649467,3901.8862104195737,3960.46078482496,4124.758335533844,False,True,-1,-1.0,-0.0014185017411108003,-0.0,1.0229594085607234,0.9622639839760935,1.1636438855373132,-0.1208999408883833
2024-01-31 09:25:39.531119,3894.9309165915765,3946.541306937055,3882.9811081572598,3884.7511515546125,112051605,102.52951719259681,94.6630846053863,0.0,58.609660813059236,20.24960383373439,14.478197942472272,34.549942028025576,24.70274992488317,16.618978443997936,30.338607125643847,3863.5790144695106,3921.222238899234,4042.270057585723,False,True,0,1.0,0.010598136540278968,-0.010598136540278968,1.0180361901312558,0.9661953199248678,1.1636438855373132,-0.12513080437734003
2024-02-21 09:25:39.531119,3652.59689551752,3668.6359735336764,3607.5402739978063,3668.6359735336764,113717156,93.10665719428789,0.0,93.10665719428789,51.69404999552473,5.579003253324507,35.45927137294344,10.792350867860991,68.59449274338773,72.81073191243047,18.061938383398914,3840.229538719102,3870.5932011784053,3979.4978938270215,False,True,-1,-1.0,-0.008650097740641849,-0.0,1.0180361901312558,0.9124442647292226,1.1636438855373132,-0.12513080437734003
2024-03-01 09:25:39.531119,3814.6908684914665,3824.765343769438,3788.330650492058,3819.758969562984,109726199,36.43469327738012,21.088298155783377,0.0,49.16518054761741,20.196871455098908,21.76895472098152,41.07962429943251,44.2771784391148,3.746103458767753,29.024001344090212,3805.989559722064,3853.880456175707,3943.704650502839,False,True,0,1.0,0.0082497402527959,-0.0082497402527959,0.9766516963007698,0.950030798795403,1.1636438855373132,-0.1606953738687844
2024-04-04 09:25:39.531119,4177.4532286266885,4177.4532286266885,4162.742729425741,4168.0075147524,89040083,40.54945264840262,37.49268785374625,0.0,62.57363710406532,23.25148669168207,14.417873637013113,37.15859868112326,23.041450528175233,23.450393045139727,59.40599389049453,4096.624673819567,3936.3313804408917,3934.4797843438387,True,False,1,1.0,0.007518603394820023,0.0,0.9766516963007698,1.0366453852658917,1.1636438855373132,-0.1606953738687844
2024-04-30 09:25:39.531119,4370.9348101277155,4370.9348101277155,4247.414081344529,4351.340273757444,107984563,123.52072878318631,0.0,85.06602353674043,69.9318193150121,20.19419342940312,21.641376187135457,28.87697421174924,30.94639378628285,3.45921609529187,27.59728888846745,4274.698254839464,4092.7784028215447,3984.998232754764,True,False,0,-1.0,-0.0038959154123714423,-0.0038959154123714423,1.0196104120506897,1.0822429658647672,1.1636438855373132,-0.1237779661602536
2024-05-01 09:25:39.531119,4347.0750084609335,4447.8466713479165,4309.34975424022,4360.995128850311,149843679,138.4969171076964,76.91186122020099,0.0,71.03480599566514,23.059797644246437,21.641376187135457,32.46267420742115,30.465876388057016,3.1731190381296015,25.68066135197659,4285.902822483065,4106.625585927877,3988.609393553141,True,False,1,1.0,0.0022188232786790607,0.0,1.0196104120506897,1.0846442717506146,1.1636438855373132,-0.1237779661602536
2024-05-20 09:25:39.531119,4347.50063435394,4447.4048633344855,4347.50063435394,4400.585233344384,101386743,114.81899795418667,0.0,113.95580368466653,63.860980522914424,20.07759691994527,20.231649925214374,31.439537500901793,31.680769320406704,0.3821778309599006,18.403621484233877,4352.4595491186465,4246.437113157153,4049.208261633425,True,False,0,-1.0,-0.01383459815759791,-0.01383459815759791,1.0288666670025202,1.0944909188549472,1.1636438855373132,-0.1158234234802511
2024-05-22 09:25:39.531119,4460.938826760258,4522.2664515947245,4460.509271248393,4460.509271248393,66100531,105.46268804991814,94.30721775439724,0.0,60.237463934043845,21.320122386673575,20.231649925214374,35.393459475680686,33.58649020710223,2.619557243645638,18.43565697694023,4367.215877068726,4264.588654038668,4058.9349662813024,True,False,1,1.0,0.009895279492451392,0.0,1.0288666670025202,1.109394917261817,1.1636438855373132,-0.1158234234802511
2024-05-23 09:25:39.531119,4474.38531579516,4488.36071617216,4447.357396533835,4468.51166211426,116404647,41.00331963832559,0.0,13.15187471455829,61.263876562021515,21.320122386673575,21.171069547682823,34.80047881901464,34.55718236545142,0.35078526208683053,17.90449641643953,4374.8744278609975,4273.905344410997,4064.199226284427,True,False,0,-1.0,0.0017940531852380648,0.0017940531852380648,1.0307125085236413,1.1113852307468175,1.1636438855373132,-0.11423716367683301
2024-05-24 09:25:39.531119,4519.890521642213,4570.182479770192,4507.246315861513,4520.398295560092,116346124,101.6708176559323,81.8217635980318,0.0,64.57466499715689,27.164534072247275,18.410950899989206,42.066860236043475,28.51110555633515,19.206780087124795,18.614433902324084,4384.783572820247,4282.698481291465,4069.9953522644146,True,False,1,1.0,0.011611614194888986,0.0,1.0307125085236413,1.1242902072681473,1.1636438855373132,-0.11423716367683301
2024-05-28 09:25:39.531119,4595.712982720579,4630.244394977113,4568.738855767133,4568.738855767133,124369604,129.0575254158657,108.05744911631973,0.0,72.9610334258508,32.06078940658777,21.923350757643806,43.942345524985846,30.04802663592228,18.77854980759842,16.78880451726799,4402.294893847134,4299.838310347775,4082.279359094114,True,False,0,-1.0,0.015007594255350254,0.015007594255350254,1.0417348160321136,1.136313222697565,1.1636438855373132,-0.10476492939152782
2024-06-05 09:25:39.531119,4760.147271695278,4776.215924446114,4760.147271695278,4776.215924446114,130657467,37.5118135823368,0.0,13.724778945745129,85.5133709822833,36.89483775735899,13.828487434992569,43.14510974547229,16.171140578538953,45.47483871551176,19.18634391096074,4515.1271275636145,4367.545587700288,4133.076777951866,True,False,1,1.0,-0.004469504908613198,-0.0,1.0417348160321136,1.1879158517795179,1.1636438855373132,-0.10476492939152782
2024-06-13 09:25:39.531119,4601.026028041949,4645.338805575726,4572.695729873456,4572.695729873456,117088040,72.64307570226993,33.584436940082014,0.0,81.2000471759732,26.713084585048495,19.472874948820586,32.897868306846014,23.981359156873175,15.676213527443384,31.35847441710367,4605.415194210622,4430.884039675305,4183.607710058099,True,False,0,-1.0,-0.007071480020479526,-0.007071480020479526,0.9973452666889158,1.1372973560677377,1.1636438855373132,-0.14291195177088822
2024-06-18 09:25:39.531119,4659.434315443062,4660.62015668805,4659.434315443062,4660.62015668805,101490191,73.57899934950092,73.57899934950092,0.0,69.45151818009695,19.1036647947732,18.55279356772248,27.506475445554514,26.713301672704453,1.4628864503077286,30.24257254943306,4632.501678819724,4452.599662251709,4206.961917954407,True,False,1,1.0,0.01604062331810252,0.0,0.9973452666889158,1.1591654671464464,1.1636438855373132,-0.14291195177088822
2024-06-19 09:25:39.531119,4612.4233036152855,4616.424397057416,4612.4233036152855,4616.424397057416,120512642,48.1968530727645,0.0,47.0110118277762,70.77586370988463,19.1036647947732,21.654096645580662,26.991779108596255,30.595312456153646,6.25753662781466,28.791239524150424,4640.297435110175,4458.615632090882,4214.278650409435,True,False,0,-1.0,-0.00948280661044909,-0.00948280661044909,0.987887634401058,1.148173325191986,1.1636438855373132,-0.1510395519803721
2024-07-09 09:25:39.531119,4722.145399701732,4802.728299153412,4713.303327961632,4713.303327961632,69828880,89.42497119178006,0.0,13.927868480064717,68.06286488845899,22.413515962599572,17.75818293564836,32.930609076374765,26.09085433701676,11.588588868852266,18.104544044953617,4673.796529527892,4573.06242584179,4332.920414331667,True,False,1,1.0,-0.005434435198472309,-0.0,0.987887634401058,1.17226855445822,1.1636438855373132,-0.1510395519803721
2024-07-10 09:25:39.531119,4691.140161219471,4691.140161219471,4683.699750622241,4683.699750622241,103699411,29.60357733939145,0.0,29.60357733939145,66.77350727201636,19.009617107628987,19.87272417417632,28.468801301973233,29.76139038678988,2.219791910913601,17.227545954624112,4677.718429743929,4579.516518277229,4343.071052102553,True,False,0,-1.0,-0.006280855544299135,-0.006280855544299135,0.9816828548753855,1.1649057050085436,1.1636438855373132,-0.15637174991720693
2024-07-26 09:25:39.531119,4815.404383251978,4826.659147822904,4815.404383251978,4826.659147822904,98097767,42.126874295281596,0.0,42.126874295281596,62.18760067508505,25.63481862301439,13.515221854661636,41.22175215755634,21.732984884358785,30.95679243362096,19.0445273513429,4758.855661597263,4677.773139490624,4457.533025900249,True,False,1,1.0,-0.006355514372941906,-0.0,0.9816828548753855,1.200461830774614,1.1636438855373132,-0.15637174991720693
2024-08-08 09:25:39.531119,4751.908822033609,4800.480230280027,4751.908822033609,4800.480230280027,82576139,86.10245638811466,0.0,81.63357136671584,77.71944871926085,30.2316120026913,18.277485996505156,38.898387084414736,23.517261506225186,24.64305975424272,32.78285197738346,4815.012593961527,4739.761913952436,4530.182431049607,True,False,0,-1.0,-0.007757536306103874,-0.007757536306103874,0.9763583863923296,1.1939507450901414,1.1636438855373132,-0.16094743544199042
2024-08-12 09:25:39.531119,4884.865336744982,4884.865336744982,4880.2281674873,4880.2281674873,114764744,88.26055677521799,88.26055677521799,0.0,74.69415109107922,34.157334750093206,15.727673167279656,45.72959763401427,21.056097348374607,36.94428918070848,35.13086390564873,4819.505463424579,4745.9515100473345,4543.412865777418,True,False,1,1.0,0.017433870696777154,0.0,0.9763583863923296,1.213785241740588,1.1636438855373132,-0.16094743544199042
2024-10-21 09:25:39.531119,5668.224748195158,5738.956024125794,5648.887762970657,5648.887762970657,95597725,92.9424471799457,0.0,64.01758447271641,92.84722422290335,42.1149467526621,25.602341864752816,45.3594031541045,27.574698198072017,24.38462204415952,35.73934630951734,5675.693163323788,5427.704666703392,5086.828088375363,True,False,0,-1.0,-0.016186902743247078,-0.016186902743247078,1.1301395655861537,1.4049623016853818,1.1636438855373132,-0.028792588838885913
2024-10-24 09:25:39.531119,5684.838707153357,5710.323806305032,5684.838707153357,5710.323806305032,70447751,82.65876165741156,27.223339711093104,0.0,93.01454315700578,33.94839517802893,27.55234531538404,36.49794325251381,29.62154559946234,10.399955856352552,33.1279617978213,5697.506094103567,5475.29845368247,5112.991615448663,True,False,1,1.0,0.014687932028937478,0.0,1.1301395655861537,1.4202423583038402,1.1636438855373132,-0.028792588838885913
2024-10-28 09:25:39.531119,5643.589203971305,5683.025849372032,5634.209509581512,5664.285486941335,137843835,66.99598446089203,0.0,0.4988028303041574,97.32837452249454,31.27874512892991,28.34327425431723,32.13733434097449,29.12128594911089,4.9234677137378196,28.675400246234727,5701.8779744831645,5503.710428002429,5132.260201005986,True,False,0,-1.0,-0.006475824654917139,-0.006475824654917139,1.1210280461678404,1.4087919443722785,1.1636438855373132,-0.03662275022378947
2024-10-29 09:25:39.531119,5765.100825846897,5849.169949737054,5765.100825846897,5765.512283586574,82325617,184.88446279571872,166.1441003650216,0.0,99.61016166910895,35.61757688597494,28.34327425431723,35.756971265935256,28.454199631228015,11.373054770178415,26.28721928789594,5708.442319162227,5518.958612977603,5143.4252275245935,True,False,1,1.0,0.017871061915684106,0.0,1.1210280461678404,1.4339685524364725,1.1636438855373132,-0.03662275022378947
2024-10-30 09:25:39.531119,5703.960605314583,5726.807071831983,5676.883590134805,5676.883590134805,84539405,88.62869345176932,0.0,88.21723571209259,101.15866309396162,35.61757688597494,32.28047968132387,35.209616059171736,31.910741694302562,4.914864096799928,23.998215092680145,5710.155697396211,5532.988468433317,5154.141445962927,True,False,0,-1.0,-0.015372214834071252,-0.015372214834071252,1.1037953622071293,1.4119252797831168,1.1636438855373132,-0.051431992273606064
2024-12-23 09:25:39.531119,5764.18974195126,5854.878724973122,5733.06421599506,5733.06421599506,121659998,128.81825112470233,97.69007114532997,0.0,83.98234968597697,42.32660441838483,18.59018652901945,50.39940484715011,22.135825680671047,38.96531238794155,30.29117494604664,5576.695728873056,5564.234346342326,5453.011130763797,True,False,1,1.0,0.0012231345055866427,0.0,1.1037953622071293,1.4258982360057832,1.1636438855373132,-0.051431992273606064
2024-12-30 09:25:39.531119,5620.682000370955,5620.682000370955,5572.595883012289,5572.595883012289,97010886,106.77313715176024,0.0,70.6541817396037,92.4878139733926,29.791792603080857,30.8326952474392,32.21158693582218,33.337035359392665,1.7169673200784294,31.212498935634756,5652.420030983069,5561.696345034934,5494.700505869164,True,False,0,-1.0,-0.018800176000656532,-0.018800176000656532,1.072900155899598,1.3859873778129612,1.1636438855373132,-0.0779823885688311
2025-01-16 09:25:39.531119,5474.256537275823,5474.256537275823,5452.222315254891,5452.222315254891,98734520,22.034222020931338,0.0,7.079941575140765,85.31057253870729,22.078444095678865,30.416452879495473,25.880079618105235,35.6537905846252,15.883465373329104,21.79739515090795,5509.486770548643,5510.461342734888,5545.980783764776,False,True,-1,-1.0,-0.001722895809133651,-0.0,1.072900155899598,1.3560486833451546,1.1636438855373132,-0.0779823885688311
2025-01-21 09:25:39.531119,5351.0495193862125,5362.267334950577,5351.0495193862125,5362.267334950577,102517730,119.81253013263449,0.0,69.02948887858383,80.39547286234698,22.078444095678865,18.992164222282423,27.46229770111751,23.623424984141558,7.514570637724716,21.749612530438075,5466.3188953141025,5509.568672594601,5551.036219179835,False,True,0,1.0,-0.019849653232952735,0.019849653232952735,1.0904606010776101,1.3336755434493903,1.1636438855373132,-0.06289147854363597
2025-02-25 09:25:39.531119,5989.411268160401,6012.8293294308105,5989.411268160401,6012.8293294308105,87371948,55.720290119710626,0.0,0.0,94.72130760002347,48.667906492232824,12.356446691717208,51.380104144825765,13.045055019610125,59.503227655784265,57.799829934005324,5688.895036936137,5568.698897098377,5565.724284580086,True,False,1,1.0,-0.005343511309535698,-0.0,1.0904606010776101,1.495479975667976,1.1636438855373132,-0.06289147854363597
2025-03-26 09:25:39.531119,6229.5855241319005,6258.234176262168,6195.618605110104,6244.9486864242435,73095806,133.2625045260993,0.0,53.953217900691016,86.19305577238167,25.980529734907186,31.698063908521622,30.14225392300336,36.77565857768143,9.91274892893617,30.658800765925466,6232.564255052743,5854.345132802677,5683.037260621425,True,False,0,-1.0,-0.013261810698918963,-0.013261810698918963,1.1325567590892607,1.553211507918446,1.1636438855373132,-0.026715326599854095
2025-03-31 09:25:39.531119,6422.670783451083,6484.450838534566,6422.670783451083,6458.098384226212,128328235,142.19814811468132,73.91292347993112,0.0,99.53180244751982,33.47641688232209,31.698063908521622,33.63388993178659,31.847171586423418,2.728603208221196,21.48025273400004,6283.91037822458,5908.115135127958,5709.7048029078915,True,False,1,1.0,0.018265701393656908,0.0,1.1325567590892607,1.6062250041310018,1.1636438855373132,-0.026715326599854095
2025-04-01 09:25:39.531119,6452.926001973983,6472.971056765285,6437.513389302217,6437.513389302217,115464799,35.45766746306799,0.0,0.0,97.48065410056908,29.05438579654791,31.698063908521622,29.80528399673335,32.51728684116059,4.351558043844786,18.004217534458025,6304.6138935455665,5929.620056214992,5719.594364404795,True,False,0,-1.0,-0.003187470010409532,-0.003187470010409532,1.128946768384577,1.6011052101003642,1.1636438855373132,-0.029817642307908288
2025-04-10 09:25:39.531119,6695.483685247777,6695.483685247777,6629.513355964551,6650.065212463674,119343562,151.2769826159556,151.2769826159556,0.0,100.62996189212429,45.96408588670335,20.72825700334988,45.676342336268625,20.598494338664914,37.83916982037415,18.75701425591422,6410.790438141604,6102.873373578917,5797.581641860864,True,False,1,1.0,0.016175911709708002,0.0,1.128946768384577,1.653970006008312,1.1636438855373132,-0.029817642307908288
2025-05-01 09:25:39.531119,6770.450318755217,6788.083416151982,6706.631746737109,6732.863286703033,120378464,136.83306691270082,0.0,128.90665204027027,111.6594343582783,34.42693537106009,37.64376391134153,30.832088277104653,33.71301684240591,4.463434616717995,47.80893471449219,6751.314124925256,6445.941402332188,5997.792683706757,True,False,0,-1.0,-0.01616162718133274,-0.01616162718133274,1.1430029641292148,1.6745631170488602,1.1792512304325,-0.03073837479905861
2025-05-26 09:25:39.531119,6745.640095662257,6755.996631097347,6720.154068116597,6720.154068116597,95568006,35.84256298074979,18.698302748871356,0.0,92.42297130783825,29.283093873028715,26.491170585748282,31.68378321823685,28.662972214464617,5.005755457956698,24.8766649053656,6682.532757793435,6619.119100174019,6174.129286062189,True,False,1,1.0,-0.002544678800957989,-0.0,1.1430029641292148,1.6714021455891563,1.1792512304325,-0.03073837479905861
2025-05-27 09:25:39.531119,6710.5857183335,6759.132427214413,6655.179111486906,6702.863995075053,71180367,103.95331572750729,0.0,64.9749566296914,93.83342789984805,24.5551423756585,31.132238916440524,26.168864257913643,33.17819631365182,11.8107484822871,23.531880029111413,6679.816281121914,6628.582729294676,6186.763436841145,True,False,0,-1.0,-0.0025728685482935276,-0.0025728685482935276,1.1400621677522005,1.6671018475772197,1.1792512304325,-0.033232157549605956
2025-06-04 09:25:39.531119,7050.502122263302,7050.502122263302,6998.137534505643,6998.137534505643,117139510,74.48498709146679,42.06356865131329,0.0,125.21029144477345,33.80658777734626,32.702462752456086,26.999847526317232,26.118031014152038,1.6601124449903606,21.679079719364967,6734.157888389518,6696.955749951518,6275.650441377098,True,False,1,1.0,0.003170921014840955,0.0,1.1400621677522005,1.7405407631642107,1.1792512304325,-0.033232157549605956
2025-06-06 09:25:39.531119,6979.600521410243,6979.600521410243,6925.562704535756,6976.689917197505,100575511,59.73491720036691,0.0,59.73491720036691,117.4669598043371,33.80658777734626,32.5650169149294,28.779656708284072,27.722703447141605,1.8706355951061509,17.250783793630664,6767.474351246341,6723.995637990489,6306.18302321215,True,False,0,-1.0,-0.0012322602421167561,-0.0012322602421167561,1.1365681499566265,1.735206422132258,1.1792512304325,-0.03619506969708153
2025-07-04 09:25:39.531119,7110.277406960828,7146.64171642152,6983.90650283264,7146.64171642152,102222587,162.73521358887956,103.41308737977943,0.0,124.22625287139272,52.09224109995148,29.122027828758615,41.933359411460984,23.442732237047895,28.283469855963517,19.185492558146848,7059.637580598629,6874.234058282184,6622.260860366964,True,False,1,1.0,0.019337496229521856,0.0,1.1365681499566265,1.7774759592575233,1.1792512304325,-0.03619506969708153
2025-08-27 09:25:39.531119,7855.0611698558805,8012.776068969833,7852.42360790227,7852.42360790227,53970565,160.35246106756313,0.0,37.045466679724996,92.65415174749803,30.136841373103575,24.826975333583636,32.52616402471934,26.795318790724394,9.66065742460332,37.5376172422426,7929.988170997528,7569.593256801166,7187.531059932944,True,False,0,-1.0,-0.01511551847870618,-0.01511551847870618,1.248812369060258,1.9530144001595955,1.2886927566460253,-0.03094638918399817
2025-08-28 09:25:39.531119,8000.182817937875,8000.182817937875,7971.653863525119,7971.653863525119,83582421,147.75921003560507,0.0,0.0,98.69119065852121,28.485453230233684,24.826975333583636,28.863217720004464,25.156222321287824,6.862335847767071,37.06567907824162,7945.18952104946,7588.325693352933,7200.746946443558,True,False,1,1.0,0.015183879726363925,0.0,1.248812369060258,1.9826687359154755,1.2886927566460253,-0.03094638918399817
2025-08-29 09:25:39.531119,7871.182659087162,7898.117295169216,7839.382805669445,7898.117295169216,91463916,132.27105785567437,0.0,132.27105785567437,102.99180302860285,27.855323273572917,34.27490803756037,27.046155572047752,33.279258183334804,10.332465578374753,36.9394986805331,7955.583497692368,7605.033415428537,7212.216294597517,True,False,0,-1.0,-0.009224756821463953,-0.009224756821463953,1.2372923786400407,1.9643790989691359,1.2886927566460253,-0.03988567309073743
2025-11-12 09:25:39.531119,7305.339365219184,7351.088111562479,7305.339365219184,7351.088111562479,126051807,45.74874634329444,0.0,0.0,90.36538791639585,19.68424602060616,44.39461306813668,21.782948620568764,49.12789519501608,38.56243291302849,50.23436006187027,7418.266628686828,7642.109495600722,7642.456253719941,False,True,-1,-1.0,0.0004492331856176257,0.0,1.2372923786400407,1.8283248148094828,1.2886927566460253,-0.03988567309073743
2025-12-05 09:25:39.531119,7218.765026111743,7287.066796910846,7218.765026111743,7252.190426249452,110556786,184.36558967221754,100.41939674430432,0.0,101.87327874772271,29.10917803630738,40.601777788684366,28.57390907029984,39.85517918710551,16.48607398416538,25.956452084593728,7240.5515297186885,7468.608993420502,7640.808207011998,False,True,0,1.0,0.021046812282976557,-0.021046812282976557,1.2520054929136475,1.803727491332892,1.2886927566460253,-0.028468588453822607
2025-12-08 09:25:39.531119,7146.174043570713,7163.462626772809,7146.174043570713,7163.462626772809,62006594,106.01638267873841,0.0,72.59098254102992,103.94901113454846,29.10917803630738,41.56026891570328,28.003323666667058,39.981399016782305,17.618775038456203,25.683231368599746,7229.459528422778,7450.7056297007,7636.101389115769,False,True,-1,-1.0,-0.012234620750648073,-0.0,1.2520054929136475,1.7816595695389161,1.2886927566460253,-0.028468588453822607
2025-12-10 09:25:39.531119,7204.562399492584,7301.362160617916,7173.812538246414,7226.489396377878,72333184,127.54962237150175,118.14128563820123,0.0,102.65687565822653,38.95914473952929,31.55404118088862,37.950838158405666,30.737387026993552,10.501728807145607,23.274106812687005,7215.0012743279,7415.963762617541,7625.242676260439,False,True,0,1.0,0.0060235543569144845,-0.0060235543569144845,1.2410314917539067,1.7973352634113617,1.2886927566460253,-0.03698419553172838
2026-03-02 09:25:39.531119,7879.958606752152,7909.8105535350805,7855.383930203696,7855.383930203696,124545476,74.53914655776498,7.969741351303128,0.0,88.21472884172552,48.59931106544017,13.599740008403712,55.09205968612888,15.41663187879238,56.27026530595186,19.551617910555848,7579.621728141581,7540.759974056963,7435.329888327287,True,False,1,1.0,0.0025669210652319308,0.0,1.2410314917539067,1.95375067629197,1.2886927566460253,-0.03698419553172838
2026-03-12 09:25:39.531119,7694.0035728114735,7729.279440713619,7636.917598368771,7696.236356217071,75535595,134.80344301681816,0.0,123.18813264882192,107.33900454820657,32.89055283161925,34.90525394259573,30.641753172629727,32.51870472389147,2.9717193538033557,36.14586838904597,7730.328448003289,7595.493703095374,7452.288650407209,True,False,0,-1.0,-0.009712737341774136,-0.009712737341774136,1.2158885893943892,1.9141683104815532,1.2886927566460253,-0.05649458870329771
2026-03-24 09:25:39.531119,7945.325196313394,8075.657976044667,7945.325196313394,7970.0207617666665,133846931,189.18793947037375,115.19105602911623,0.0,150.0560498336627,51.451781472076036,48.7035356005071,34.28837526318358,32.45689570963318,2.743983995954268,23.273494311027356,7821.891312166712,7615.076757777614,7487.495650792637,True,False,1,1.0,0.010594185333222539,0.0,1.2158885893943892,1.9822625592481884,1.2886927566460253,-0.05649458870329771
2026-03-25 09:25:39.531119,7983.270558815155,7983.270558815155,7957.989522648359,7957.989522648359,102886529,25.281036166796184,0.0,0.0,143.4369733748293,43.60097061377083,48.7035356005071,30.397302444351524,33.95465928665065,5.527969539093845,18.856279840311686,7828.510131754575,7625.097734882893,7494.290401303308,True,False,0,-1.0,-0.0015095618290009716,-0.0015095618290009716,1.2140531303915216,1.9792702113536895,1.2886927566460253,-0.057918868457647044
2026-04-01 09:25:39.531119,8161.745833937129,8161.745833937129,8072.721234223992,8072.721234223992,92627612,89.02459971313692,61.82267544419301,0.0,128.0427651590488,60.64267966445329,23.569994222482233,47.36126995471064,18.407907852665222,44.0226912777346,19.516419946554105,7870.430534454735,7687.9156535377215,7528.251562976903,True,False,1,1.0,-0.000344725343784269,-0.0,1.2140531303915216,2.007805692378513,1.2886927566460253,-0.057918868457647044
